cell_type,biological_question,contrast,gene_label,gene_id,regulation,log2FoldChange,abs_log2FoldChange,padj,biotype,chromosome,description
AEC,Infection response,WSN vs mock,Isg15,ENSMUSG00000035692,Upregulated,7.544,7.544,0.00e+00,protein_coding,4,ISG15 ubiquitin-like modifier
AEC,Infection response,WSN vs mock,Ifit3,ENSMUSG00000074896,Upregulated,7.373,7.373,0.00e+00,protein_coding,19,interferon-induced protein with tetratricopeptide repeats 3
AEC,Infection response,WSN vs mock,Gbp2,ENSMUSG00000028270,Upregulated,7.04,7.04,0.00e+00,protein_coding,3,guanylate binding protein 2
AEC,Infection response,WSN vs mock,Gm46878,ENSMUSG00000120951,Upregulated,6.883,6.883,0.00e+00,lncRNA,4,46878
AEC,Infection response,WSN vs mock,Irf7,ENSMUSG00000025498,Upregulated,6.39,6.39,0.00e+00,protein_coding,7,interferon regulatory factor 7
AEC,Infection response,WSN vs mock,Art3,ENSMUSG00000034842,Upregulated,6.317,6.317,0.00e+00,protein_coding,5,ADP-ribosyltransferase 3
AEC,Infection response,WSN vs mock,Oasl2,ENSMUSG00000029561,Upregulated,5.881,5.881,0.00e+00,protein_coding,5,2'-5' oligoadenylate synthetase-like 2
AEC,Infection response,WSN vs mock,Cxcl10,ENSMUSG00000034855,Upregulated,5.823,5.823,0.00e+00,protein_coding,5,C-X-C motif chemokine ligand 10
AEC,Infection response,WSN vs mock,Ifit2,ENSMUSG00000045932,Upregulated,5.125,5.125,0.00e+00,protein_coding,19,interferon-induced protein with tetratricopeptide repeats 2
AEC,Infection response,WSN vs mock,Usp18,ENSMUSG00000030107,Upregulated,5.102,5.102,0.00e+00,protein_coding,6,ubiquitin specific peptidase 18
AEC,Infection response,WSN vs mock,Ccl2,ENSMUSG00000035385,Upregulated,4.933,4.933,0.00e+00,protein_coding,11,C-C motif chemokine ligand 2
AEC,Infection response,WSN vs mock,Ccl7,ENSMUSG00000035373,Upregulated,4.831,4.831,0.00e+00,protein_coding,11,C-C motif chemokine ligand 7
AEC,Infection response,WSN vs mock,Lgals3bp,ENSMUSG00000033880,Upregulated,3.958,3.958,0.00e+00,protein_coding,11,"lectin, galactoside-binding, soluble, 3 binding protein"
AEC,Infection response,WSN vs mock,Tor3a,ENSMUSG00000060519,Upregulated,3.883,3.883,0.00e+00,protein_coding,1,"torsin family 3, member A"
AEC,Infection response,WSN vs mock,Rnf213,ENSMUSG00000070327,Upregulated,3.806,3.806,0.00e+00,protein_coding,11,ring finger protein 213
AEC,Infection response,WSN vs mock,Vcam1,ENSMUSG00000027962,Upregulated,3.79,3.79,0.00e+00,protein_coding,3,vascular cell adhesion molecule 1
AEC,Infection response,WSN vs mock,Bst2,ENSMUSG00000046718,Upregulated,3.644,3.644,0.00e+00,protein_coding,8,bone marrow stromal cell antigen 2
AEC,Infection response,WSN vs mock,Irgm1,ENSMUSG00000046879,Upregulated,3.329,3.329,0.00e+00,protein_coding,11,immunity-related GTPase family M member 1
AEC,Infection response,WSN vs mock,mt-Rnr1,ENSMUSG00000064337,Upregulated,2.953,2.953,0.00e+00,Mt_rRNA,MT,mitochondrially encoded 12S rRNA
AEC,Infection response,WSN vs mock,Ifitm3,ENSMUSG00000025492,Upregulated,2.93,2.93,0.00e+00,protein_coding,7,interferon induced transmembrane protein 3
AEC,Infection response,WSN vs mock,Gprc5a,ENSMUSG00000046733,Downregulated,-2.797,2.797,0.00e+00,protein_coding,6,"G protein-coupled receptor, family C, group 5, member A"
AEC,Infection response,WSN vs mock,mt-Rnr2,ENSMUSG00000064339,Upregulated,2.417,2.417,0.00e+00,Mt_rRNA,MT,mitochondrially encoded 16S rRNA
AEC,Infection response,WSN vs mock,B2m,ENSMUSG00000060802,Upregulated,2.101,2.101,0.00e+00,protein_coding,2,beta-2 microglobulin
AEC,Infection response,WSN vs mock,Samd9l,ENSMUSG00000047735,Upregulated,3.477,3.477,8.16e-298,protein_coding,6,sterile alpha motif domain containing 9-like
AEC,Infection response,WSN vs mock,Lgals9,ENSMUSG00000001123,Upregulated,3.173,3.173,8.31e-288,protein_coding,11,"lectin, galactose binding, soluble 9"
AEC,Infection response,WSN vs mock,Ifit1,ENSMUSG00000034459,Upregulated,7.162,7.162,4.32e-263,protein_coding,19,interferon-induced protein with tetratricopeptide repeats 1
AEC,Infection response,WSN vs mock,Stat1,ENSMUSG00000026104,Upregulated,5.002,5.002,1.50e-260,protein_coding,1,signal transducer and activator of transcription 1
AEC,Infection response,WSN vs mock,Cmpk2,ENSMUSG00000020638,Upregulated,7.655,7.655,1.40e-245,protein_coding,12,cytidine/uridine monophosphate kinase 2
AEC,Infection response,WSN vs mock,Igtp,ENSMUSG00000078853,Upregulated,6.541,6.541,1.07e-244,protein_coding,11,interferon gamma induced GTPase
AEC,Infection response,WSN vs mock,Ube2l6,ENSMUSG00000027078,Upregulated,3.788,3.788,4.42e-244,protein_coding,2,ubiquitin-conjugating enzyme E2L 6
AEC,Infection response,WSN vs mock,Mab21l4,ENSMUSG00000034159,Downregulated,-2.584,2.584,1.85e-243,protein_coding,1,mab-21-like 4
AEC,Infection response,WSN vs mock,Irgm2,ENSMUSG00000069874,Upregulated,5.548,5.548,8.95e-242,protein_coding,11,immunity-related GTPase family M member 2
AEC,Infection response,WSN vs mock,Xdh,ENSMUSG00000024066,Upregulated,3.835,3.835,2.90e-240,protein_coding,17,xanthine dehydrogenase
AEC,Infection response,WSN vs mock,Rab11fip1,ENSMUSG00000031488,Downregulated,-2.843,2.843,6.49e-240,protein_coding,8,RAB11 family interacting protein 1 (class I)
AEC,Infection response,WSN vs mock,Krt19,ENSMUSG00000020911,Downregulated,-2.048,2.048,8.49e-238,protein_coding,11,keratin 19
AEC,Infection response,WSN vs mock,Parp14,ENSMUSG00000034422,Upregulated,3.703,3.703,8.00e-235,protein_coding,16,"poly (ADP-ribose) polymerase family, member 14"
AEC,Infection response,WSN vs mock,Xaf1,ENSMUSG00000040483,Upregulated,4.882,4.882,2.03e-211,protein_coding,11,XIAP associated factor 1
AEC,Infection response,WSN vs mock,Ifi202b,ENSMUSG00000026535,Upregulated,2.81,2.81,7.00e-210,protein_coding,1,interferon activated gene 202B
AEC,Infection response,WSN vs mock,Ifi44,ENSMUSG00000028037,Upregulated,6.183,6.183,1.54e-209,protein_coding,3,interferon-induced protein 44
AEC,Infection response,WSN vs mock,Cd274,ENSMUSG00000016496,Upregulated,6.659,6.659,3.02e-203,protein_coding,19,CD274 antigen
AEC,Infection response,WSN vs mock,Ifih1,ENSMUSG00000026896,Upregulated,3.433,3.433,1.70e-199,protein_coding,2,interferon induced with helicase C domain 1
AEC,Infection response,WSN vs mock,Hmox1,ENSMUSG00000005413,Upregulated,2.101,2.101,1.52e-190,protein_coding,8,heme oxygenase 1
AEC,Infection response,WSN vs mock,Ifi47,ENSMUSG00000078920,Upregulated,4.465,4.465,6.12e-189,protein_coding,11,interferon gamma inducible protein 47
AEC,Infection response,WSN vs mock,Adgrg1,ENSMUSG00000031785,Downregulated,-2.0,2.0,1.93e-186,protein_coding,8,adhesion G protein-coupled receptor G1
AEC,Infection response,WSN vs mock,Ifit3b,ENSMUSG00000062488,Upregulated,8.138,8.138,1.53e-182,protein_coding,19,interferon-induced protein with tetratricopeptide repeats 3B
AEC,Infection response,WSN vs mock,Ctr9,ENSMUSG00000005609,Downregulated,-2.411,2.411,9.52e-181,protein_coding,7,"CTR9 homolog, Paf1/RNA polymerase II complex component"
AEC,Infection response,WSN vs mock,Rigi,ENSMUSG00000040296,Upregulated,2.57,2.57,3.02e-179,protein_coding,4,RNA sensor RIG-I
AEC,Infection response,WSN vs mock,Lurap1l,ENSMUSG00000048706,Downregulated,-3.326,3.326,4.82e-173,protein_coding,4,leucine rich adaptor protein 1-like
AEC,Infection response,WSN vs mock,Lif,ENSMUSG00000034394,Upregulated,2.229,2.229,2.71e-169,protein_coding,11,leukemia inhibitory factor
AEC,Infection response,WSN vs mock,Sp100,ENSMUSG00000026222,Upregulated,4.865,4.865,2.07e-165,protein_coding,1,nuclear antigen Sp100
AEC,Infection response,WSN vs mock,Egr1,ENSMUSG00000038418,Upregulated,3.093,3.093,7.75e-161,protein_coding,18,early growth response 1
AEC,Infection response,WSN vs mock,Rdh10,ENSMUSG00000025921,Downregulated,-2.892,2.892,2.16e-159,protein_coding,1,retinol dehydrogenase 10 (all-trans)
AEC,Infection response,WSN vs mock,Gm73150,ENSMUSG00000131753,Downregulated,-2.176,2.176,9.27e-159,lncRNA,11,73150
AEC,Infection response,WSN vs mock,Myh14,ENSMUSG00000030739,Downregulated,-2.603,2.603,8.99e-158,protein_coding,7,"myosin, heavy polypeptide 14"
AEC,Infection response,WSN vs mock,Ifi204,ENSMUSG00000073489,Upregulated,5.526,5.526,1.66e-155,protein_coding,1,interferon activated gene 204
AEC,Infection response,WSN vs mock,Tuft1,ENSMUSG00000005968,Downregulated,-2.572,2.572,3.06e-155,protein_coding,3,tuftelin 1
AEC,Infection response,WSN vs mock,AA467197,ENSMUSG00000033213,Upregulated,3.181,3.181,4.43e-152,protein_coding,2,expressed sequence AA467197
AEC,Infection response,WSN vs mock,H2-Q4,ENSMUSG00000035929,Upregulated,3.175,3.175,1.29e-151,protein_coding,17,"histocompatibility 2, Q region locus 4"
AEC,Infection response,WSN vs mock,Oasl1,ENSMUSG00000041827,Upregulated,5.947,5.947,2.32e-151,protein_coding,5,2'-5' oligoadenylate synthetase-like 1
AEC,Infection response,WSN vs mock,Trim16,ENSMUSG00000047821,Downregulated,-2.543,2.543,7.92e-150,protein_coding,11,tripartite motif-containing 16
AEC,Infection response,WSN vs mock,Pnp,ENSMUSG00000115338,Upregulated,2.922,2.922,7.41e-149,protein_coding,14,purine-nucleoside phosphorylase
AEC,Infection response,WSN vs mock,Pdgfb,ENSMUSG00000000489,Downregulated,-2.481,2.481,2.23e-147,protein_coding,15,"platelet derived growth factor, B polypeptide"
AEC,Infection response,WSN vs mock,Tlr3,ENSMUSG00000031639,Upregulated,3.066,3.066,3.67e-139,protein_coding,8,toll-like receptor 3
AEC,Infection response,WSN vs mock,Znfx1,ENSMUSG00000039501,Upregulated,2.588,2.588,3.74e-137,protein_coding,2,"zinc finger, NFX1-type containing 1"
AEC,Infection response,WSN vs mock,Ereg,ENSMUSG00000029377,Upregulated,2.574,2.574,5.69e-135,protein_coding,5,epiregulin
AEC,Infection response,WSN vs mock,Tor1aip1,ENSMUSG00000026466,Upregulated,2.03,2.03,3.42e-132,protein_coding,1,torsin A interacting protein 1
AEC,Infection response,WSN vs mock,Parp9,ENSMUSG00000022906,Upregulated,2.988,2.988,1.01e-128,protein_coding,16,"poly (ADP-ribose) polymerase family, member 9"
AEC,Infection response,WSN vs mock,Ifi35,ENSMUSG00000010358,Upregulated,2.852,2.852,3.25e-128,protein_coding,11,interferon-induced protein 35
AEC,Infection response,WSN vs mock,Dtx3l,ENSMUSG00000049502,Upregulated,2.943,2.943,2.24e-126,protein_coding,16,"deltex 3-like, E3 ubiquitin ligase"
AEC,Infection response,WSN vs mock,Parp12,ENSMUSG00000038507,Upregulated,2.425,2.425,2.77e-125,protein_coding,6,"poly (ADP-ribose) polymerase family, member 12"
AEC,Infection response,WSN vs mock,Stat2,ENSMUSG00000040033,Upregulated,3.303,3.303,1.09e-124,protein_coding,10,signal transducer and activator of transcription 2
AEC,Infection response,WSN vs mock,Gbp3,ENSMUSG00000028268,Upregulated,8.737,8.737,1.82e-122,protein_coding,3,guanylate binding protein 3
AEC,Infection response,WSN vs mock,H2-T22,ENSMUSG00000056116,Upregulated,3.418,3.418,5.60e-121,protein_coding,17,"histocompatibility 2, T region locus 22"
AEC,Infection response,WSN vs mock,Myo1b,ENSMUSG00000018417,Downregulated,-2.171,2.171,9.97e-118,protein_coding,1,myosin IB
AEC,Infection response,WSN vs mock,Atf3,ENSMUSG00000026628,Upregulated,2.972,2.972,3.04e-117,protein_coding,1,activating transcription factor 3
AEC,Infection response,WSN vs mock,Edn1,ENSMUSG00000021367,Upregulated,2.242,2.242,4.00e-117,protein_coding,13,endothelin 1
AEC,Infection response,WSN vs mock,Wnt9a,ENSMUSG00000000126,Downregulated,-3.043,3.043,4.94e-117,protein_coding,11,"wingless-type MMTV integration site family, member 9A"
AEC,Infection response,WSN vs mock,Psmb10,ENSMUSG00000031897,Upregulated,3.84,3.84,2.89e-114,protein_coding,8,"proteasome (prosome, macropain) subunit, beta type 10"
AEC,Infection response,WSN vs mock,Serpinb2,ENSMUSG00000062345,Upregulated,3.463,3.463,1.06e-113,protein_coding,1,"serine (or cysteine) peptidase inhibitor, clade B, member 2"
AEC,Infection response,WSN vs mock,Gm44148,ENSMUSG00000107736,Upregulated,5.015,5.015,1.06e-112,lncRNA,6,44148
AEC,Infection response,WSN vs mock,Gm57251,ENSMUSG00000121233,Upregulated,2.586,2.586,4.81e-111,lncRNA,7,57251
AEC,Infection response,WSN vs mock,Enpp4,ENSMUSG00000023961,Upregulated,2.637,2.637,2.91e-110,protein_coding,17,ectonucleotide pyrophosphatase/phosphodiesterase 4
AEC,Infection response,WSN vs mock,Psmb8,ENSMUSG00000024338,Upregulated,4.66,4.66,2.99e-110,protein_coding,17,"proteasome (prosome, macropain) subunit, beta type 8 (large multifunctional peptidase 7)"
AEC,Infection response,WSN vs mock,Trim30a,ENSMUSG00000030921,Upregulated,7.546,7.546,3.23e-110,protein_coding,7,tripartite motif-containing 30A
AEC,Infection response,WSN vs mock,Lmo7,ENSMUSG00000033060,Downregulated,-2.843,2.843,3.50e-110,protein_coding,14,LIM domain only 7
AEC,Infection response,WSN vs mock,AI661453,ENSMUSG00000034382,Downregulated,-3.061,3.061,1.69e-107,protein_coding,17,expressed sequence AI661453
AEC,Infection response,WSN vs mock,Lgals8,ENSMUSG00000057554,Upregulated,2.247,2.247,2.61e-106,protein_coding,13,"lectin, galactose binding, soluble 8"
AEC,Infection response,WSN vs mock,Cxcl11,ENSMUSG00000060183,Upregulated,7.066,7.066,1.60e-104,protein_coding,5,chemokine (C-X-C motif) ligand 11
AEC,Infection response,WSN vs mock,Csrnp1,ENSMUSG00000032515,Upregulated,2.607,2.607,1.74e-104,protein_coding,9,cysteine-serine-rich nuclear protein 1
AEC,Infection response,WSN vs mock,Osbpl3,ENSMUSG00000029822,Downregulated,-2.933,2.933,2.28e-102,protein_coding,6,oxysterol binding protein-like 3
AEC,Infection response,WSN vs mock,Tjp2,ENSMUSG00000024812,Downregulated,-2.034,2.034,2.04e-101,protein_coding,19,tight junction protein 2
AEC,Infection response,WSN vs mock,Rsad2,ENSMUSG00000020641,Upregulated,8.896,8.896,3.08e-98,protein_coding,12,radical S-adenosyl methionine domain containing 2
AEC,Infection response,WSN vs mock,Nampt,ENSMUSG00000020572,Upregulated,2.537,2.537,6.69e-98,protein_coding,12,nicotinamide phosphoribosyltransferase
AEC,Infection response,WSN vs mock,Shroom4,ENSMUSG00000068270,Downregulated,-3.227,3.227,7.94e-96,protein_coding,X,shroom family member 4
AEC,Infection response,WSN vs mock,Tnfaip2,ENSMUSG00000021281,Upregulated,3.024,3.024,1.97e-93,protein_coding,12,"tumor necrosis factor, alpha-induced protein 2"
AEC,Infection response,WSN vs mock,Iigp1,ENSMUSG00000054072,Upregulated,9.536,9.536,1.77e-92,protein_coding,18,interferon inducible GTPase 1
AEC,Infection response,WSN vs mock,AW112010,ENSMUSG00000075010,Upregulated,3.807,3.807,4.41e-92,lncRNA,19,expressed sequence AW112010
AEC,Infection response,WSN vs mock,Trim21,ENSMUSG00000030966,Upregulated,3.709,3.709,1.55e-91,protein_coding,7,tripartite motif-containing 21
AEC,Infection response,WSN vs mock,Gbp9,ENSMUSG00000029298,Upregulated,6.933,6.933,6.74e-91,protein_coding,5,guanylate-binding protein 9
AEC,Infection response,WSN vs mock,Gnb4,ENSMUSG00000027669,Upregulated,3.078,3.078,7.18e-91,protein_coding,3,"guanine nucleotide binding protein (G protein), beta 4"
AEC,Infection response,WSN vs mock,Rtp4,ENSMUSG00000033355,Upregulated,5.482,5.482,2.70e-90,protein_coding,16,receptor transporter protein 4
AEC,Infection response,WSN vs mock,Apol9a,ENSMUSG00000057346,Upregulated,4.019,4.019,5.83e-90,protein_coding,15,apolipoprotein L 9a
AEC,Infection response,WSN vs mock,Nfkbia,ENSMUSG00000021025,Upregulated,2.148,2.148,3.35e-89,protein_coding,12,"nuclear factor of kappa light polypeptide gene enhancer in B cells inhibitor, alpha"
AEC,Infection response,WSN vs mock,Nrg1,ENSMUSG00000062991,Downregulated,-2.824,2.824,3.81e-88,protein_coding,8,neuregulin 1
AEC,Infection response,WSN vs mock,Ifit1bl1,ENSMUSG00000079339,Upregulated,6.542,6.542,2.61e-86,protein_coding,19,interferon induced protein with tetratricpeptide repeats 1B like 1
AEC,Infection response,WSN vs mock,Rgs16,ENSMUSG00000026475,Upregulated,3.259,3.259,2.39e-85,protein_coding,1,regulator of G-protein signaling 16
AEC,Infection response,WSN vs mock,Card10,ENSMUSG00000033170,Downregulated,-3.404,3.404,2.76e-83,protein_coding,15,"caspase recruitment domain family, member 10"
AEC,Infection response,WSN vs mock,Wwc1,ENSMUSG00000018849,Downregulated,-2.099,2.099,2.23e-82,protein_coding,11,"WW, C2 and coiled-coil domain containing 1"
AEC,Infection response,WSN vs mock,Ifi203,ENSMUSG00000039997,Upregulated,7.291,7.291,5.22e-82,protein_coding,1,interferon activated gene 203
AEC,Infection response,WSN vs mock,Adar,ENSMUSG00000027951,Upregulated,2.124,2.124,1.56e-81,protein_coding,3,"adenosine deaminase, RNA-specific"
AEC,Infection response,WSN vs mock,Oas1a,ENSMUSG00000052776,Upregulated,5.058,5.058,1.40e-80,protein_coding,5,2'-5' oligoadenylate synthetase 1A
AEC,Infection response,WSN vs mock,Pcdh1,ENSMUSG00000051375,Downregulated,-2.656,2.656,2.08e-80,protein_coding,18,protocadherin 1
AEC,Infection response,WSN vs mock,Hmga1b,ENSMUSG00000078249,Upregulated,2.935,2.935,6.47e-80,protein_coding,11,high mobility group AT-hook 1B
AEC,Infection response,WSN vs mock,Cldn3,ENSMUSG00000070473,Downregulated,-3.472,3.472,9.85e-80,protein_coding,5,claudin 3
AEC,Infection response,WSN vs mock,Klhl24,ENSMUSG00000062901,Downregulated,-2.225,2.225,5.59e-79,protein_coding,16,kelch-like 24
AEC,Infection response,WSN vs mock,Phf11d,ENSMUSG00000068245,Upregulated,6.673,6.673,1.17e-78,protein_coding,14,PHD finger protein 11D
AEC,Infection response,WSN vs mock,Daxx,ENSMUSG00000002307,Upregulated,2.422,2.422,8.86e-78,protein_coding,17,Fas death domain-associated protein
AEC,Infection response,WSN vs mock,Gm74350,ENSMUSG00000142640,Upregulated,3.103,3.103,8.69e-77,lncRNA,11,74350
AEC,Infection response,WSN vs mock,Sh2d4a,ENSMUSG00000053886,Downregulated,-4.559,4.559,1.70e-76,protein_coding,8,SH2 domain containing 4A
AEC,Infection response,WSN vs mock,Mtus1,ENSMUSG00000045636,Downregulated,-2.574,2.574,2.19e-74,protein_coding,8,mitochondrial tumor suppressor 1
AEC,Infection response,WSN vs mock,Arhgef26,ENSMUSG00000036885,Downregulated,-2.845,2.845,1.52e-73,protein_coding,3,Rho guanine nucleotide exchange factor 26
AEC,Infection response,WSN vs mock,Gm36043,ENSMUSG00000117964,Upregulated,6.515,6.515,4.03e-73,lncRNA,19,36043
AEC,Infection response,WSN vs mock,Kcnk1,ENSMUSG00000033998,Downregulated,-2.34,2.34,4.35e-73,protein_coding,8,"potassium channel, subfamily K, member 1"
AEC,Infection response,WSN vs mock,Sp110,ENSMUSG00000070034,Upregulated,3.7,3.7,1.71e-71,protein_coding,1,Sp110 nuclear body protein
AEC,Infection response,WSN vs mock,Tap1,ENSMUSG00000037321,Upregulated,2.135,2.135,3.96e-71,protein_coding,17,"transporter 1, ATP-binding cassette, sub-family B (MDR/TAP)"
AEC,Infection response,WSN vs mock,AI593442,ENSMUSG00000078307,Downregulated,-5.525,5.525,5.82e-71,protein_coding,9,expressed sequence AI593442
AEC,Infection response,WSN vs mock,Pnpt1,ENSMUSG00000020464,Upregulated,2.48,2.48,1.15e-70,protein_coding,11,polyribonucleotide nucleotidyltransferase 1
AEC,Infection response,WSN vs mock,ENSMUSG00000127942,ENSMUSG00000127942,Upregulated,5.419,5.419,2.63e-70,lncRNA,11,"novel transcript, antisense to Irgm2"
AEC,Infection response,WSN vs mock,Hap1,ENSMUSG00000006930,Upregulated,3.675,3.675,5.64e-70,protein_coding,11,huntingtin-associated protein 1
AEC,Infection response,WSN vs mock,Il6,ENSMUSG00000025746,Upregulated,3.534,3.534,2.64e-69,protein_coding,5,interleukin 6
AEC,Infection response,WSN vs mock,Itgb6,ENSMUSG00000026971,Downregulated,-2.074,2.074,5.06e-69,protein_coding,2,integrin beta 6
AEC,Infection response,WSN vs mock,Scnn1g,ENSMUSG00000000216,Downregulated,-2.089,2.089,1.23e-68,protein_coding,7,"sodium channel, nonvoltage-gated 1 gamma"
AEC,Infection response,WSN vs mock,Gm11626,ENSMUSG00000086347,Upregulated,3.081,3.081,1.26e-68,lncRNA,11,predicted gene 11626
AEC,Infection response,WSN vs mock,A930037H05Rik,ENSMUSG00000109408,Upregulated,3.618,3.618,8.45e-68,lncRNA,11,A930037H05 gene
AEC,Infection response,WSN vs mock,Cytip,ENSMUSG00000026832,Downregulated,-2.366,2.366,1.09e-67,protein_coding,2,cytohesin 1 interacting protein
AEC,Infection response,WSN vs mock,2900026A02Rik,ENSMUSG00000051339,Downregulated,-2.337,2.337,1.45e-66,protein_coding,5,2900026A02 gene
AEC,Infection response,WSN vs mock,Gm20496,ENSMUSG00000092550,Upregulated,3.976,3.976,1.65e-66,lncRNA,17,predicted gene 20496
AEC,Infection response,WSN vs mock,Klhdc7a,ENSMUSG00000078234,Downregulated,-5.043,5.043,2.33e-66,protein_coding,4,kelch domain containing 7A
AEC,Infection response,WSN vs mock,Ccdc88c,ENSMUSG00000021182,Downregulated,-2.522,2.522,4.30e-66,protein_coding,12,coiled-coil domain containing 88C
AEC,Infection response,WSN vs mock,Cgn,ENSMUSG00000068876,Downregulated,-2.696,2.696,5.01e-65,protein_coding,3,cingulin
AEC,Infection response,WSN vs mock,Gm43109,ENSMUSG00000104653,Upregulated,3.051,3.051,5.35e-64,lncRNA,3,predicted gene 43109
AEC,Infection response,WSN vs mock,Loxl3,ENSMUSG00000000693,Upregulated,2.052,2.052,7.93e-63,protein_coding,6,lysyl oxidase-like 3
AEC,Infection response,WSN vs mock,Mlkl,ENSMUSG00000012519,Upregulated,2.761,2.761,8.11e-63,protein_coding,8,mixed lineage kinase domain-like
AEC,Infection response,WSN vs mock,Irf1,ENSMUSG00000018899,Upregulated,2.219,2.219,5.94e-61,protein_coding,11,interferon regulatory factor 1
AEC,Infection response,WSN vs mock,Car12,ENSMUSG00000032373,Upregulated,4.27,4.27,2.05e-60,protein_coding,9,carbonic anhydrase 12
AEC,Infection response,WSN vs mock,Wbscr25,ENSMUSG00000054909,Downregulated,-3.255,3.255,1.99e-59,lncRNA,5,Williams Beuren syndrome chromosome region 25 (human)
AEC,Infection response,WSN vs mock,Npr3,ENSMUSG00000022206,Downregulated,-2.384,2.384,3.50e-59,protein_coding,15,natriuretic peptide receptor 3
AEC,Infection response,WSN vs mock,Ch25h,ENSMUSG00000050370,Upregulated,3.867,3.867,4.26e-59,protein_coding,19,cholesterol 25-hydroxylase
AEC,Infection response,WSN vs mock,Rec8,ENSMUSG00000002324,Downregulated,-2.856,2.856,5.05e-59,protein_coding,14,REC8 meiotic recombination protein
AEC,Infection response,WSN vs mock,Slfn2,ENSMUSG00000072620,Upregulated,6.371,6.371,7.53e-59,protein_coding,11,schlafen 2
AEC,Infection response,WSN vs mock,Tap2,ENSMUSG00000024339,Upregulated,2.245,2.245,5.45e-57,protein_coding,17,"transporter 2, ATP-binding cassette, sub-family B (MDR/TAP)"
AEC,Infection response,WSN vs mock,Helz2,ENSMUSG00000027580,Upregulated,2.416,2.416,9.56e-57,protein_coding,2,"helicase with zinc finger 2, transcriptional coactivator"
AEC,Infection response,WSN vs mock,Mx1,ENSMUSG00000000386,Upregulated,8.918,8.918,1.19e-56,protein_coding,16,MX dynamin-like GTPase 1
AEC,Infection response,WSN vs mock,Herc6,ENSMUSG00000029798,Upregulated,4.395,4.395,2.51e-56,protein_coding,6,hect domain and RLD 6
AEC,Infection response,WSN vs mock,Hmga1,ENSMUSG00000046711,Upregulated,2.773,2.773,4.57e-56,protein_coding,17,high mobility group AT-hook 1
AEC,Infection response,WSN vs mock,Gm38316,ENSMUSG00000103730,Upregulated,2.77,2.77,9.22e-56,TEC,14,38316
AEC,Infection response,WSN vs mock,Cxcl1,ENSMUSG00000029380,Upregulated,6.069,6.069,2.45e-55,protein_coding,5,C-X-C motif chemokine ligand 1
AEC,Infection response,WSN vs mock,Apol9b,ENSMUSG00000068246,Upregulated,3.823,3.823,2.74e-55,protein_coding,15,apolipoprotein L 9b
AEC,Infection response,WSN vs mock,Atp10a,ENSMUSG00000025324,Upregulated,3.703,3.703,3.03e-55,protein_coding,7,"ATPase, class V, type 10A"
AEC,Infection response,WSN vs mock,Mpeg1,ENSMUSG00000046805,Upregulated,4.143,4.143,5.34e-55,protein_coding,19,macrophage expressed gene 1
AEC,Infection response,WSN vs mock,Parp11,ENSMUSG00000037997,Upregulated,2.686,2.686,9.19e-55,protein_coding,6,"poly (ADP-ribose) polymerase family, member 11"
AEC,Infection response,WSN vs mock,Irf6,ENSMUSG00000026638,Downregulated,-3.055,3.055,5.28e-54,protein_coding,1,interferon regulatory factor 6
AEC,Infection response,WSN vs mock,Arhgef18,ENSMUSG00000004568,Downregulated,-2.115,2.115,6.60e-54,protein_coding,8,Rho/Rac guanine nucleotide exchange factor 18
AEC,Infection response,WSN vs mock,Cldn7,ENSMUSG00000018569,Downregulated,-2.657,2.657,6.50e-53,protein_coding,11,claudin 7
AEC,Infection response,WSN vs mock,Epb41l5,ENSMUSG00000026383,Downregulated,-2.095,2.095,7.62e-53,protein_coding,1,erythrocyte membrane protein band 4.1 like 5
AEC,Infection response,WSN vs mock,Ccdc9b,ENSMUSG00000045838,Downregulated,-2.233,2.233,2.59e-52,protein_coding,2,coiled-coil domain containing 9B
AEC,Infection response,WSN vs mock,Gbp5,ENSMUSG00000105504,Upregulated,8.069,8.069,3.69e-52,protein_coding,3,guanylate binding protein 5
AEC,Infection response,WSN vs mock,Patj,ENSMUSG00000061859,Downregulated,-2.169,2.169,1.65e-51,protein_coding,4,"PATJ, crumbs cell polarity complex component"
AEC,Infection response,WSN vs mock,Zbp1,ENSMUSG00000027514,Upregulated,8.019,8.019,2.49e-51,protein_coding,2,Z-DNA binding protein 1
AEC,Infection response,WSN vs mock,Uba7,ENSMUSG00000032596,Upregulated,3.453,3.453,3.21e-51,protein_coding,9,ubiquitin-like modifier activating enzyme 7
AEC,Infection response,WSN vs mock,Fam83h,ENSMUSG00000046761,Downregulated,-3.511,3.511,6.79e-51,protein_coding,15,"family with sequence similarity 83, member H"
AEC,Infection response,WSN vs mock,Tent5a,ENSMUSG00000032265,Upregulated,2.276,2.276,1.08e-50,protein_coding,9,terminal nucleotidyltransferase 5A
AEC,Infection response,WSN vs mock,Gprc5c,ENSMUSG00000051043,Downregulated,-3.632,3.632,4.16e-50,protein_coding,11,"G protein-coupled receptor, family C, group 5, member C"
AEC,Infection response,WSN vs mock,Gm11131,ENSMUSG00000079505,Upregulated,3.219,3.219,1.90e-48,lncRNA,17,predicted gene 11131
AEC,Infection response,WSN vs mock,Dhrs3,ENSMUSG00000066026,Downregulated,-2.495,2.495,1.47e-47,protein_coding,4,dehydrogenase/reductase 3
AEC,Infection response,WSN vs mock,Oas3,ENSMUSG00000032661,Upregulated,5.87,5.87,1.72e-47,protein_coding,5,2'-5' oligoadenylate synthetase 3
AEC,Infection response,WSN vs mock,Magi3,ENSMUSG00000052539,Downregulated,-2.21,2.21,2.51e-47,protein_coding,3,"membrane associated guanylate kinase, WW and PDZ domain containing 3"
AEC,Infection response,WSN vs mock,Parp10,ENSMUSG00000063268,Upregulated,2.626,2.626,9.70e-47,protein_coding,15,"poly (ADP-ribose) polymerase family, member 10"
AEC,Infection response,WSN vs mock,Irf9,ENSMUSG00000002325,Upregulated,2.254,2.254,1.22e-46,protein_coding,14,interferon regulatory factor 9
AEC,Infection response,WSN vs mock,Tgtp1,ENSMUSG00000078922,Upregulated,4.785,4.785,1.45e-46,protein_coding,11,T cell specific GTPase 1
AEC,Infection response,WSN vs mock,Gm26902,ENSMUSG00000097558,Upregulated,3.946,3.946,1.62e-46,lncRNA,19,26902
AEC,Infection response,WSN vs mock,Foxa1,ENSMUSG00000035451,Downregulated,-3.458,3.458,1.37e-45,protein_coding,12,forkhead box A1
AEC,Infection response,WSN vs mock,Esrp1,ENSMUSG00000040728,Downregulated,-3.112,3.112,4.04e-45,protein_coding,4,epithelial splicing regulatory protein 1
AEC,Infection response,WSN vs mock,Tmem106a,ENSMUSG00000034947,Upregulated,2.665,2.665,1.30e-43,protein_coding,11,transmembrane protein 106A
AEC,Infection response,WSN vs mock,Gm70772,ENSMUSG00000136117,Upregulated,3.678,3.678,5.04e-43,lncRNA,1,70772
AEC,Infection response,WSN vs mock,Pde7a,ENSMUSG00000069094,Downregulated,-2.193,2.193,9.75e-43,protein_coding,3,phosphodiesterase 7A
AEC,Infection response,WSN vs mock,Erbb3,ENSMUSG00000018166,Downregulated,-3.721,3.721,2.38e-42,protein_coding,10,erb-b2 receptor tyrosine kinase 3
AEC,Infection response,WSN vs mock,Slfn5,ENSMUSG00000054404,Upregulated,7.017,7.017,3.63e-42,protein_coding,11,schlafen 5
AEC,Infection response,WSN vs mock,Gem,ENSMUSG00000028214,Upregulated,4.196,4.196,7.10e-42,protein_coding,4,GTP binding protein overexpressed in skeletal muscle
AEC,Infection response,WSN vs mock,Abca1,ENSMUSG00000015243,Downregulated,-2.46,2.46,1.23e-41,protein_coding,4,"ATP-binding cassette, sub-family A member 1"
AEC,Infection response,WSN vs mock,Usp54,ENSMUSG00000034235,Downregulated,-2.587,2.587,4.32e-41,protein_coding,14,ubiquitin specific peptidase 54
AEC,Infection response,WSN vs mock,Pxdc1,ENSMUSG00000021411,Downregulated,-2.316,2.316,7.86e-41,protein_coding,13,PX domain containing 1
AEC,Infection response,WSN vs mock,Foxj1,ENSMUSG00000034227,Downregulated,-3.368,3.368,1.02e-40,protein_coding,11,forkhead box J1
AEC,Infection response,WSN vs mock,Serping1,ENSMUSG00000023224,Upregulated,2.529,2.529,2.85e-38,protein_coding,2,"serine (or cysteine) peptidase inhibitor, clade G, member 1"
AEC,Infection response,WSN vs mock,Htr2a,ENSMUSG00000034997,Upregulated,2.179,2.179,3.21e-38,protein_coding,14,5-hydroxytryptamine (serotonin) receptor 2A
AEC,Infection response,WSN vs mock,Nkx2-1,ENSMUSG00000001496,Downregulated,-3.59,3.59,6.47e-38,protein_coding,12,NK2 homeobox 1
AEC,Infection response,WSN vs mock,Il18bp,ENSMUSG00000070427,Upregulated,4.462,4.462,9.94e-38,protein_coding,7,interleukin 18 binding protein
AEC,Infection response,WSN vs mock,Rab38,ENSMUSG00000030559,Downregulated,-2.758,2.758,1.78e-37,protein_coding,7,"RAB38, member RAS oncogene family"
AEC,Infection response,WSN vs mock,Apol6,ENSMUSG00000033576,Upregulated,4.278,4.278,2.14e-37,protein_coding,15,apolipoprotein L 6
AEC,Infection response,WSN vs mock,Mx2,ENSMUSG00000023341,Upregulated,7.868,7.868,2.72e-37,protein_coding,16,MX dynamin-like GTPase 2
AEC,Infection response,WSN vs mock,Irx1,ENSMUSG00000060969,Downregulated,-4.148,4.148,5.42e-37,protein_coding,13,Iroquois homeobox 1
AEC,Infection response,WSN vs mock,Sh3bp4,ENSMUSG00000036206,Downregulated,-2.016,2.016,2.10e-36,protein_coding,1,SH3-domain binding protein 4
AEC,Infection response,WSN vs mock,Gm28513,ENSMUSG00000099568,Upregulated,3.196,3.196,2.37e-36,lncRNA,1,predicted gene 28513
AEC,Infection response,WSN vs mock,Slc4a4,ENSMUSG00000060961,Downregulated,-2.07,2.07,2.80e-36,protein_coding,5,"solute carrier family 4 (anion exchanger), member 4"
AEC,Infection response,WSN vs mock,Tlr2,ENSMUSG00000027995,Upregulated,2.287,2.287,4.52e-36,protein_coding,3,toll-like receptor 2
AEC,Infection response,WSN vs mock,Foxa2,ENSMUSG00000037025,Downregulated,-4.101,4.101,4.91e-36,protein_coding,2,forkhead box A2
AEC,Infection response,WSN vs mock,Vegfc,ENSMUSG00000031520,Upregulated,2.103,2.103,5.55e-35,protein_coding,8,vascular endothelial growth factor C
AEC,Infection response,WSN vs mock,Adamts5,ENSMUSG00000022894,Downregulated,-2.191,2.191,6.05e-35,protein_coding,16,ADAM metallopeptidase with thrombospondin type 1 motif 5
AEC,Infection response,WSN vs mock,Isg20,ENSMUSG00000039236,Upregulated,2.422,2.422,7.39e-35,protein_coding,7,interferon-stimulated protein
AEC,Infection response,WSN vs mock,C2,ENSMUSG00000024371,Upregulated,2.151,2.151,9.04e-35,protein_coding,17,complement C2
AEC,Infection response,WSN vs mock,Mir6381,ENSMUSG00000098871,Upregulated,7.61,7.61,1.43e-34,miRNA,3,microRNA 6381
AEC,Infection response,WSN vs mock,Esrp2,ENSMUSG00000084128,Downregulated,-2.389,2.389,3.63e-34,protein_coding,8,epithelial splicing regulatory protein 2
AEC,Infection response,WSN vs mock,Ccrl2,ENSMUSG00000043953,Upregulated,5.327,5.327,7.74e-34,protein_coding,9,C-C motif chemokine receptor-like 2
AEC,Infection response,WSN vs mock,Pdlim2,ENSMUSG00000022090,Downregulated,-2.342,2.342,1.05e-33,protein_coding,14,PDZ and LIM domain 2
AEC,Infection response,WSN vs mock,4933416M07Rik,ENSMUSG00000097262,Downregulated,-2.629,2.629,1.76e-33,lncRNA,8,4933416M07 gene
AEC,Infection response,WSN vs mock,Neurl3,ENSMUSG00000047180,Upregulated,3.496,3.496,2.25e-33,protein_coding,1,neuralized E3 ubiquitin protein ligase 3
AEC,Infection response,WSN vs mock,Slc25a22,ENSMUSG00000019082,Upregulated,2.105,2.105,2.66e-33,protein_coding,7,"solute carrier family 25 (mitochondrial carrier, glutamate), member 22"
AEC,Infection response,WSN vs mock,Dapk2,ENSMUSG00000032380,Downregulated,-2.946,2.946,2.98e-33,protein_coding,9,death-associated protein kinase 2
AEC,Infection response,WSN vs mock,Ocln,ENSMUSG00000021638,Downregulated,-2.053,2.053,5.77e-33,protein_coding,13,occludin
AEC,Infection response,WSN vs mock,Epn3,ENSMUSG00000010080,Downregulated,-3.585,3.585,7.99e-33,protein_coding,11,epsin 3
AEC,Infection response,WSN vs mock,Samd12,ENSMUSG00000058656,Downregulated,-2.951,2.951,1.51e-32,protein_coding,15,sterile alpha motif domain containing 12
AEC,Infection response,WSN vs mock,Rarb,ENSMUSG00000017491,Downregulated,-2.249,2.249,1.52e-32,protein_coding,14,"retinoic acid receptor, beta"
AEC,Infection response,WSN vs mock,Etl4,ENSMUSG00000036617,Downregulated,-2.517,2.517,1.83e-32,protein_coding,2,enhancer trap locus 4
AEC,Infection response,WSN vs mock,Gbp7,ENSMUSG00000040253,Upregulated,5.202,5.202,1.90e-32,protein_coding,3,guanylate binding protein 7
AEC,Infection response,WSN vs mock,Gsdmd,ENSMUSG00000022575,Upregulated,2.509,2.509,2.49e-32,protein_coding,15,gasdermin D
AEC,Infection response,WSN vs mock,A930015D03Rik,ENSMUSG00000092368,Upregulated,2.596,2.596,1.75e-31,lncRNA,17,A930015D03 gene
AEC,Infection response,WSN vs mock,Lad1,ENSMUSG00000041782,Downregulated,-2.003,2.003,1.87e-31,protein_coding,1,ladinin
AEC,Infection response,WSN vs mock,Dhx58,ENSMUSG00000017830,Upregulated,7.89,7.89,3.12e-31,protein_coding,11,DExH-box helicase 58
AEC,Infection response,WSN vs mock,Casp4,ENSMUSG00000033538,Upregulated,3.066,3.066,4.06e-31,protein_coding,9,"caspase 4, apoptosis-related cysteine peptidase"
AEC,Infection response,WSN vs mock,Ripk4,ENSMUSG00000005251,Downregulated,-2.105,2.105,4.53e-31,protein_coding,16,receptor-interacting serine-threonine kinase 4
AEC,Infection response,WSN vs mock,Epb41l4a,ENSMUSG00000024376,Downregulated,-2.307,2.307,7.26e-31,protein_coding,18,erythrocyte membrane protein band 4.1 like 4a
AEC,Infection response,WSN vs mock,H2-T10,ENSMUSG00000079491,Upregulated,3.397,3.397,1.43e-30,protein_coding,17,"histocompatibility 2, T region locus 10"
AEC,Infection response,WSN vs mock,Ncoa7,ENSMUSG00000039697,Upregulated,2.281,2.281,1.50e-30,protein_coding,10,nuclear receptor coactivator 7
AEC,Infection response,WSN vs mock,Tfpi2,ENSMUSG00000029664,Upregulated,2.129,2.129,2.80e-30,protein_coding,6,tissue factor pathway inhibitor 2
AEC,Infection response,WSN vs mock,Dtx4,ENSMUSG00000039982,Downregulated,-2.104,2.104,1.19e-29,protein_coding,19,"deltex 4, E3 ubiquitin ligase"
AEC,Infection response,WSN vs mock,Gm45875,ENSMUSG00000110698,Downregulated,-2.458,2.458,1.33e-29,lncRNA,8,predicted gene 45875
AEC,Infection response,WSN vs mock,Ffar4,ENSMUSG00000054200,Downregulated,-4.248,4.248,1.80e-29,protein_coding,19,free fatty acid receptor 4
AEC,Infection response,WSN vs mock,Sh3rf2,ENSMUSG00000057719,Downregulated,-2.806,2.806,2.00e-29,protein_coding,18,SH3 domain containing ring finger 2
AEC,Infection response,WSN vs mock,Slc7a2,ENSMUSG00000031596,Upregulated,2.233,2.233,2.80e-29,protein_coding,8,"solute carrier family 7 (cationic amino acid transporter, y+ system), member 2"
AEC,Infection response,WSN vs mock,Psmb9,ENSMUSG00000096727,Upregulated,3.83,3.83,1.59e-28,protein_coding,17,"proteasome (prosome, macropain) subunit, beta type 9 (large multifunctional peptidase 2)"
AEC,Infection response,WSN vs mock,Kctd12,ENSMUSG00000098557,Upregulated,2.156,2.156,1.99e-28,protein_coding,14,potassium channel tetramerisation domain containing 12
AEC,Infection response,WSN vs mock,Tbc1d9,ENSMUSG00000031709,Downregulated,-2.179,2.179,4.35e-28,protein_coding,8,"TBC1 domain family, member 9"
AEC,Infection response,WSN vs mock,Apbb1ip,ENSMUSG00000026786,Upregulated,2.321,2.321,5.28e-28,protein_coding,2,amyloid beta precursor protein binding family B member 1 interacting protein
AEC,Infection response,WSN vs mock,Csf2,ENSMUSG00000018916,Upregulated,4.393,4.393,5.88e-28,protein_coding,11,colony stimulating factor 2 (granulocyte-macrophage)
AEC,Infection response,WSN vs mock,Cyp4f39,ENSMUSG00000061126,Downregulated,-4.246,4.246,1.00e-27,protein_coding,17,"cytochrome P450, family 4, subfamily f, polypeptide 39"
AEC,Infection response,WSN vs mock,Klf5,ENSMUSG00000005148,Downregulated,-3.522,3.522,1.98e-27,protein_coding,14,Kruppel-like transcription factor 5
AEC,Infection response,WSN vs mock,Flrt3,ENSMUSG00000051379,Downregulated,-2.954,2.954,2.80e-27,protein_coding,2,fibronectin leucine rich transmembrane protein 3
AEC,Infection response,WSN vs mock,Ms4a4d,ENSMUSG00000024678,Upregulated,4.967,4.967,8.42e-27,protein_coding,19,"membrane-spanning 4-domains, subfamily A, member 4D"
AEC,Infection response,WSN vs mock,Nectin4,ENSMUSG00000006411,Downregulated,-2.403,2.403,1.29e-26,protein_coding,1,nectin cell adhesion molecule 4
AEC,Infection response,WSN vs mock,Nlrc5,ENSMUSG00000074151,Upregulated,3.699,3.699,1.97e-26,protein_coding,8,"NLR family, CARD domain containing 5"
AEC,Infection response,WSN vs mock,Lipg,ENSMUSG00000053846,Upregulated,2.44,2.44,2.88e-26,protein_coding,18,"lipase, endothelial"
AEC,Infection response,WSN vs mock,Prkaa2,ENSMUSG00000028518,Downregulated,-2.205,2.205,4.49e-26,protein_coding,4,"protein kinase, AMP-activated, alpha 2 catalytic subunit"
AEC,Infection response,WSN vs mock,Slfn9,ENSMUSG00000069793,Upregulated,6.009,6.009,5.50e-26,protein_coding,11,schlafen 9
AEC,Infection response,WSN vs mock,Car13,ENSMUSG00000027555,Upregulated,2.135,2.135,1.78e-25,protein_coding,3,carbonic anhydrase 13
AEC,Infection response,WSN vs mock,Arhgef16,ENSMUSG00000029032,Downregulated,-2.565,2.565,4.55e-25,protein_coding,4,Rho guanine nucleotide exchange factor 16
AEC,Infection response,WSN vs mock,Slfn5os,ENSMUSG00000086327,Upregulated,4.598,4.598,7.58e-25,lncRNA,11,"schlafen 5, opposite strand"
AEC,Infection response,WSN vs mock,Tbc1d2,ENSMUSG00000039813,Downregulated,-2.448,2.448,2.24e-24,protein_coding,4,"TBC1 domain family, member 2"
AEC,Infection response,WSN vs mock,Lrtm2,ENSMUSG00000055003,Downregulated,-2.211,2.211,2.41e-24,protein_coding,6,leucine-rich repeats and transmembrane domains 2
AEC,Infection response,WSN vs mock,Gm66604,ENSMUSG00000143609,Upregulated,5.187,5.187,4.46e-24,lncRNA,3,66604
AEC,Infection response,WSN vs mock,Gm15821,ENSMUSG00000081512,Upregulated,2.163,2.163,4.49e-24,lncRNA,17,predicted gene 15821
AEC,Infection response,WSN vs mock,Ifi207,ENSMUSG00000073490,Upregulated,7.603,7.603,2.87e-23,protein_coding,1,interferon activated gene 207
AEC,Infection response,WSN vs mock,AA986860,ENSMUSG00000042510,Downregulated,-3.055,3.055,3.76e-23,protein_coding,1,expressed sequence AA986860
AEC,Infection response,WSN vs mock,Gm57329,ENSMUSG00000120110,Upregulated,4.797,4.797,4.63e-23,lncRNA,11,57329
AEC,Infection response,WSN vs mock,Map3k9,ENSMUSG00000042724,Downregulated,-2.663,2.663,6.42e-23,protein_coding,12,mitogen-activated protein kinase kinase kinase 9
AEC,Infection response,WSN vs mock,Fermt1,ENSMUSG00000027356,Downregulated,-2.497,2.497,9.53e-23,protein_coding,2,fermitin family member 1
AEC,Infection response,WSN vs mock,Fmnl2,ENSMUSG00000036053,Upregulated,2.177,2.177,1.12e-22,protein_coding,2,formin-like 2
AEC,Infection response,WSN vs mock,AW011738,ENSMUSG00000078349,Upregulated,5.054,5.054,1.17e-22,lncRNA,4,expressed sequence AW011738
AEC,Infection response,WSN vs mock,Sptbn2,ENSMUSG00000067889,Downregulated,-3.459,3.459,1.37e-22,protein_coding,19,"spectrin beta, non-erythrocytic 2"
AEC,Infection response,WSN vs mock,Pak6,ENSMUSG00000074923,Downregulated,-2.571,2.571,1.44e-22,protein_coding,2,p21 (RAC1) activated kinase 6
AEC,Infection response,WSN vs mock,Pkp3,ENSMUSG00000054065,Downregulated,-2.246,2.246,1.63e-22,protein_coding,7,plakophilin 3
AEC,Infection response,WSN vs mock,Fosl1,ENSMUSG00000024912,Upregulated,2.301,2.301,1.81e-22,protein_coding,19,fos-like antigen 1
AEC,Infection response,WSN vs mock,Ccdc68,ENSMUSG00000038903,Downregulated,-3.203,3.203,2.24e-22,protein_coding,18,coiled-coil domain containing 68
AEC,Infection response,WSN vs mock,Celsr1,ENSMUSG00000016028,Downregulated,-3.2,3.2,4.08e-22,protein_coding,15,"cadherin, EGF LAG seven-pass G-type receptor 1"
AEC,Infection response,WSN vs mock,Apobec1,ENSMUSG00000040613,Upregulated,2.267,2.267,4.57e-22,protein_coding,6,"apolipoprotein B mRNA editing enzyme, catalytic polypeptide 1"
AEC,Infection response,WSN vs mock,Sorbs2,ENSMUSG00000031626,Downregulated,-3.361,3.361,5.88e-22,protein_coding,8,sorbin and SH3 domain containing 2
AEC,Infection response,WSN vs mock,Ccdc120,ENSMUSG00000031150,Downregulated,-2.581,2.581,9.72e-22,protein_coding,X,coiled-coil domain containing 120
AEC,Infection response,WSN vs mock,Gm36634,ENSMUSG00000112348,Upregulated,2.132,2.132,1.04e-21,lncRNA,12,36634
AEC,Infection response,WSN vs mock,Ston2,ENSMUSG00000020961,Downregulated,-2.221,2.221,1.23e-21,protein_coding,12,stonin 2
AEC,Infection response,WSN vs mock,Gm73429,ENSMUSG00000137874,Upregulated,5.141,5.141,1.61e-21,lncRNA,7,73429
AEC,Infection response,WSN vs mock,Arhgap27,ENSMUSG00000034255,Downregulated,-2.31,2.31,1.65e-21,protein_coding,11,Rho GTPase activating protein 27
AEC,Infection response,WSN vs mock,Tnf,ENSMUSG00000024401,Upregulated,5.32,5.32,1.77e-21,protein_coding,17,tumor necrosis factor
AEC,Infection response,WSN vs mock,Arhgef3,ENSMUSG00000021895,Upregulated,2.1,2.1,1.86e-21,protein_coding,14,Rho guanine nucleotide exchange factor 3
AEC,Infection response,WSN vs mock,4930523C07Rik,ENSMUSG00000090394,Downregulated,-3.034,3.034,3.07e-21,protein_coding,1,4930523C07 gene
AEC,Infection response,WSN vs mock,Cables1,ENSMUSG00000040957,Downregulated,-3.405,3.405,3.65e-21,protein_coding,18,CDK5 and Abl enzyme substrate 1
AEC,Infection response,WSN vs mock,Slc16a12,ENSMUSG00000009378,Downregulated,-2.321,2.321,6.17e-21,protein_coding,19,"solute carrier family 16 (monocarboxylic acid transporters), member 12"
AEC,Infection response,WSN vs mock,Ifi211,ENSMUSG00000026536,Upregulated,5.797,5.797,1.12e-20,protein_coding,1,interferon activated gene 211
AEC,Infection response,WSN vs mock,Hook1,ENSMUSG00000028572,Downregulated,-2.52,2.52,1.26e-20,protein_coding,4,hook microtubule tethering protein 1
AEC,Infection response,WSN vs mock,Ehf,ENSMUSG00000012350,Downregulated,-2.407,2.407,1.32e-20,protein_coding,2,ets homologous factor
AEC,Infection response,WSN vs mock,Thnsl1,ENSMUSG00000048550,Downregulated,-2.72,2.72,1.39e-20,protein_coding,2,threonine synthase-like 1 (bacterial)
AEC,Infection response,WSN vs mock,Crb3,ENSMUSG00000044279,Downregulated,-2.053,2.053,1.90e-20,protein_coding,17,crumbs family member 3
AEC,Infection response,WSN vs mock,Pnp2,ENSMUSG00000068417,Upregulated,3.687,3.687,2.02e-20,protein_coding,14,purine-nucleoside phosphorylase 2
AEC,Infection response,WSN vs mock,Grhl2,ENSMUSG00000022286,Downregulated,-4.373,4.373,2.24e-20,protein_coding,15,grainyhead like transcription factor 2
AEC,Infection response,WSN vs mock,Ifi205,ENSMUSG00000054203,Upregulated,8.124,8.124,2.33e-20,protein_coding,1,interferon activated gene 205
AEC,Infection response,WSN vs mock,Tgtp2,ENSMUSG00000078921,Upregulated,8.137,8.137,2.37e-20,protein_coding,11,T cell specific GTPase 2
AEC,Infection response,WSN vs mock,Plekha4,ENSMUSG00000040428,Upregulated,4.228,4.228,2.78e-20,protein_coding,7,"pleckstrin homology domain containing, family A (phosphoinositide binding specific) member 4"
AEC,Infection response,WSN vs mock,Palmd,ENSMUSG00000033377,Downregulated,-2.415,2.415,3.11e-20,protein_coding,3,palmdelphin
AEC,Infection response,WSN vs mock,C4b,ENSMUSG00000073418,Upregulated,3.5,3.5,3.42e-20,protein_coding,17,complement C4B (Chido blood group)
AEC,Infection response,WSN vs mock,Cpm,ENSMUSG00000020183,Upregulated,3.768,3.768,5.65e-20,protein_coding,10,carboxypeptidase M
AEC,Infection response,WSN vs mock,Mndal,ENSMUSG00000090272,Upregulated,6.973,6.973,3.49e-19,protein_coding,1,myeloid nuclear differentiation antigen like
AEC,Infection response,WSN vs mock,Hmgb3,ENSMUSG00000015217,Downregulated,-2.99,2.99,3.84e-19,protein_coding,X,high mobility group box 3
AEC,Infection response,WSN vs mock,Mecom,ENSMUSG00000027684,Downregulated,-2.704,2.704,4.24e-19,protein_coding,3,MDS1 and EVI1 complex locus
AEC,Infection response,WSN vs mock,Gm62552,ENSMUSG00000131024,Upregulated,2.023,2.023,7.44e-19,lncRNA,15,62552
AEC,Infection response,WSN vs mock,Tnip3,ENSMUSG00000044162,Downregulated,-2.477,2.477,1.31e-18,protein_coding,6,TNFAIP3 interacting protein 3
AEC,Infection response,WSN vs mock,Ifi27l2b,ENSMUSG00000021208,Upregulated,2.192,2.192,1.50e-18,protein_coding,12,"interferon, alpha-inducible protein 27 like 2B"
AEC,Infection response,WSN vs mock,Gramd2a,ENSMUSG00000074259,Downregulated,-2.863,2.863,1.53e-18,protein_coding,9,GRAM domain containing 2A
AEC,Infection response,WSN vs mock,Slc4a11,ENSMUSG00000074796,Downregulated,-2.372,2.372,1.74e-18,protein_coding,2,"solute carrier family 4, sodium bicarbonate transporter-like, member 11"
AEC,Infection response,WSN vs mock,Epha4,ENSMUSG00000026235,Downregulated,-2.66,2.66,2.64e-18,protein_coding,1,Eph receptor A4
AEC,Infection response,WSN vs mock,Oas1g,ENSMUSG00000066861,Upregulated,4.892,4.892,2.76e-18,protein_coding,5,2'-5' oligoadenylate synthetase 1G
AEC,Infection response,WSN vs mock,Pkhd1,ENSMUSG00000043760,Downregulated,-2.131,2.131,3.12e-18,protein_coding,1,polycystic kidney and hepatic disease 1
AEC,Infection response,WSN vs mock,Macc1,ENSMUSG00000041886,Downregulated,-3.826,3.826,4.93e-18,protein_coding,12,metastasis associated in colon cancer 1
AEC,Infection response,WSN vs mock,Krt15,ENSMUSG00000054146,Upregulated,5.18,5.18,6.72e-18,protein_coding,11,keratin 15
AEC,Infection response,WSN vs mock,Islr,ENSMUSG00000037206,Upregulated,2.567,2.567,9.99e-18,protein_coding,9,immunoglobulin superfamily containing leucine-rich repeat
AEC,Infection response,WSN vs mock,Tnk1,ENSMUSG00000001583,Downregulated,-3.355,3.355,1.10e-17,protein_coding,11,"tyrosine kinase, non-receptor, 1"
AEC,Infection response,WSN vs mock,Dlgap1,ENSMUSG00000003279,Upregulated,4.072,4.072,1.64e-17,protein_coding,17,DLG associated protein 1
AEC,Infection response,WSN vs mock,Chrm3,ENSMUSG00000046159,Downregulated,-4.227,4.227,1.72e-17,protein_coding,13,"cholinergic receptor, muscarinic 3, cardiac"
AEC,Infection response,WSN vs mock,Ddx60,ENSMUSG00000037921,Upregulated,7.514,7.514,4.31e-17,protein_coding,8,DExD/H box helicase 60
AEC,Infection response,WSN vs mock,Nmi,ENSMUSG00000026946,Upregulated,2.199,2.199,5.15e-17,protein_coding,2,N-myc (and STAT) interactor
AEC,Infection response,WSN vs mock,Cnnm3,ENSMUSG00000001138,Downregulated,-2.115,2.115,6.34e-17,protein_coding,1,cyclin M3
AEC,Infection response,WSN vs mock,9330121J05Rik,ENSMUSG00000103502,Downregulated,-3.466,3.466,6.59e-17,lncRNA,3,9330121J05 gene
AEC,Infection response,WSN vs mock,Gm17334,ENSMUSG00000091191,Upregulated,2.402,2.402,8.51e-17,TEC,11,17334
AEC,Infection response,WSN vs mock,Gm20559,ENSMUSG00000106734,Upregulated,3.312,3.312,1.02e-16,lncRNA,6,20559
AEC,Infection response,WSN vs mock,Gm56529,ENSMUSG00000120091,Upregulated,3.128,3.128,1.31e-16,lncRNA,12,56529
AEC,Infection response,WSN vs mock,Hnf1b,ENSMUSG00000020679,Downregulated,-4.463,4.463,1.37e-16,protein_coding,11,HNF1 homeobox B
AEC,Infection response,WSN vs mock,Oas1b,ENSMUSG00000029605,Upregulated,5.257,5.257,2.30e-16,protein_coding,5,2'-5' oligoadenylate synthetase 1B
AEC,Infection response,WSN vs mock,Serpinb8,ENSMUSG00000026315,Downregulated,-2.136,2.136,4.07e-16,protein_coding,1,"serine (or cysteine) peptidase inhibitor, clade B, member 8"
AEC,Infection response,WSN vs mock,Nbeal2,ENSMUSG00000056724,Downregulated,-2.845,2.845,5.78e-16,protein_coding,9,neurobeachin-like 2
AEC,Infection response,WSN vs mock,Map3k5,ENSMUSG00000071369,Downregulated,-2.074,2.074,6.00e-16,protein_coding,10,mitogen-activated protein kinase kinase kinase 5
AEC,Infection response,WSN vs mock,Rhobtb1,ENSMUSG00000019944,Downregulated,-3.241,3.241,6.58e-16,protein_coding,10,Rho-related BTB domain containing 1
AEC,Infection response,WSN vs mock,Tnfsf18,ENSMUSG00000066755,Upregulated,3.09,3.09,6.99e-16,protein_coding,1,"tumor necrosis factor (ligand) superfamily, member 18"
AEC,Infection response,WSN vs mock,Flvcr2,ENSMUSG00000034258,Downregulated,-2.418,2.418,2.22e-15,protein_coding,12,feline leukemia virus subgroup C cellular receptor 2
AEC,Infection response,WSN vs mock,Nos2,ENSMUSG00000020826,Upregulated,4.289,4.289,2.25e-15,protein_coding,11,"nitric oxide synthase 2, inducible"
AEC,Infection response,WSN vs mock,Gm17017,ENSMUSG00000090246,Upregulated,3.429,3.429,3.31e-15,lncRNA,1,predicted gene 17017
AEC,Infection response,WSN vs mock,Marveld2,ENSMUSG00000021636,Downregulated,-2.443,2.443,3.59e-15,protein_coding,13,MARVEL (membrane-associating) domain containing 2
AEC,Infection response,WSN vs mock,Gbp4,ENSMUSG00000079363,Upregulated,8.458,8.458,5.53e-15,protein_coding,5,guanylate binding protein 4
AEC,Infection response,WSN vs mock,Grip1,ENSMUSG00000034813,Downregulated,-2.832,2.832,1.11e-14,protein_coding,10,glutamate receptor interacting protein 1
AEC,Infection response,WSN vs mock,Rassf7,ENSMUSG00000038618,Downregulated,-2.656,2.656,2.07e-14,protein_coding,7,Ras association (RalGDS/AF-6) domain family (N-terminal) member 7
AEC,Infection response,WSN vs mock,Iigp1c,ENSMUSG00000073555,Upregulated,8.285,8.285,2.35e-14,protein_coding,18,interferon inducible GTPase 1C
AEC,Infection response,WSN vs mock,Elf3,ENSMUSG00000003051,Downregulated,-3.153,3.153,2.51e-14,protein_coding,1,E74-like factor 3
AEC,Infection response,WSN vs mock,Mmp13,ENSMUSG00000050578,Upregulated,2.93,2.93,5.32e-14,protein_coding,9,matrix metallopeptidase 13
AEC,Infection response,WSN vs mock,Lmnb1,ENSMUSG00000024590,Downregulated,-2.454,2.454,9.06e-14,protein_coding,18,lamin B1
AEC,Infection response,WSN vs mock,Nog,ENSMUSG00000048616,Downregulated,-3.393,3.393,1.43e-13,protein_coding,11,noggin
AEC,Infection response,WSN vs mock,1700061H18Rik,ENSMUSG00000084948,Downregulated,-3.102,3.102,2.09e-13,lncRNA,18,1700061H18 gene
AEC,Infection response,WSN vs mock,Camsap3,ENSMUSG00000044433,Downregulated,-2.525,2.525,2.55e-13,protein_coding,8,"calmodulin regulated spectrin-associated protein family, member 3"
AEC,Infection response,WSN vs mock,Prss8,ENSMUSG00000030800,Downregulated,-4.3,4.3,3.27e-13,protein_coding,7,serine protease 8 (prostasin)
AEC,Infection response,WSN vs mock,Eppk1,ENSMUSG00000118671,Downregulated,-4.714,4.714,3.66e-13,protein_coding,15,epiplakin 1
AEC,Infection response,WSN vs mock,Snhg7,ENSMUSG00000120369,Upregulated,3.65,3.65,5.08e-13,lncRNA,2,small nucleolar RNA host gene 7
AEC,Infection response,WSN vs mock,Gm26663,ENSMUSG00000143658,Downregulated,-2.713,2.713,6.32e-13,lncRNA,4,26663
AEC,Infection response,WSN vs mock,Trim30d,ENSMUSG00000057596,Upregulated,7.872,7.872,6.75e-13,protein_coding,7,tripartite motif-containing 30D
AEC,Infection response,WSN vs mock,Gm66279,ENSMUSG00000122456,Upregulated,5.446,5.446,7.12e-13,lncRNA,6,66279
AEC,Infection response,WSN vs mock,Prkg2,ENSMUSG00000029334,Upregulated,2.489,2.489,8.20e-13,protein_coding,5,"protein kinase, cGMP-dependent, type II"
AEC,Infection response,WSN vs mock,Gm16675,ENSMUSG00000097534,Upregulated,4.24,4.24,8.67e-13,lncRNA,8,16675
AEC,Infection response,WSN vs mock,Sowahb,ENSMUSG00000045314,Downregulated,-3.581,3.581,9.52e-13,protein_coding,5,sosondowah ankyrin repeat domain family member B
AEC,Infection response,WSN vs mock,Gm19610,ENSMUSG00000107350,Upregulated,2.038,2.038,9.52e-13,lncRNA,5,19610
AEC,Infection response,WSN vs mock,B3gnt5,ENSMUSG00000022686,Downregulated,-2.473,2.473,1.02e-12,protein_coding,16,"UDP-GlcNAc:betaGal beta-1,3-N-acetylglucosaminyltransferase 5"
AEC,Infection response,WSN vs mock,Bmf,ENSMUSG00000040093,Downregulated,-3.24,3.24,1.05e-12,protein_coding,2,BCL2 modifying factor
AEC,Infection response,WSN vs mock,Or2v1,ENSMUSG00000040328,Upregulated,5.84,5.84,1.22e-12,protein_coding,11,olfactory receptor family 2 subfamily V member 1
AEC,Infection response,WSN vs mock,Tbx1,ENSMUSG00000009097,Downregulated,-4.087,4.087,1.57e-12,protein_coding,16,T-box 1
AEC,Infection response,WSN vs mock,Rnasel,ENSMUSG00000066800,Upregulated,2.152,2.152,1.62e-12,protein_coding,1,"ribonuclease L (2', 5'-oligoisoadenylate synthetase-dependent)"
AEC,Infection response,WSN vs mock,Plac8,ENSMUSG00000029322,Upregulated,2.098,2.098,2.11e-12,protein_coding,5,placenta-specific 8
AEC,Infection response,WSN vs mock,Ifnlr1,ENSMUSG00000062157,Downregulated,-2.432,2.432,3.05e-12,protein_coding,4,interferon lambda receptor 1
AEC,Infection response,WSN vs mock,Gm56532,ENSMUSG00000120673,Downregulated,-2.194,2.194,3.15e-12,lncRNA,12,56532
AEC,Infection response,WSN vs mock,Exph5,ENSMUSG00000034584,Downregulated,-3.485,3.485,3.25e-12,protein_coding,9,exophilin 5
AEC,Infection response,WSN vs mock,Apol10b,ENSMUSG00000050014,Upregulated,3.073,3.073,3.30e-12,protein_coding,15,apolipoprotein L 10B
AEC,Infection response,WSN vs mock,Gm49654,ENSMUSG00000113184,Downregulated,-3.186,3.186,4.99e-12,lncRNA,12,49654
AEC,Infection response,WSN vs mock,Apol7a,ENSMUSG00000010601,Upregulated,2.839,2.839,7.63e-12,protein_coding,15,apolipoprotein L 7a
AEC,Infection response,WSN vs mock,Fhod3,ENSMUSG00000034295,Downregulated,-2.368,2.368,8.14e-12,protein_coding,18,formin homology 2 domain containing 3
AEC,Infection response,WSN vs mock,Ccl5,ENSMUSG00000035042,Upregulated,10.336,10.336,9.34e-12,protein_coding,11,C-C motif chemokine ligand 5
AEC,Infection response,WSN vs mock,Ank3,ENSMUSG00000069601,Downregulated,-2.773,2.773,1.21e-11,protein_coding,10,"ankyrin 3, epithelial"
AEC,Infection response,WSN vs mock,Tfcp2l1,ENSMUSG00000026380,Downregulated,-2.071,2.071,1.33e-11,protein_coding,1,transcription factor CP2-like 1
AEC,Infection response,WSN vs mock,Sh3tc1,ENSMUSG00000036553,Downregulated,-2.324,2.324,1.89e-11,protein_coding,5,SH3 domain and tetratricopeptide repeats 1
AEC,Infection response,WSN vs mock,Egr2,ENSMUSG00000037868,Upregulated,2.129,2.129,2.00e-11,protein_coding,10,early growth response 2
AEC,Infection response,WSN vs mock,Myzap,ENSMUSG00000041361,Downregulated,-2.435,2.435,2.22e-11,protein_coding,9,myocardial zonula adherens protein
AEC,Infection response,WSN vs mock,Gm74608,ENSMUSG00000123643,Upregulated,3.146,3.146,2.23e-11,lncRNA,2,74608
AEC,Infection response,WSN vs mock,Krt87,ENSMUSG00000047641,Upregulated,5.625,5.625,2.92e-11,protein_coding,15,keratin 87
AEC,Infection response,WSN vs mock,Gm48249,ENSMUSG00000111447,Downregulated,-2.169,2.169,3.74e-11,lncRNA,10,48249
AEC,Infection response,WSN vs mock,Setbp1,ENSMUSG00000024548,Downregulated,-2.553,2.553,5.92e-11,protein_coding,18,SET binding protein 1
AEC,Infection response,WSN vs mock,Shfl,ENSMUSG00000038884,Upregulated,2.162,2.162,6.40e-11,protein_coding,9,shiftless antiviral inhibitor of ribosomal frameshifting
AEC,Infection response,WSN vs mock,H2-M3,ENSMUSG00000016206,Upregulated,2.131,2.131,7.23e-11,protein_coding,17,"histocompatibility 2, M region locus 3"
AEC,Infection response,WSN vs mock,F830016B08Rik,ENSMUSG00000090942,Upregulated,10.08,10.08,7.41e-11,protein_coding,18,F830016B08 gene
AEC,Infection response,WSN vs mock,Cblc,ENSMUSG00000040525,Downregulated,-2.262,2.262,7.91e-11,protein_coding,7,Casitas B-lineage lymphoma c
AEC,Infection response,WSN vs mock,Myo16,ENSMUSG00000039057,Downregulated,-2.833,2.833,8.52e-11,protein_coding,8,myosin XVI
AEC,Infection response,WSN vs mock,Fgf16,ENSMUSG00000031230,Downregulated,-3.36,3.36,8.57e-11,protein_coding,X,fibroblast growth factor 16
AEC,Infection response,WSN vs mock,Tnfsf10,ENSMUSG00000039304,Upregulated,3.598,3.598,9.56e-11,protein_coding,3,"tumor necrosis factor (ligand) superfamily, member 10"
AEC,Infection response,WSN vs mock,Sox11,ENSMUSG00000063632,Downregulated,-3.007,3.007,9.72e-11,protein_coding,12,SRY (sex determining region Y)-box 11
AEC,Infection response,WSN vs mock,Pla1a,ENSMUSG00000002847,Upregulated,2.365,2.365,1.28e-10,protein_coding,16,phospholipase A1 member A
AEC,Infection response,WSN vs mock,Gm63800,ENSMUSG00000125029,Upregulated,2.95,2.95,1.38e-10,lncRNA,8,63800
AEC,Infection response,WSN vs mock,Ankrd33b,ENSMUSG00000022237,Downregulated,-2.736,2.736,1.62e-10,protein_coding,15,ankyrin repeat domain 33B
AEC,Infection response,WSN vs mock,Gm15234,ENSMUSG00000085250,Downregulated,-2.731,2.731,1.83e-10,lncRNA,3,predicted gene 15234
AEC,Infection response,WSN vs mock,Ppp1r9a,ENSMUSG00000032827,Downregulated,-2.08,2.08,1.86e-10,protein_coding,6,"protein phosphatase 1, regulatory subunit 9A"
AEC,Infection response,WSN vs mock,Angpt2,ENSMUSG00000031465,Upregulated,2.317,2.317,2.92e-10,protein_coding,8,angiopoietin 2
AEC,Infection response,WSN vs mock,Rnf43,ENSMUSG00000034177,Downregulated,-3.289,3.289,2.97e-10,protein_coding,11,ring finger protein 43
AEC,Infection response,WSN vs mock,Phf11b,ENSMUSG00000091649,Upregulated,9.775,9.775,3.03e-10,protein_coding,14,PHD finger protein 11B
AEC,Infection response,WSN vs mock,Gm69541,ENSMUSG00000140986,Downregulated,-2.871,2.871,3.13e-10,lncRNA,9,69541
AEC,Infection response,WSN vs mock,Il15ra,ENSMUSG00000023206,Upregulated,3.372,3.372,3.24e-10,protein_coding,2,"interleukin 15 receptor, alpha chain"
AEC,Infection response,WSN vs mock,Prex1,ENSMUSG00000039621,Upregulated,2.4,2.4,3.65e-10,protein_coding,2,"phosphatidylinositol-3,4,5-trisphosphate-dependent Rac exchange factor 1"
AEC,Infection response,WSN vs mock,Kdf1,ENSMUSG00000037600,Downregulated,-3.142,3.142,3.94e-10,protein_coding,4,keratinocyte differentiation factor 1
AEC,Infection response,WSN vs mock,Icam5,ENSMUSG00000032174,Upregulated,4.419,4.419,3.97e-10,protein_coding,9,"intercellular adhesion molecule 5, telencephalin"
AEC,Infection response,WSN vs mock,Mtmr7,ENSMUSG00000039431,Downregulated,-2.284,2.284,4.53e-10,protein_coding,8,myotubularin related protein 7
AEC,Infection response,WSN vs mock,Synm,ENSMUSG00000030554,Downregulated,-2.276,2.276,4.73e-10,protein_coding,7,"synemin, intermediate filament protein"
AEC,Infection response,WSN vs mock,Tgm1,ENSMUSG00000022218,Downregulated,-2.55,2.55,5.59e-10,protein_coding,14,"transglutaminase 1, K polypeptide"
AEC,Infection response,WSN vs mock,Gbp6,ENSMUSG00000104713,Upregulated,9.589,9.589,7.74e-10,protein_coding,5,guanylate binding protein 6
AEC,Infection response,WSN vs mock,Clec2d,ENSMUSG00000030157,Upregulated,3.077,3.077,9.22e-10,protein_coding,6,"C-type lectin domain family 2, member d"
AEC,Infection response,WSN vs mock,Dscaml1,ENSMUSG00000032087,Downregulated,-2.555,2.555,9.69e-10,protein_coding,9,DS cell adhesion molecule like 1
AEC,Infection response,WSN vs mock,Gm5431,ENSMUSG00000058163,Upregulated,3.277,3.277,1.02e-09,protein_coding,11,predicted gene 5431
AEC,Infection response,WSN vs mock,AU018091,ENSMUSG00000054753,Downregulated,-2.048,2.048,1.08e-09,protein_coding,7,expressed sequence AU018091
AEC,Infection response,WSN vs mock,Klhl30,ENSMUSG00000026308,Downregulated,-2.382,2.382,1.29e-09,protein_coding,1,kelch-like 30
AEC,Infection response,WSN vs mock,Grb7,ENSMUSG00000019312,Downregulated,-4.287,4.287,1.33e-09,protein_coding,11,growth factor receptor bound protein 7
AEC,Infection response,WSN vs mock,Gm62577,ENSMUSG00000131539,Upregulated,3.205,3.205,1.40e-09,lncRNA,15,62577
AEC,Infection response,WSN vs mock,Pgcka1,ENSMUSG00000060512,Downregulated,-2.895,2.895,1.83e-09,protein_coding,5,PDCD10 and GCKIII kinases associated 1
AEC,Infection response,WSN vs mock,Shank2,ENSMUSG00000037541,Downregulated,-2.436,2.436,1.89e-09,protein_coding,7,SH3 and multiple ankyrin repeat domains 2
AEC,Infection response,WSN vs mock,Prr15l,ENSMUSG00000047040,Downregulated,-4.162,4.162,1.95e-09,protein_coding,11,proline rich 15-like
AEC,Infection response,WSN vs mock,Gm70603,ENSMUSG00000133197,Downregulated,-2.212,2.212,1.95e-09,lncRNA,1,70603
AEC,Infection response,WSN vs mock,Wipf3,ENSMUSG00000086040,Downregulated,-2.629,2.629,2.33e-09,protein_coding,6,"WAS/WASL interacting protein family, member 3"
AEC,Infection response,WSN vs mock,Unc5c,ENSMUSG00000059921,Upregulated,3.198,3.198,2.50e-09,protein_coding,3,unc-5 netrin receptor C
AEC,Infection response,WSN vs mock,Btc,ENSMUSG00000082361,Upregulated,2.184,2.184,2.89e-09,protein_coding,5,"betacellulin, epidermal growth factor family member"
AEC,Infection response,WSN vs mock,Gm73570,ENSMUSG00000134255,Downregulated,-3.648,3.648,3.12e-09,lncRNA,11,73570
AEC,Infection response,WSN vs mock,Nckap5,ENSMUSG00000049690,Downregulated,-2.09,2.09,3.16e-09,protein_coding,1,NCK-associated protein 5
AEC,Infection response,WSN vs mock,Cd68,ENSMUSG00000018774,Upregulated,2.044,2.044,3.23e-09,protein_coding,11,CD68 antigen
AEC,Infection response,WSN vs mock,Gm62343,ENSMUSG00000127956,Downregulated,-2.824,2.824,3.59e-09,lncRNA,15,62343
AEC,Infection response,WSN vs mock,Tmem102,ENSMUSG00000089876,Downregulated,-2.596,2.596,3.79e-09,protein_coding,11,transmembrane protein 102
AEC,Infection response,WSN vs mock,Gm12185,ENSMUSG00000048852,Upregulated,3.283,3.283,4.18e-09,protein_coding,11,predicted gene 12185
AEC,Infection response,WSN vs mock,Mid1,ENSMUSG00000035299,Downregulated,-2.162,2.162,4.21e-09,protein_coding,X,midline 1
AEC,Infection response,WSN vs mock,Oas2,ENSMUSG00000032690,Upregulated,9.051,9.051,4.39e-09,protein_coding,5,2'-5' oligoadenylate synthetase 2
AEC,Infection response,WSN vs mock,Gm6634,ENSMUSG00000119972,Upregulated,2.761,2.761,4.57e-09,lncRNA,3,predicted gene 6634
AEC,Infection response,WSN vs mock,Marveld3,ENSMUSG00000001672,Downregulated,-2.032,2.032,4.66e-09,protein_coding,8,MARVEL (membrane-associating) domain containing 3
AEC,Infection response,WSN vs mock,Arhgap22,ENSMUSG00000063506,Downregulated,-2.016,2.016,4.88e-09,protein_coding,14,Rho GTPase activating protein 22
AEC,Infection response,WSN vs mock,Colec11,ENSMUSG00000036655,Upregulated,3.612,3.612,5.05e-09,protein_coding,12,collectin sub-family member 11
AEC,Infection response,WSN vs mock,Cxcl9,ENSMUSG00000029417,Upregulated,9.024,9.024,5.10e-09,protein_coding,5,C-X-C motif chemokine ligand 9
AEC,Infection response,WSN vs mock,Prkch,ENSMUSG00000021108,Downregulated,-3.409,3.409,6.19e-09,protein_coding,12,"protein kinase C, eta"
AEC,Infection response,WSN vs mock,Npr1,ENSMUSG00000027931,Upregulated,2.652,2.652,7.49e-09,protein_coding,3,natriuretic peptide receptor 1
AEC,Infection response,WSN vs mock,Gm60910,ENSMUSG00000133373,Upregulated,2.73,2.73,7.90e-09,lncRNA,13,60910
AEC,Infection response,WSN vs mock,Gm12250,ENSMUSG00000134402,Upregulated,8.918,8.918,8.13e-09,lncRNA,11,predicted gene 12250
AEC,Infection response,WSN vs mock,Adamts14,ENSMUSG00000059901,Upregulated,2.006,2.006,8.24e-09,protein_coding,10,ADAM metallopeptidase with thrombospondin type 1 motif 14
AEC,Infection response,WSN vs mock,Ccl8,ENSMUSG00000009185,Upregulated,4.207,4.207,8.34e-09,protein_coding,11,C-C motif chemokine ligand 8
AEC,Infection response,WSN vs mock,D630003M21Rik,ENSMUSG00000037813,Downregulated,-2.635,2.635,8.72e-09,protein_coding,2,D630003M21 gene
AEC,Infection response,WSN vs mock,Gm60893,ENSMUSG00000138247,Upregulated,9.045,9.045,1.03e-08,lncRNA,16,60893
AEC,Infection response,WSN vs mock,Gm4841,ENSMUSG00000068606,Upregulated,8.847,8.847,1.16e-08,protein_coding,18,predicted gene 4841
AEC,Infection response,WSN vs mock,Socs1,ENSMUSG00000038037,Upregulated,3.262,3.262,1.23e-08,protein_coding,16,suppressor of cytokine signaling 1
AEC,Infection response,WSN vs mock,Mir7688,ENSMUSG00000098679,Upregulated,8.792,8.792,1.38e-08,miRNA,10,microRNA 7688
AEC,Infection response,WSN vs mock,A630072L19Rik,ENSMUSG00000097160,Downregulated,-2.999,2.999,1.44e-08,lncRNA,12,A630072L19 gene
AEC,Infection response,WSN vs mock,Gm15512,ENSMUSG00000087639,Downregulated,-2.255,2.255,1.85e-08,lncRNA,14,predicted gene 15512
AEC,Infection response,WSN vs mock,Arfgef3,ENSMUSG00000019852,Downregulated,-2.542,2.542,2.19e-08,protein_coding,10,ARFGEF family member 3
AEC,Infection response,WSN vs mock,Ptx3,ENSMUSG00000027832,Upregulated,3.201,3.201,2.54e-08,protein_coding,3,pentraxin related gene
AEC,Infection response,WSN vs mock,2310043P16Rik,ENSMUSG00000108732,Upregulated,3.536,3.536,2.77e-08,TEC,7,2310043P16 gene
AEC,Infection response,WSN vs mock,Psd,ENSMUSG00000037126,Upregulated,2.233,2.233,3.35e-08,protein_coding,19,pleckstrin and Sec7 domain containing
AEC,Infection response,WSN vs mock,Cd53,ENSMUSG00000040747,Upregulated,2.115,2.115,3.79e-08,protein_coding,3,CD53 antigen
AEC,Infection response,WSN vs mock,Osr1,ENSMUSG00000048387,Downregulated,-2.505,2.505,4.32e-08,protein_coding,12,odd-skipped related transcription factor 1
AEC,Infection response,WSN vs mock,Efna4,ENSMUSG00000028040,Downregulated,-2.347,2.347,4.53e-08,protein_coding,3,ephrin A4
AEC,Infection response,WSN vs mock,Six1,ENSMUSG00000051367,Downregulated,-4.29,4.29,4.85e-08,protein_coding,12,sine oculis-related homeobox 1
AEC,Infection response,WSN vs mock,Gm42406,ENSMUSG00000140630,Upregulated,2.056,2.056,5.04e-08,lncRNA,X,42406
AEC,Infection response,WSN vs mock,Fam83b,ENSMUSG00000032358,Downregulated,-4.197,4.197,5.07e-08,protein_coding,9,"family with sequence similarity 83, member B"
AEC,Infection response,WSN vs mock,Dhx58os,ENSMUSG00000085604,Upregulated,5.387,5.387,5.59e-08,lncRNA,11,"DExH-box helicase 58, opposite strand"
AEC,Infection response,WSN vs mock,Gvin2,ENSMUSG00000078606,Upregulated,5.413,5.413,8.27e-08,protein_coding,7,"GTPase, very large interferon inducible, family member 2"
AEC,Infection response,WSN vs mock,Gm43127,ENSMUSG00000105140,Downregulated,-2.196,2.196,8.29e-08,TEC,9,predicted gene 43127
AEC,Infection response,WSN vs mock,Il17re,ENSMUSG00000043088,Downregulated,-2.148,2.148,8.39e-08,protein_coding,6,interleukin 17 receptor E
AEC,Infection response,WSN vs mock,Celsr2,ENSMUSG00000068740,Downregulated,-2.041,2.041,8.60e-08,protein_coding,3,"cadherin, EGF LAG seven-pass G-type receptor 2"
AEC,Infection response,WSN vs mock,Bc1,ENSMUSG00000115783,Upregulated,3.656,3.656,1.01e-07,lncRNA,7,brain cytoplasmic RNA 1
AEC,Infection response,WSN vs mock,Tlr5,ENSMUSG00000079164,Downregulated,-2.297,2.297,1.10e-07,protein_coding,1,toll-like receptor 5
AEC,Infection response,WSN vs mock,Gm64654,ENSMUSG00000126069,Downregulated,-4.669,4.669,1.11e-07,lncRNA,3,64654
AEC,Infection response,WSN vs mock,A330040F15Rik,ENSMUSG00000086213,Upregulated,3.573,3.573,1.33e-07,protein_coding,19,A330040F15 gene
AEC,Infection response,WSN vs mock,Ppp2r2b,ENSMUSG00000024500,Downregulated,-2.404,2.404,1.37e-07,protein_coding,18,"protein phosphatase 2, regulatory subunit B, beta"
AEC,Infection response,WSN vs mock,Ccser1,ENSMUSG00000039578,Downregulated,-2.336,2.336,1.54e-07,protein_coding,6,coiled-coil serine rich 1
AEC,Infection response,WSN vs mock,Plekhd1,ENSMUSG00000066438,Downregulated,-3.401,3.401,1.76e-07,protein_coding,12,"pleckstrin homology domain containing, family D (with coiled-coil domains) member 1"
AEC,Infection response,WSN vs mock,Ccl20,ENSMUSG00000026166,Upregulated,3.766,3.766,1.76e-07,protein_coding,1,C-C motif chemokine ligand 20
AEC,Infection response,WSN vs mock,Aoc2,ENSMUSG00000078651,Upregulated,3.2,3.2,1.80e-07,protein_coding,11,amine oxidase copper containing 2
AEC,Infection response,WSN vs mock,Gm72293,ENSMUSG00000134102,Upregulated,8.19,8.19,1.83e-07,lncRNA,5,72293
AEC,Infection response,WSN vs mock,Pgap4,ENSMUSG00000039611,Downregulated,-2.381,2.381,1.86e-07,protein_coding,4,post-GPI attachment to proteins GalNAc transferase 4
AEC,Infection response,WSN vs mock,Ptpn6,ENSMUSG00000004266,Downregulated,-2.181,2.181,1.88e-07,protein_coding,6,"protein tyrosine phosphatase, non-receptor type 6"
AEC,Infection response,WSN vs mock,Adrb2,ENSMUSG00000045730,Downregulated,-2.485,2.485,1.93e-07,protein_coding,18,"adrenergic receptor, beta 2"
AEC,Infection response,WSN vs mock,Cxcl2,ENSMUSG00000058427,Upregulated,8.083,8.083,2.44e-07,protein_coding,5,C-X-C motif chemokine ligand 2
AEC,Infection response,WSN vs mock,Pax5,ENSMUSG00000014030,Upregulated,8.353,8.353,2.56e-07,protein_coding,4,paired box 5
AEC,Infection response,WSN vs mock,Mtcl1,ENSMUSG00000052105,Downregulated,-2.012,2.012,2.64e-07,protein_coding,17,microtubule crosslinking factor 1
AEC,Infection response,WSN vs mock,Ccin,ENSMUSG00000070999,Upregulated,8.34,8.34,2.71e-07,protein_coding,4,calicin
AEC,Infection response,WSN vs mock,Il18,ENSMUSG00000039217,Upregulated,2.351,2.351,3.06e-07,protein_coding,9,interleukin 18
AEC,Infection response,WSN vs mock,Abcc3,ENSMUSG00000020865,Downregulated,-2.199,2.199,3.09e-07,protein_coding,11,"ATP-binding cassette, sub-family C member 3"
AEC,Infection response,WSN vs mock,Garin4,ENSMUSG00000091017,Upregulated,8.311,8.311,3.48e-07,protein_coding,1,golgi associated RAB2 interactor family member 4
AEC,Infection response,WSN vs mock,Afap1l2,ENSMUSG00000025083,Downregulated,-2.595,2.595,3.95e-07,protein_coding,19,actin filament associated protein 1-like 2
AEC,Infection response,WSN vs mock,Pou3f1,ENSMUSG00000090125,Upregulated,4.686,4.686,4.14e-07,protein_coding,4,"POU domain, class 3, transcription factor 1"
AEC,Infection response,WSN vs mock,Gm64932,ENSMUSG00000128617,Upregulated,2.377,2.377,4.21e-07,lncRNA,8,64932
AEC,Infection response,WSN vs mock,Nexmif,ENSMUSG00000046449,Downregulated,-2.866,2.866,4.65e-07,protein_coding,X,neurite extension and migration factor
AEC,Infection response,WSN vs mock,BC023105,ENSMUSG00000143426,Upregulated,7.908,7.908,5.73e-07,lncRNA,18,interferon-inducible GTPase-like pseudogene
AEC,Infection response,WSN vs mock,Cimip3,ENSMUSG00000047150,Downregulated,-3.118,3.118,6.53e-07,protein_coding,17,ciliary microtubule inner protein 3
AEC,Infection response,WSN vs mock,Irx5,ENSMUSG00000031737,Downregulated,-2.715,2.715,7.59e-07,protein_coding,8,Iroquois homeobox 5
AEC,Infection response,WSN vs mock,Lgi2,ENSMUSG00000039252,Upregulated,2.139,2.139,8.12e-07,protein_coding,5,"leucine-rich repeat LGI family, member 2"
AEC,Infection response,WSN vs mock,Rasa4,ENSMUSG00000004952,Upregulated,2.084,2.084,8.80e-07,protein_coding,5,RAS p21 protein activator 4
AEC,Infection response,WSN vs mock,Ifnb1,ENSMUSG00000048806,Upregulated,7.843,7.843,9.07e-07,protein_coding,4,"interferon beta 1, fibroblast"
AEC,Infection response,WSN vs mock,Zfp799,ENSMUSG00000095253,Downregulated,-2.03,2.03,1.07e-06,protein_coding,17,zinc finger protein 799
AEC,Infection response,WSN vs mock,Gpr84,ENSMUSG00000063234,Upregulated,5.891,5.891,1.17e-06,protein_coding,15,G protein-coupled receptor 84
AEC,Infection response,WSN vs mock,Rassf9,ENSMUSG00000044921,Downregulated,-3.949,3.949,1.41e-06,protein_coding,10,Ras association (RalGDS/AF-6) domain family (N-terminal) member 9
AEC,Infection response,WSN vs mock,Slfn8,ENSMUSG00000035208,Upregulated,8.002,8.002,1.49e-06,protein_coding,11,schlafen 8
AEC,Infection response,WSN vs mock,Gm71949,ENSMUSG00000123284,Upregulated,3.261,3.261,1.69e-06,lncRNA,11,71949
AEC,Infection response,WSN vs mock,Pik3r6,ENSMUSG00000046207,Downregulated,-3.079,3.079,1.75e-06,protein_coding,11,phosphoinositide-3-kinase regulatory subunit 5
AEC,Infection response,WSN vs mock,Bik,ENSMUSG00000016758,Downregulated,-4.652,4.652,1.97e-06,protein_coding,15,BCL2-interacting killer
AEC,Infection response,WSN vs mock,Tjp3,ENSMUSG00000034917,Downregulated,-2.22,2.22,2.01e-06,protein_coding,10,tight junction protein 3
AEC,Infection response,WSN vs mock,Gm52626,ENSMUSG00000128604,Downregulated,-2.639,2.639,2.10e-06,lncRNA,3,52626
AEC,Infection response,WSN vs mock,Phf11a,ENSMUSG00000044703,Upregulated,7.899,7.899,2.13e-06,protein_coding,14,PHD finger protein 11A
AEC,Infection response,WSN vs mock,Mir155hg,ENSMUSG00000097418,Upregulated,3.621,3.621,2.54e-06,lncRNA,16,Mir155 host gene (non-protein coding)
AEC,Infection response,WSN vs mock,Tex15,ENSMUSG00000009628,Downregulated,-2.23,2.23,2.62e-06,protein_coding,8,testis expressed gene 15 meiosis and synapsis associated
AEC,Infection response,WSN vs mock,Gna14,ENSMUSG00000024697,Downregulated,-3.278,3.278,2.75e-06,protein_coding,19,"guanine nucleotide binding protein, alpha 14"
AEC,Infection response,WSN vs mock,Fam237b,ENSMUSG00000073234,Upregulated,3.702,3.702,2.75e-06,protein_coding,5,"family with sequence similarity 237, member B"
AEC,Infection response,WSN vs mock,Pierce1,ENSMUSG00000026831,Downregulated,-2.146,2.146,2.95e-06,protein_coding,2,piercer of microtubule wall 1
AEC,Infection response,WSN vs mock,Gm17276,ENSMUSG00000097305,Downregulated,-2.1,2.1,3.00e-06,lncRNA,17,17276
AEC,Infection response,WSN vs mock,Gm20319,ENSMUSG00000092545,Upregulated,2.072,2.072,3.14e-06,lncRNA,16,20319
AEC,Infection response,WSN vs mock,1700019L13Rik,ENSMUSG00000111639,Upregulated,2.286,2.286,3.25e-06,lncRNA,9,1700019L13 gene
AEC,Infection response,WSN vs mock,Fap,ENSMUSG00000000392,Upregulated,3.083,3.083,3.43e-06,protein_coding,2,fibroblast activation protein
AEC,Infection response,WSN vs mock,Gm53387,ENSMUSG00000137725,Upregulated,4.096,4.096,3.53e-06,lncRNA,7,53387
AEC,Infection response,WSN vs mock,Trim69,ENSMUSG00000033368,Upregulated,7.734,7.734,3.68e-06,protein_coding,2,tripartite motif-containing 69
AEC,Infection response,WSN vs mock,Gm41609,ENSMUSG00000117231,Upregulated,2.575,2.575,3.85e-06,lncRNA,17,41609
AEC,Infection response,WSN vs mock,Gbp2b,ENSMUSG00000040264,Upregulated,7.732,7.732,3.90e-06,protein_coding,3,guanylate binding protein 2b
AEC,Infection response,WSN vs mock,Gm37565,ENSMUSG00000104045,Upregulated,3.003,3.003,4.24e-06,lncRNA,2,37565
AEC,Infection response,WSN vs mock,Tppp,ENSMUSG00000021573,Downregulated,-2.436,2.436,4.28e-06,protein_coding,13,tubulin polymerization promoting protein
AEC,Infection response,WSN vs mock,Gm70747,ENSMUSG00000135644,Downregulated,-2.226,2.226,4.30e-06,lncRNA,1,70747
AEC,Infection response,WSN vs mock,Gm57169,ENSMUSG00000121044,Upregulated,3.122,3.122,4.74e-06,lncRNA,1,57169
AEC,Infection response,WSN vs mock,Ifi208,ENSMUSG00000066677,Upregulated,7.689,7.689,4.78e-06,protein_coding,1,interferon activated gene 208
AEC,Infection response,WSN vs mock,Gm50433,ENSMUSG00000121743,Upregulated,2.895,2.895,5.96e-06,lncRNA,17,50433
AEC,Infection response,WSN vs mock,Gm64412,ENSMUSG00000123616,Upregulated,4.833,4.833,6.27e-06,lncRNA,3,64412
AEC,Infection response,WSN vs mock,Gm57304,ENSMUSG00000121013,Upregulated,7.652,7.652,6.28e-06,lncRNA,5,57304
AEC,Infection response,WSN vs mock,B430010I23Rik,ENSMUSG00000084960,Downregulated,-2.289,2.289,6.59e-06,lncRNA,8,B430010I23 gene
AEC,Infection response,WSN vs mock,Ar,ENSMUSG00000046532,Upregulated,2.215,2.215,7.08e-06,protein_coding,X,androgen receptor
AEC,Infection response,WSN vs mock,Tmem95,ENSMUSG00000094845,Upregulated,3.016,3.016,7.39e-06,protein_coding,11,transmembrane protein 95
AEC,Infection response,WSN vs mock,Gm44067,ENSMUSG00000108095,Upregulated,7.583,7.583,7.47e-06,lncRNA,6,44067
AEC,Infection response,WSN vs mock,Ccl4,ENSMUSG00000018930,Upregulated,7.56,7.56,7.75e-06,protein_coding,11,C-C motif chemokine ligand 4
AEC,Infection response,WSN vs mock,Lrrc8e,ENSMUSG00000046589,Downregulated,-3.124,3.124,7.84e-06,protein_coding,8,"leucine rich repeat containing 8 family, member E"
AEC,Infection response,WSN vs mock,Gm73431,ENSMUSG00000137911,Upregulated,7.219,7.219,8.29e-06,lncRNA,7,73431
AEC,Infection response,WSN vs mock,Gm59901,ENSMUSG00000126471,Downregulated,-3.839,3.839,8.80e-06,lncRNA,16,59901
AEC,Infection response,WSN vs mock,Klhl38,ENSMUSG00000022357,Downregulated,-2.827,2.827,9.14e-06,protein_coding,15,kelch-like 38
AEC,Infection response,WSN vs mock,Gal3st1,ENSMUSG00000049721,Downregulated,-2.149,2.149,9.31e-06,protein_coding,11,galactose-3-O-sulfotransferase 1
AEC,Infection response,WSN vs mock,Gm6277,ENSMUSG00000097440,Downregulated,-2.54,2.54,9.31e-06,lncRNA,18,predicted gene 6277
AEC,Infection response,WSN vs mock,Gm26637,ENSMUSG00000139273,Upregulated,2.183,2.183,9.68e-06,lncRNA,17,26637
AEC,Infection response,WSN vs mock,AA474408,ENSMUSG00000073867,Upregulated,3.651,3.651,1.01e-05,TEC,7,expressed sequence AA474408
AEC,Infection response,WSN vs mock,Epsti1,ENSMUSG00000022014,Upregulated,2.224,2.224,1.02e-05,protein_coding,14,epithelial stromal interaction 1
AEC,Infection response,WSN vs mock,Tnfrsf26,ENSMUSG00000045362,Upregulated,2.921,2.921,1.07e-05,protein_coding,7,"tumor necrosis factor receptor superfamily, member 26"
AEC,Infection response,WSN vs mock,Pclo,ENSMUSG00000061601,Downregulated,-2.797,2.797,1.09e-05,protein_coding,5,piccolo (presynaptic cytomatrix protein)
AEC,Infection response,WSN vs mock,Tox3,ENSMUSG00000043668,Downregulated,-3.393,3.393,1.11e-05,protein_coding,8,TOX high mobility group box family member 3
AEC,Infection response,WSN vs mock,Nfatc2,ENSMUSG00000027544,Downregulated,-2.491,2.491,1.14e-05,protein_coding,2,"nuclear factor of activated T cells, cytoplasmic, calcineurin dependent 2"
AEC,Infection response,WSN vs mock,Nkx2-9,ENSMUSG00000058669,Downregulated,-2.97,2.97,1.23e-05,protein_coding,12,NK2 homeobox 9
AEC,Infection response,WSN vs mock,Ifi203-ps,ENSMUSG00000090222,Upregulated,7.458,7.458,1.27e-05,transcribed_unprocessed_pseudogene,1,"interferon activated gene 203, pseudogene"
AEC,Infection response,WSN vs mock,Gm60935,ENSMUSG00000141408,Downregulated,-2.616,2.616,1.30e-05,lncRNA,12,60935
AEC,Infection response,WSN vs mock,Gm57309,ENSMUSG00000121070,Upregulated,4.737,4.737,1.35e-05,lncRNA,5,57309
AEC,Infection response,WSN vs mock,Gbp8,ENSMUSG00000034438,Upregulated,4.031,4.031,1.35e-05,protein_coding,5,guanylate-binding protein 8
AEC,Infection response,WSN vs mock,Map3k8,ENSMUSG00000024235,Upregulated,2.114,2.114,1.38e-05,protein_coding,18,mitogen-activated protein kinase kinase kinase 8
AEC,Infection response,WSN vs mock,Zscan2,ENSMUSG00000038797,Downregulated,-2.488,2.488,1.54e-05,protein_coding,7,zinc finger and SCAN domain containing 2
AEC,Infection response,WSN vs mock,Gm13822,ENSMUSG00000087477,Upregulated,7.433,7.433,1.55e-05,lncRNA,5,predicted gene 13822
AEC,Infection response,WSN vs mock,Car6,ENSMUSG00000028972,Upregulated,2.386,2.386,1.59e-05,protein_coding,4,carbonic anhydrase 6
AEC,Infection response,WSN vs mock,Gm42829,ENSMUSG00000105895,Upregulated,3.368,3.368,1.66e-05,lncRNA,5,predicted gene 42829
AEC,Infection response,WSN vs mock,Rprm,ENSMUSG00000075334,Downregulated,-2.054,2.054,1.67e-05,protein_coding,2,"reprimo, TP53 dependent G2 arrest mediator candidate"
AEC,Infection response,WSN vs mock,4930562F07Rik,ENSMUSG00000026729,Downregulated,-2.419,2.419,1.89e-05,lncRNA,1,4930562F07 gene
AEC,Infection response,WSN vs mock,Tmem125,ENSMUSG00000050854,Downregulated,-3.945,3.945,1.94e-05,protein_coding,4,transmembrane protein 125
AEC,Infection response,WSN vs mock,Arhgap40,ENSMUSG00000074625,Downregulated,-6.141,6.141,2.02e-05,protein_coding,2,Rho GTPase activating protein 40
AEC,Infection response,WSN vs mock,Faah,ENSMUSG00000034171,Downregulated,-2.56,2.56,2.10e-05,protein_coding,4,fatty acid amide hydrolase
AEC,Infection response,WSN vs mock,Gm73368,ENSMUSG00000142087,Upregulated,7.327,7.327,2.12e-05,lncRNA,5,73368
AEC,Infection response,WSN vs mock,Smtnl2,ENSMUSG00000045667,Downregulated,-2.997,2.997,2.35e-05,protein_coding,11,smoothelin-like 2
AEC,Infection response,WSN vs mock,Tead4,ENSMUSG00000030353,Downregulated,-2.356,2.356,2.42e-05,protein_coding,6,TEA domain family member 4
AEC,Infection response,WSN vs mock,9330175E14Rik,ENSMUSG00000097194,Upregulated,5.355,5.355,2.56e-05,lncRNA,8,9330175E14 gene
AEC,Infection response,WSN vs mock,Icam4,ENSMUSG00000001014,Upregulated,2.753,2.753,2.71e-05,protein_coding,9,"intercellular adhesion molecule 4, Landsteiner-Wiener blood group"
AEC,Infection response,WSN vs mock,Hdc,ENSMUSG00000027360,Upregulated,6.92,6.92,2.76e-05,protein_coding,2,histidine decarboxylase
AEC,Infection response,WSN vs mock,Fgf18,ENSMUSG00000057967,Downregulated,-2.25,2.25,2.82e-05,protein_coding,11,fibroblast growth factor 18
AEC,Infection response,WSN vs mock,Mb,ENSMUSG00000018893,Upregulated,4.574,4.574,2.85e-05,protein_coding,15,myoglobin
AEC,Infection response,WSN vs mock,Gm42725,ENSMUSG00000105601,Upregulated,7.287,7.287,2.88e-05,TEC,5,predicted gene 42725
AEC,Infection response,WSN vs mock,Sox2,ENSMUSG00000074637,Downregulated,-4.302,4.302,2.95e-05,protein_coding,3,SRY (sex determining region Y)-box 2
AEC,Infection response,WSN vs mock,Gm49482,ENSMUSG00000116308,Upregulated,7.221,7.221,3.08e-05,lncRNA,15,49482
AEC,Infection response,WSN vs mock,Gm51785,ENSMUSG00000126915,Upregulated,2.058,2.058,3.12e-05,lncRNA,10,51785
AEC,Infection response,WSN vs mock,Gm68105,ENSMUSG00000144172,Upregulated,7.26,7.26,3.15e-05,lncRNA,10,68105
AEC,Infection response,WSN vs mock,Pla2g4c,ENSMUSG00000033847,Upregulated,5.274,5.274,3.22e-05,protein_coding,7,"phospholipase A2, group IVC (cytosolic, calcium-independent)"
AEC,Infection response,WSN vs mock,Gbp10,ENSMUSG00000105096,Upregulated,7.22,7.22,3.42e-05,protein_coding,5,guanylate-binding protein 10
AEC,Infection response,WSN vs mock,Gm66719,ENSMUSG00000126238,Upregulated,7.219,7.219,3.43e-05,lncRNA,6,66719
AEC,Infection response,WSN vs mock,Fgl2,ENSMUSG00000039899,Upregulated,2.049,2.049,3.45e-05,protein_coding,5,fibrinogen-like protein 2
AEC,Infection response,WSN vs mock,Rep15,ENSMUSG00000040121,Upregulated,2.308,2.308,3.75e-05,protein_coding,6,RAB15 effector protein
AEC,Infection response,WSN vs mock,Acer2,ENSMUSG00000038007,Downregulated,-2.622,2.622,3.81e-05,protein_coding,4,alkaline ceramidase 2
AEC,Infection response,WSN vs mock,Gm41442,ENSMUSG00000116946,Upregulated,2.906,2.906,3.82e-05,lncRNA,16,41442
AEC,Infection response,WSN vs mock,Dmrt2,ENSMUSG00000048138,Downregulated,-2.775,2.775,3.82e-05,protein_coding,19,doublesex and mab-3 related transcription factor 2
AEC,Infection response,WSN vs mock,Casp1,ENSMUSG00000025888,Upregulated,3.383,3.383,3.87e-05,protein_coding,9,caspase 1
AEC,Infection response,WSN vs mock,Zkscan7,ENSMUSG00000063488,Downregulated,-2.272,2.272,3.87e-05,protein_coding,9,zinc finger with KRAB and SCAN domains 7
AEC,Infection response,WSN vs mock,Bend6,ENSMUSG00000042182,Upregulated,2.015,2.015,4.01e-05,protein_coding,1,BEN domain containing 6
AEC,Infection response,WSN vs mock,1700016F12Rik,ENSMUSG00000104955,Upregulated,7.192,7.192,4.06e-05,lncRNA,5,1700016F12 gene
AEC,Infection response,WSN vs mock,Cers3,ENSMUSG00000030510,Downregulated,-2.398,2.398,4.12e-05,protein_coding,7,ceramide synthase 3
AEC,Infection response,WSN vs mock,4833439F03Rik,ENSMUSG00000141774,Downregulated,-2.568,2.568,4.22e-05,lncRNA,5,4833439F03 gene
AEC,Infection response,WSN vs mock,Abi3bp,ENSMUSG00000035258,Upregulated,4.057,4.057,4.48e-05,protein_coding,16,ABI family member 3 binding protein
AEC,Infection response,WSN vs mock,H2-T24,ENSMUSG00000053835,Upregulated,4.125,4.125,4.65e-05,protein_coding,17,"histocompatibility 2, T region locus 24"
AEC,Infection response,WSN vs mock,Shh,ENSMUSG00000002633,Downregulated,-3.999,3.999,4.75e-05,protein_coding,5,sonic hedgehog
AEC,Infection response,WSN vs mock,Dthd1,ENSMUSG00000090326,Upregulated,3.072,3.072,5.57e-05,protein_coding,5,death domain containing 1
AEC,Infection response,WSN vs mock,Gm379,ENSMUSG00000093916,Downregulated,-4.054,4.054,5.99e-05,protein_coding,X,predicted gene 379
AEC,Infection response,WSN vs mock,Nusap1,ENSMUSG00000027306,Upregulated,2.75,2.75,6.26e-05,protein_coding,2,nucleolar and spindle associated protein 1
AEC,Infection response,WSN vs mock,Slc26a9,ENSMUSG00000042268,Downregulated,-3.874,3.874,6.54e-05,protein_coding,1,"solute carrier family 26, member 9"
AEC,Infection response,WSN vs mock,Alox5,ENSMUSG00000025701,Downregulated,-2.457,2.457,6.92e-05,protein_coding,6,arachidonate 5-lipoxygenase
AEC,Infection response,WSN vs mock,Acod1,ENSMUSG00000022126,Upregulated,4.431,4.431,7.23e-05,protein_coding,14,aconitate decarboxylase 1
AEC,Infection response,WSN vs mock,Slamf8,ENSMUSG00000053318,Upregulated,6.952,6.952,7.33e-05,protein_coding,1,SLAM family member 8
AEC,Infection response,WSN vs mock,Lck,ENSMUSG00000000409,Upregulated,3.511,3.511,7.40e-05,protein_coding,4,lymphocyte protein tyrosine kinase
AEC,Infection response,WSN vs mock,mt-Tc,ENSMUSG00000064349,Upregulated,2.143,2.143,7.50e-05,Mt_tRNA,MT,mitochondrially encoded tRNA cysteine
AEC,Infection response,WSN vs mock,Eva1c,ENSMUSG00000039903,Downregulated,-2.113,2.113,7.86e-05,protein_coding,16,eva-1 homolog C
AEC,Infection response,WSN vs mock,Trim30c,ENSMUSG00000078616,Upregulated,6.584,6.584,8.18e-05,protein_coding,7,tripartite motif-containing 30C
AEC,Infection response,WSN vs mock,D630002J18Rik,ENSMUSG00000097293,Downregulated,-2.135,2.135,8.26e-05,TEC,3,D630002J18 gene
AEC,Infection response,WSN vs mock,Trim14,ENSMUSG00000039853,Upregulated,3.128,3.128,8.32e-05,protein_coding,4,tripartite motif-containing 14
AEC,Infection response,WSN vs mock,Myh15,ENSMUSG00000092009,Downregulated,-2.451,2.451,8.35e-05,protein_coding,16,"myosin, heavy chain 15"
AEC,Infection response,WSN vs mock,Pygm,ENSMUSG00000032648,Upregulated,4.344,4.344,9.81e-05,protein_coding,19,muscle glycogen phosphorylase
AEC,Infection response,WSN vs mock,Rab17,ENSMUSG00000026304,Downregulated,-5.777,5.777,1.02e-04,protein_coding,1,"RAB17, member RAS oncogene family"
AEC,Infection response,WSN vs mock,Gm62034,ENSMUSG00000129693,Downregulated,-2.324,2.324,1.03e-04,lncRNA,X,62034
AEC,Infection response,WSN vs mock,Heatr9,ENSMUSG00000018925,Upregulated,6.957,6.957,1.05e-04,protein_coding,11,HEAT repeat containing 9
AEC,Infection response,WSN vs mock,Aph1c,ENSMUSG00000053040,Downregulated,-2.543,2.543,1.11e-04,protein_coding,9,"aph1 homolog C, gamma secretase subunit"
AEC,Infection response,WSN vs mock,Gp5,ENSMUSG00000047953,Upregulated,6.912,6.912,1.13e-04,protein_coding,16,glycoprotein 5 platelet
AEC,Infection response,WSN vs mock,Rasef,ENSMUSG00000043003,Downregulated,-2.435,2.435,1.16e-04,protein_coding,4,RAS and EF hand domain containing
AEC,Infection response,WSN vs mock,Piwil4,ENSMUSG00000036912,Upregulated,3.124,3.124,1.16e-04,protein_coding,9,piwi-like RNA-mediated gene silencing 4
AEC,Infection response,WSN vs mock,Foxq1,ENSMUSG00000038415,Downregulated,-2.356,2.356,1.22e-04,protein_coding,13,forkhead box Q1
AEC,Infection response,WSN vs mock,Ifi209,ENSMUSG00000043263,Upregulated,6.841,6.841,1.36e-04,protein_coding,1,interferon activated gene 209
AEC,Infection response,WSN vs mock,4930444A19Rik,ENSMUSG00000101674,Downregulated,-2.071,2.071,1.58e-04,lncRNA,1,4930444A19 gene
AEC,Infection response,WSN vs mock,Gm74281,ENSMUSG00000141112,Upregulated,6.81,6.81,1.64e-04,lncRNA,11,74281
AEC,Infection response,WSN vs mock,Ifi214,ENSMUSG00000070501,Upregulated,6.813,6.813,1.68e-04,protein_coding,1,interferon activated gene 214
AEC,Infection response,WSN vs mock,2310001H17Rik,ENSMUSG00000097354,Upregulated,2.756,2.756,1.71e-04,lncRNA,6,2310001H17 gene
AEC,Infection response,WSN vs mock,Nlgn1,ENSMUSG00000063887,Upregulated,3.884,3.884,1.73e-04,protein_coding,3,neuroligin 1
AEC,Infection response,WSN vs mock,Nat8f4,ENSMUSG00000068299,Downregulated,-2.741,2.741,1.86e-04,protein_coding,6,N-acetyltransferase 8 (GCN5-related) family member 4
AEC,Infection response,WSN vs mock,Arhgap30,ENSMUSG00000048865,Upregulated,6.769,6.769,1.96e-04,protein_coding,1,Rho GTPase activating protein 30
AEC,Infection response,WSN vs mock,Gm27204,ENSMUSG00000098294,Upregulated,6.771,6.771,1.96e-04,lncRNA,9,predicted gene 27204
AEC,Infection response,WSN vs mock,Il7,ENSMUSG00000040329,Upregulated,2.242,2.242,1.96e-04,protein_coding,3,interleukin 7
AEC,Infection response,WSN vs mock,Fgf5,ENSMUSG00000029337,Downregulated,-3.44,3.44,2.05e-04,protein_coding,5,fibroblast growth factor 5
AEC,Infection response,WSN vs mock,Gm67819,ENSMUSG00000124616,Upregulated,6.733,6.733,2.19e-04,lncRNA,9,67819
AEC,Infection response,WSN vs mock,Gm65618,ENSMUSG00000137731,Downregulated,-2.534,2.534,2.24e-04,lncRNA,17,65618
AEC,Infection response,WSN vs mock,Gm26592,ENSMUSG00000097535,Upregulated,4.254,4.254,2.40e-04,lncRNA,9,26592
AEC,Infection response,WSN vs mock,Ddo,ENSMUSG00000063428,Downregulated,-2.095,2.095,2.48e-04,protein_coding,10,D-aspartate oxidase
AEC,Infection response,WSN vs mock,Shpk,ENSMUSG00000005951,Downregulated,-2.245,2.245,2.52e-04,protein_coding,11,sedoheptulokinase
AEC,Infection response,WSN vs mock,Tmie,ENSMUSG00000049555,Downregulated,-2.398,2.398,2.53e-04,protein_coding,9,transmembrane inner ear
AEC,Infection response,WSN vs mock,Gm12186,ENSMUSG00000084153,Upregulated,2.515,2.515,2.54e-04,processed_pseudogene,11,predicted gene 12186
AEC,Infection response,WSN vs mock,Gm7204,ENSMUSG00000048164,Upregulated,2.464,2.464,2.70e-04,processed_pseudogene,16,predicted pseudogene 7204
AEC,Infection response,WSN vs mock,Gm58694,ENSMUSG00000136243,Downregulated,-2.112,2.112,2.80e-04,lncRNA,18,58694
AEC,Infection response,WSN vs mock,Tslp,ENSMUSG00000024379,Upregulated,4.854,4.854,2.82e-04,protein_coding,18,thymic stromal lymphopoietin
AEC,Infection response,WSN vs mock,Smagp,ENSMUSG00000053559,Downregulated,-3.285,3.285,2.84e-04,protein_coding,15,small cell adhesion glycoprotein
AEC,Infection response,WSN vs mock,Gm17315,ENSMUSG00000118651,Downregulated,-2.082,2.082,2.95e-04,lncRNA,17,17315
AEC,Infection response,WSN vs mock,Gcg,ENSMUSG00000000394,Upregulated,6.658,6.658,3.11e-04,protein_coding,2,glucagon
AEC,Infection response,WSN vs mock,Rasgef1a,ENSMUSG00000030134,Downregulated,-2.64,2.64,3.43e-04,protein_coding,6,"RasGEF domain family, member 1A"
AEC,Infection response,WSN vs mock,Magef1,ENSMUSG00000121787,Upregulated,3.744,3.744,3.45e-04,lncRNA,16,MAGE family member F1
AEC,Infection response,WSN vs mock,Fam187b,ENSMUSG00000046826,Downregulated,-3.726,3.726,3.45e-04,protein_coding,7,"family with sequence similarity 187, member B"
AEC,Infection response,WSN vs mock,Gm43814,ENSMUSG00000104654,Upregulated,6.604,6.604,3.64e-04,TEC,9,predicted gene 43814
AEC,Infection response,WSN vs mock,Hsh2d,ENSMUSG00000062007,Upregulated,4.753,4.753,4.08e-04,protein_coding,8,hematopoietic SH2 domain containing
AEC,Infection response,WSN vs mock,Gm15728,ENSMUSG00000086075,Upregulated,3.168,3.168,4.11e-04,lncRNA,5,predicted gene 15728
AEC,Infection response,WSN vs mock,H2-Q5,ENSMUSG00000055413,Upregulated,6.06,6.06,4.73e-04,protein_coding,17,"histocompatibility 2, Q region locus 5"
AEC,Infection response,WSN vs mock,Gm16192,ENSMUSG00000086773,Downregulated,-3.404,3.404,4.81e-04,lncRNA,8,predicted gene 16192
AEC,Infection response,WSN vs mock,Tnfsf4,ENSMUSG00000026700,Upregulated,2.955,2.955,5.05e-04,protein_coding,1,"tumor necrosis factor (ligand) superfamily, member 4"
AEC,Infection response,WSN vs mock,Gm28857,ENSMUSG00000099556,Downregulated,-2.804,2.804,5.20e-04,lncRNA,1,predicted gene 28857
AEC,Infection response,WSN vs mock,Taar1,ENSMUSG00000056379,Upregulated,6.516,6.516,5.23e-04,protein_coding,10,trace amine-associated receptor 1
AEC,Infection response,WSN vs mock,Arhgap27os2,ENSMUSG00000085360,Downregulated,-2.66,2.66,5.29e-04,lncRNA,11,"Rho GTPase activating protein 27, opposite strand 2"
AEC,Infection response,WSN vs mock,Sox21,ENSMUSG00000061517,Downregulated,-5.982,5.982,5.31e-04,protein_coding,14,SRY (sex determining region Y)-box 21
AEC,Infection response,WSN vs mock,Gm10645,ENSMUSG00000074228,Downregulated,-3.431,3.431,5.80e-04,TEC,8,predicted gene 10645
AEC,Infection response,WSN vs mock,Gm42281,ENSMUSG00000132417,Downregulated,-3.398,3.398,5.86e-04,lncRNA,4,42281
AEC,Infection response,WSN vs mock,Gm16136,ENSMUSG00000089804,Downregulated,-3.14,3.14,5.95e-04,lncRNA,15,predicted gene 16136
AEC,Infection response,WSN vs mock,Fignl2,ENSMUSG00000095440,Downregulated,-2.459,2.459,6.18e-04,protein_coding,15,fidgetin-like 2
AEC,Infection response,WSN vs mock,Gm58604,ENSMUSG00000132793,Downregulated,-5.509,5.509,6.60e-04,lncRNA,18,58604
AEC,Infection response,WSN vs mock,Bicdl2,ENSMUSG00000043782,Downregulated,-3.582,3.582,6.95e-04,protein_coding,17,BICD family like cargo adaptor 2
AEC,Infection response,WSN vs mock,Gm59048,ENSMUSG00000128352,Upregulated,6.434,6.434,6.97e-04,lncRNA,19,59048
AEC,Infection response,WSN vs mock,Hoxb8,ENSMUSG00000056648,Upregulated,2.274,2.274,7.05e-04,protein_coding,11,homeobox B8
AEC,Infection response,WSN vs mock,Ifi206,ENSMUSG00000037849,Upregulated,6.425,6.425,7.13e-04,protein_coding,1,interferon activated gene 206
AEC,Infection response,WSN vs mock,Ly6g6c,ENSMUSG00000092586,Upregulated,6.329,6.329,7.52e-04,protein_coding,17,lymphocyte antigen 6 family member G6C
AEC,Infection response,WSN vs mock,Gm64462,ENSMUSG00000122463,Downregulated,-4.67,4.67,7.59e-04,lncRNA,17,64462
AEC,Infection response,WSN vs mock,Syt2,ENSMUSG00000026452,Upregulated,4.625,4.625,7.83e-04,protein_coding,1,synaptotagmin II
AEC,Infection response,WSN vs mock,Spmap1,ENSMUSG00000018543,Upregulated,6.383,6.383,7.94e-04,protein_coding,11,sperm microtubule associated protein 1
AEC,Infection response,WSN vs mock,Gm74745,ENSMUSG00000126405,Upregulated,2.249,2.249,7.94e-04,lncRNA,2,74745
AEC,Infection response,WSN vs mock,Gm1600,ENSMUSG00000116270,Downregulated,-2.061,2.061,8.19e-04,lncRNA,16,predicted gene 1600
AEC,Infection response,WSN vs mock,Lmo2,ENSMUSG00000032698,Upregulated,3.372,3.372,8.49e-04,protein_coding,2,LIM domain only 2
AEC,Infection response,WSN vs mock,Caskin1,ENSMUSG00000033597,Upregulated,6.332,6.332,8.52e-04,protein_coding,17,CASK interacting protein 1
AEC,Infection response,WSN vs mock,Sigirr,ENSMUSG00000025494,Downregulated,-2.155,2.155,8.65e-04,protein_coding,7,single immunoglobulin and toll-interleukin 1 receptor (TIR) domain
AEC,Infection response,WSN vs mock,Slfn10,ENSMUSG00000072621,Upregulated,6.382,6.382,8.78e-04,protein_coding,11,schlafen 10
AEC,Infection response,WSN vs mock,Fcgr4,ENSMUSG00000059089,Upregulated,2.12,2.12,8.81e-04,protein_coding,1,"Fc receptor, IgG, low affinity IV"
AEC,Infection response,WSN vs mock,Gm44075,ENSMUSG00000108068,Upregulated,3.378,3.378,8.87e-04,processed_pseudogene,6,44075
AEC,Infection response,WSN vs mock,Grhl1,ENSMUSG00000020656,Downregulated,-2.753,2.753,9.33e-04,protein_coding,12,grainyhead like transcription factor 1
AEC,Infection response,WSN vs mock,C3ar1,ENSMUSG00000040552,Upregulated,4.508,4.508,9.45e-04,protein_coding,6,complement component 3a receptor 1
AEC,Infection response,WSN vs mock,Gm15832,ENSMUSG00000085894,Upregulated,3.372,3.372,1.01e-03,lncRNA,1,predicted gene 15832
AEC,Infection response,WSN vs mock,Gm20663,ENSMUSG00000093378,Upregulated,6.363,6.363,1.01e-03,lncRNA,7,predicted gene 20663
AEC,Infection response,WSN vs mock,Stac3,ENSMUSG00000040287,Upregulated,6.278,6.278,1.06e-03,protein_coding,10,SH3 and cysteine rich domain 3
AEC,Infection response,WSN vs mock,Lrrc3,ENSMUSG00000051652,Downregulated,-2.773,2.773,1.09e-03,protein_coding,10,leucine rich repeat containing 3
AEC,Infection response,WSN vs mock,Gm16093,ENSMUSG00000087108,Downregulated,-2.639,2.639,1.12e-03,lncRNA,3,predicted gene 16093
AEC,Infection response,WSN vs mock,Sh3gl2,ENSMUSG00000028488,Downregulated,-4.983,4.983,1.19e-03,protein_coding,4,SH3-domain GRB2-like 2
AEC,Infection response,WSN vs mock,Gm47861,ENSMUSG00000112144,Upregulated,3.583,3.583,1.20e-03,lncRNA,6,47861
AEC,Infection response,WSN vs mock,Cdh17,ENSMUSG00000028217,Upregulated,6.114,6.114,1.30e-03,protein_coding,4,cadherin 17
AEC,Infection response,WSN vs mock,Gm33108,ENSMUSG00000134065,Downregulated,-5.105,5.105,1.30e-03,lncRNA,2,33108
AEC,Infection response,WSN vs mock,4833427F10Rik,ENSMUSG00000092171,Downregulated,-3.594,3.594,1.36e-03,lncRNA,17,4833427F10 gene
AEC,Infection response,WSN vs mock,Sele,ENSMUSG00000026582,Upregulated,4.539,4.539,1.37e-03,protein_coding,1,"selectin, endothelial cell"
AEC,Infection response,WSN vs mock,Syt14,ENSMUSG00000016200,Downregulated,-3.052,3.052,1.39e-03,protein_coding,1,synaptotagmin XIV
AEC,Infection response,WSN vs mock,Ccdc194,ENSMUSG00000108900,Upregulated,5.74,5.74,1.40e-03,protein_coding,8,coiled-coil domain containing 194
AEC,Infection response,WSN vs mock,Cfp,ENSMUSG00000001128,Upregulated,2.281,2.281,1.40e-03,protein_coding,X,complement factor properdin
AEC,Infection response,WSN vs mock,Ubxn10,ENSMUSG00000043621,Downregulated,-3.586,3.586,1.42e-03,protein_coding,4,UBX domain protein 10
AEC,Infection response,WSN vs mock,Gm4240,ENSMUSG00000115025,Upregulated,5.698,5.698,1.44e-03,processed_pseudogene,14,predicted gene 4240
AEC,Infection response,WSN vs mock,Gm10552,ENSMUSG00000073628,Upregulated,3.186,3.186,1.47e-03,lncRNA,1,predicted gene 10552
AEC,Infection response,WSN vs mock,Gvin-ps7,ENSMUSG00000063286,Upregulated,5.731,5.731,1.47e-03,transcribed_unprocessed_pseudogene,7,"GTPase, very large interferon inducible, pseudogene 7"
AEC,Infection response,WSN vs mock,Dlgap5,ENSMUSG00000037544,Upregulated,2.312,2.312,1.47e-03,protein_coding,14,DLG associated protein 5
AEC,Infection response,WSN vs mock,Npy6r,ENSMUSG00000038071,Downregulated,-2.883,2.883,1.48e-03,protein_coding,18,neuropeptide Y receptor Y6
AEC,Infection response,WSN vs mock,H2-Q6,ENSMUSG00000073409,Upregulated,6.233,6.233,1.50e-03,protein_coding,17,"histocompatibility 2, Q region locus 6"
AEC,Infection response,WSN vs mock,Gm60582,ENSMUSG00000134330,Downregulated,-2.692,2.692,1.65e-03,lncRNA,16,60582
AEC,Infection response,WSN vs mock,Gm73232,ENSMUSG00000140717,Upregulated,6.218,6.218,1.66e-03,lncRNA,5,73232
AEC,Infection response,WSN vs mock,Fbxo39,ENSMUSG00000070388,Upregulated,6.165,6.165,1.69e-03,protein_coding,11,F-box protein 39
AEC,Infection response,WSN vs mock,Pglyrp3,ENSMUSG00000042244,Upregulated,2.146,2.146,1.81e-03,protein_coding,3,peptidoglycan recognition protein 3
AEC,Infection response,WSN vs mock,Gm14403,ENSMUSG00000094786,Downregulated,-2.544,2.544,1.82e-03,protein_coding,2,predicted gene 14403
AEC,Infection response,WSN vs mock,Npsr1,ENSMUSG00000043659,Upregulated,6.105,6.105,1.85e-03,protein_coding,9,neuropeptide S receptor 1
AEC,Infection response,WSN vs mock,Frmpd1,ENSMUSG00000035615,Downregulated,-3.217,3.217,1.88e-03,protein_coding,4,FERM and PDZ domain containing 1
AEC,Infection response,WSN vs mock,Krt16,ENSMUSG00000053797,Upregulated,5.611,5.611,1.92e-03,protein_coding,11,keratin 16
AEC,Infection response,WSN vs mock,Pin1rt1,ENSMUSG00000074997,Upregulated,6.098,6.098,1.93e-03,protein_coding,2,"peptidyl-prolyl cis/trans isomerase, NIMA-interacting 1, retrogene 1"
AEC,Infection response,WSN vs mock,Gm54020,ENSMUSG00000138496,Downregulated,-2.994,2.994,1.94e-03,lncRNA,18,54020
AEC,Infection response,WSN vs mock,Gm29908,ENSMUSG00000128073,Downregulated,-2.341,2.341,1.95e-03,lncRNA,16,29908
AEC,Infection response,WSN vs mock,Atp8b4,ENSMUSG00000060131,Upregulated,2.395,2.395,1.98e-03,protein_coding,2,"ATPase, class I, type 8B, member 4"
AEC,Infection response,WSN vs mock,Gm1070,ENSMUSG00000121300,Upregulated,5.592,5.592,1.98e-03,lncRNA,6,predicted gene 1070
AEC,Infection response,WSN vs mock,ENSMUSG00000130980,ENSMUSG00000130980,Upregulated,6.108,6.108,2.03e-03,lncRNA,18,"novel transcript, antisense to RP24-406O24.1"
AEC,Infection response,WSN vs mock,Gm59140,ENSMUSG00000132030,Upregulated,6.115,6.115,2.04e-03,lncRNA,19,59140
AEC,Infection response,WSN vs mock,Gm66235,ENSMUSG00000138223,Upregulated,5.987,5.987,2.04e-03,lncRNA,17,66235
AEC,Infection response,WSN vs mock,Gm6377,ENSMUSG00000048621,Upregulated,6.121,6.121,2.05e-03,protein_coding,X,predicted gene 6377
AEC,Infection response,WSN vs mock,Gm60874,ENSMUSG00000141122,Upregulated,6.15,6.15,2.08e-03,lncRNA,12,60874
AEC,Infection response,WSN vs mock,Depp1,ENSMUSG00000048489,Downregulated,-4.575,4.575,2.16e-03,protein_coding,6,DEPP1 autophagy regulator
AEC,Infection response,WSN vs mock,Sectm1a,ENSMUSG00000025165,Upregulated,6.051,6.051,2.32e-03,protein_coding,11,secreted and transmembrane 1A
AEC,Infection response,WSN vs mock,9530036O11Rik,ENSMUSG00000097726,Downregulated,-2.462,2.462,2.37e-03,lncRNA,5,9530036O11Rik
AEC,Infection response,WSN vs mock,Adora2a,ENSMUSG00000020178,Upregulated,5.507,5.507,2.41e-03,protein_coding,10,adenosine A2a receptor
AEC,Infection response,WSN vs mock,Sema6a,ENSMUSG00000019647,Downregulated,-2.287,2.287,2.43e-03,protein_coding,18,"sema domain, transmembrane domain (TM), and cytoplasmic domain, (semaphorin) 6A"
AEC,Infection response,WSN vs mock,Ttll11,ENSMUSG00000026885,Downregulated,-2.028,2.028,2.43e-03,protein_coding,2,"tubulin tyrosine ligase-like family, member 11"
AEC,Infection response,WSN vs mock,Tc2n,ENSMUSG00000021187,Downregulated,-2.26,2.26,2.48e-03,protein_coding,12,"tandem C2 domains, nuclear"
AEC,Infection response,WSN vs mock,Elmo1,ENSMUSG00000041112,Upregulated,2.266,2.266,2.55e-03,protein_coding,13,engulfment and cell motility 1
AEC,Infection response,WSN vs mock,Iapp,ENSMUSG00000041681,Upregulated,4.381,4.381,2.56e-03,protein_coding,6,islet amyloid polypeptide
AEC,Infection response,WSN vs mock,B230217C12Rik,ENSMUSG00000050538,Upregulated,2.964,2.964,2.56e-03,protein_coding,11,B230217C12 gene
AEC,Infection response,WSN vs mock,Crybg2,ENSMUSG00000012123,Downregulated,-5.064,5.064,2.60e-03,protein_coding,4,crystallin beta-gamma domain containing 2
AEC,Infection response,WSN vs mock,Spata31d1e,ENSMUSG00000051054,Upregulated,5.983,5.983,2.64e-03,protein_coding,13,"spermatogenesis associated 31 subfamily D, member 1E"
AEC,Infection response,WSN vs mock,Gm10827,ENSMUSG00000096977,Upregulated,4.409,4.409,2.67e-03,lncRNA,10,predicted gene 10827
AEC,Infection response,WSN vs mock,Slc25a48,ENSMUSG00000021509,Downregulated,-2.555,2.555,2.78e-03,protein_coding,13,"solute carrier family 25, member 48"
AEC,Infection response,WSN vs mock,Prr15,ENSMUSG00000045725,Downregulated,-3.494,3.494,2.78e-03,protein_coding,6,proline rich 15
AEC,Infection response,WSN vs mock,Hspb9,ENSMUSG00000017832,Upregulated,5.446,5.446,2.81e-03,protein_coding,11,"heat shock protein, alpha-crystallin-related, B9"
AEC,Infection response,WSN vs mock,Ifi44l,ENSMUSG00000039146,Upregulated,5.438,5.438,2.85e-03,protein_coding,3,interferon-induced protein 44 like
AEC,Infection response,WSN vs mock,Ifnl3,ENSMUSG00000060747,Upregulated,5.614,5.614,2.93e-03,protein_coding,7,interferon lambda 3
AEC,Infection response,WSN vs mock,Eya1,ENSMUSG00000025932,Downregulated,-2.609,2.609,3.12e-03,protein_coding,1,EYA transcriptional coactivator and phosphatase 1
AEC,Infection response,WSN vs mock,Gm65507,ENSMUSG00000134914,Upregulated,3.402,3.402,3.14e-03,lncRNA,3,65507
AEC,Infection response,WSN vs mock,Ccl11,ENSMUSG00000020676,Upregulated,5.977,5.977,3.20e-03,protein_coding,11,C-C motif chemokine ligand 11
AEC,Infection response,WSN vs mock,Gm34455,ENSMUSG00000118107,Upregulated,5.993,5.993,3.25e-03,lncRNA,17,34455
AEC,Infection response,WSN vs mock,Ttc21a,ENSMUSG00000032514,Upregulated,4.205,4.205,3.42e-03,protein_coding,9,tetratricopeptide repeat domain 21A
AEC,Infection response,WSN vs mock,Ovol2,ENSMUSG00000037279,Downregulated,-4.899,4.899,3.70e-03,protein_coding,2,ovo like zinc finger 2
AEC,Infection response,WSN vs mock,Gm53374,ENSMUSG00000121230,Downregulated,-3.349,3.349,3.71e-03,lncRNA,7,53374
AEC,Infection response,WSN vs mock,Bcl2l14,ENSMUSG00000030200,Downregulated,-2.708,2.708,3.72e-03,protein_coding,6,BCL2 like 14
AEC,Infection response,WSN vs mock,Gm14023,ENSMUSG00000085498,Upregulated,3.603,3.603,3.78e-03,lncRNA,2,predicted gene 14023
AEC,Infection response,WSN vs mock,Neto1,ENSMUSG00000050321,Downregulated,-2.347,2.347,4.02e-03,protein_coding,18,neuropilin (NRP) and tolloid (TLL)-like 1
AEC,Infection response,WSN vs mock,Mc5r,ENSMUSG00000007480,Upregulated,5.843,5.843,4.06e-03,protein_coding,18,melanocortin 5 receptor
AEC,Infection response,WSN vs mock,Cdc6,ENSMUSG00000017499,Upregulated,2.1,2.1,4.08e-03,protein_coding,11,cell division cycle 6
AEC,Infection response,WSN vs mock,Ccl9,ENSMUSG00000019122,Upregulated,3.342,3.342,4.09e-03,protein_coding,11,C-C motif chemokine ligand 9
AEC,Infection response,WSN vs mock,Unc5d,ENSMUSG00000063626,Upregulated,5.913,5.913,4.09e-03,protein_coding,8,unc-5 netrin receptor D
AEC,Infection response,WSN vs mock,Apod,ENSMUSG00000022548,Upregulated,5.335,5.335,4.10e-03,protein_coding,16,apolipoprotein D
AEC,Infection response,WSN vs mock,Gm13961,ENSMUSG00000084094,Downregulated,-3.513,3.513,4.18e-03,processed_pseudogene,2,predicted gene 13961
AEC,Infection response,WSN vs mock,A530040E14Rik,ENSMUSG00000072109,Upregulated,5.764,5.764,4.38e-03,lncRNA,1,A530040E14 gene
AEC,Infection response,WSN vs mock,Gm12216,ENSMUSG00000081769,Upregulated,4.172,4.172,4.48e-03,lncRNA,11,predicted gene 12216
AEC,Infection response,WSN vs mock,Eya4,ENSMUSG00000010461,Downregulated,-3.312,3.312,4.58e-03,protein_coding,10,EYA transcriptional coactivator and phosphatase 4
AEC,Infection response,WSN vs mock,Pik3cg,ENSMUSG00000020573,Downregulated,-3.048,3.048,4.65e-03,protein_coding,12,"phosphatidylinositol-4,5-bisphosphate 3-kinase catalytic subunit gamma"
AEC,Infection response,WSN vs mock,Serpina3f,ENSMUSG00000066363,Upregulated,5.848,5.848,4.69e-03,protein_coding,12,"serine (or cysteine) peptidase inhibitor, clade A, member 3F"
AEC,Infection response,WSN vs mock,Gbp11,ENSMUSG00000092021,Upregulated,5.852,5.852,4.71e-03,protein_coding,5,guanylate binding protein 11
AEC,Infection response,WSN vs mock,Ampd1,ENSMUSG00000070385,Upregulated,5.285,5.285,4.73e-03,protein_coding,3,adenosine monophosphate deaminase 1
AEC,Infection response,WSN vs mock,Tbc1d30,ENSMUSG00000052302,Downregulated,-3.724,3.724,4.83e-03,protein_coding,10,"TBC1 domain family, member 30"
AEC,Infection response,WSN vs mock,Foxb1,ENSMUSG00000059246,Downregulated,-3.688,3.688,4.97e-03,protein_coding,9,forkhead box B1
AEC,Inhibitor effect,WSN_PP1 vs WSN,Ifit2,ENSMUSG00000045932,Downregulated,-6.318,6.318,0.00e+00,protein_coding,19,interferon-induced protein with tetratricopeptide repeats 2
AEC,Inhibitor effect,WSN_PP1 vs WSN,Ifit3,ENSMUSG00000074896,Downregulated,-6.032,6.032,0.00e+00,protein_coding,19,interferon-induced protein with tetratricopeptide repeats 3
AEC,Inhibitor effect,WSN_PP1 vs WSN,Gm46878,ENSMUSG00000120951,Downregulated,-5.905,5.905,0.00e+00,lncRNA,4,46878
AEC,Inhibitor effect,WSN_PP1 vs WSN,Gbp2,ENSMUSG00000028270,Downregulated,-5.845,5.845,0.00e+00,protein_coding,3,guanylate binding protein 2
AEC,Inhibitor effect,WSN_PP1 vs WSN,Irf7,ENSMUSG00000025498,Downregulated,-5.83,5.83,0.00e+00,protein_coding,7,interferon regulatory factor 7
AEC,Inhibitor effect,WSN_PP1 vs WSN,Isg15,ENSMUSG00000035692,Downregulated,-5.81,5.81,0.00e+00,protein_coding,4,ISG15 ubiquitin-like modifier
AEC,Inhibitor effect,WSN_PP1 vs WSN,Usp18,ENSMUSG00000030107,Downregulated,-5.612,5.612,0.00e+00,protein_coding,6,ubiquitin specific peptidase 18
AEC,Inhibitor effect,WSN_PP1 vs WSN,Cxcl10,ENSMUSG00000034855,Downregulated,-5.53,5.53,0.00e+00,protein_coding,5,C-X-C motif chemokine ligand 10
AEC,Inhibitor effect,WSN_PP1 vs WSN,Art3,ENSMUSG00000034842,Downregulated,-5.384,5.384,0.00e+00,protein_coding,5,ADP-ribosyltransferase 3
AEC,Inhibitor effect,WSN_PP1 vs WSN,Oasl2,ENSMUSG00000029561,Downregulated,-4.621,4.621,0.00e+00,protein_coding,5,2'-5' oligoadenylate synthetase-like 2
AEC,Inhibitor effect,WSN_PP1 vs WSN,Lgals3bp,ENSMUSG00000033880,Downregulated,-4.113,4.113,0.00e+00,protein_coding,11,"lectin, galactoside-binding, soluble, 3 binding protein"
AEC,Inhibitor effect,WSN_PP1 vs WSN,Tor3a,ENSMUSG00000060519,Downregulated,-3.942,3.942,0.00e+00,protein_coding,1,"torsin family 3, member A"
AEC,Inhibitor effect,WSN_PP1 vs WSN,Irgm1,ENSMUSG00000046879,Downregulated,-3.818,3.818,0.00e+00,protein_coding,11,immunity-related GTPase family M member 1
AEC,Inhibitor effect,WSN_PP1 vs WSN,Gm15270,ENSMUSG00000087400,Downregulated,-3.578,3.578,0.00e+00,lncRNA,10,predicted gene 15270
AEC,Inhibitor effect,WSN_PP1 vs WSN,Ccl2,ENSMUSG00000035385,Downregulated,-3.41,3.41,0.00e+00,protein_coding,11,C-C motif chemokine ligand 2
AEC,Inhibitor effect,WSN_PP1 vs WSN,Epha2,ENSMUSG00000006445,Downregulated,-3.379,3.379,0.00e+00,protein_coding,4,Eph receptor A2
AEC,Inhibitor effect,WSN_PP1 vs WSN,Ccn2,ENSMUSG00000019997,Downregulated,-3.286,3.286,0.00e+00,protein_coding,10,cellular communication network factor 2
AEC,Inhibitor effect,WSN_PP1 vs WSN,Thbs1,ENSMUSG00000040152,Downregulated,-3.156,3.156,0.00e+00,protein_coding,2,thrombospondin 1
AEC,Inhibitor effect,WSN_PP1 vs WSN,Csf1,ENSMUSG00000014599,Downregulated,-2.86,2.86,0.00e+00,protein_coding,3,colony stimulating factor 1 (macrophage)
AEC,Inhibitor effect,WSN_PP1 vs WSN,Serpine1,ENSMUSG00000037411,Downregulated,-2.568,2.568,0.00e+00,protein_coding,5,"serine (or cysteine) peptidase inhibitor, clade E, member 1"
AEC,Inhibitor effect,WSN_PP1 vs WSN,Ccn1,ENSMUSG00000028195,Downregulated,-2.553,2.553,0.00e+00,protein_coding,3,cellular communication network factor 1
AEC,Inhibitor effect,WSN_PP1 vs WSN,Txndc5,ENSMUSG00000038991,Downregulated,-2.53,2.53,0.00e+00,protein_coding,13,thioredoxin domain containing 5
AEC,Inhibitor effect,WSN_PP1 vs WSN,Prss23os,ENSMUSG00000030623,Downregulated,-2.387,2.387,0.00e+00,lncRNA,7,"serine protease 23, opposite strand"
AEC,Inhibitor effect,WSN_PP1 vs WSN,Ptgs2,ENSMUSG00000032487,Downregulated,-2.301,2.301,0.00e+00,protein_coding,1,prostaglandin-endoperoxide synthase 2
AEC,Inhibitor effect,WSN_PP1 vs WSN,mt-Nd1,ENSMUSG00000064341,Downregulated,-2.25,2.25,0.00e+00,protein_coding,MT,mitochondrially encoded NADH dehydrogenase 1
AEC,Inhibitor effect,WSN_PP1 vs WSN,Ctnnb1,ENSMUSG00000006932,Downregulated,-2.248,2.248,0.00e+00,protein_coding,9,catenin beta 1
AEC,Inhibitor effect,WSN_PP1 vs WSN,Prss23,ENSMUSG00000039405,Downregulated,-2.195,2.195,0.00e+00,protein_coding,7,serine protease 23
AEC,Inhibitor effect,WSN_PP1 vs WSN,F3,ENSMUSG00000028128,Downregulated,-2.187,2.187,0.00e+00,protein_coding,3,coagulation factor III
AEC,Inhibitor effect,WSN_PP1 vs WSN,Mlec,ENSMUSG00000048578,Downregulated,-2.051,2.051,0.00e+00,protein_coding,5,malectin
AEC,Inhibitor effect,WSN_PP1 vs WSN,H2-K1,ENSMUSG00000061232,Downregulated,-2.778,2.778,4.39e-304,protein_coding,17,"histocompatibility 2, K1, K region"
AEC,Inhibitor effect,WSN_PP1 vs WSN,Atp13a3,ENSMUSG00000022533,Downregulated,-2.902,2.902,7.38e-301,protein_coding,16,ATPase type 13A3
AEC,Inhibitor effect,WSN_PP1 vs WSN,Atf4,ENSMUSG00000042406,Upregulated,2.388,2.388,7.69e-300,protein_coding,15,activating transcription factor 4
AEC,Inhibitor effect,WSN_PP1 vs WSN,Mt2,ENSMUSG00000031762,Upregulated,4.249,4.249,9.09e-298,protein_coding,8,metallothionein 2
AEC,Inhibitor effect,WSN_PP1 vs WSN,Sdc3,ENSMUSG00000025743,Downregulated,-2.099,2.099,3.14e-297,protein_coding,4,syndecan 3
AEC,Inhibitor effect,WSN_PP1 vs WSN,Lif,ENSMUSG00000034394,Downregulated,-5.432,5.432,1.44e-296,protein_coding,11,leukemia inhibitory factor
AEC,Inhibitor effect,WSN_PP1 vs WSN,B4galt5,ENSMUSG00000017929,Downregulated,-4.88,4.88,3.26e-289,protein_coding,2,"UDP-Gal:betaGlcNAc beta 1,4-galactosyltransferase, polypeptide 5"
AEC,Inhibitor effect,WSN_PP1 vs WSN,Vcam1,ENSMUSG00000027962,Downregulated,-2.076,2.076,7.02e-277,protein_coding,3,vascular cell adhesion molecule 1
AEC,Inhibitor effect,WSN_PP1 vs WSN,Amotl2,ENSMUSG00000032531,Downregulated,-3.026,3.026,1.03e-276,protein_coding,9,angiomotin-like 2
AEC,Inhibitor effect,WSN_PP1 vs WSN,Samd9l,ENSMUSG00000047735,Downregulated,-3.314,3.314,8.14e-276,protein_coding,6,sterile alpha motif domain containing 9-like
AEC,Inhibitor effect,WSN_PP1 vs WSN,Ifit3b,ENSMUSG00000062488,Downregulated,-6.843,6.843,1.25e-275,protein_coding,19,interferon-induced protein with tetratricopeptide repeats 3B
AEC,Inhibitor effect,WSN_PP1 vs WSN,Atp11a,ENSMUSG00000031441,Downregulated,-3.096,3.096,3.87e-275,protein_coding,8,"ATPase, class VI, type 11A"
AEC,Inhibitor effect,WSN_PP1 vs WSN,Gm45774,ENSMUSG00000110588,Upregulated,4.094,4.094,9.57e-275,lncRNA,8,predicted gene 45774
AEC,Inhibitor effect,WSN_PP1 vs WSN,Adam9,ENSMUSG00000031555,Downregulated,-2.321,2.321,7.11e-273,protein_coding,8,ADAM metallopeptidase domain 9
AEC,Inhibitor effect,WSN_PP1 vs WSN,Gbp3,ENSMUSG00000028268,Downregulated,-6.387,6.387,1.82e-272,protein_coding,3,guanylate binding protein 3
AEC,Inhibitor effect,WSN_PP1 vs WSN,Itpripl2,ENSMUSG00000095115,Downregulated,-2.789,2.789,6.74e-272,protein_coding,7,"inositol 1,4,5-triphosphate receptor interacting protein-like 2"
AEC,Inhibitor effect,WSN_PP1 vs WSN,Ptpn11,ENSMUSG00000043733,Downregulated,-2.815,2.815,3.36e-269,protein_coding,5,"protein tyrosine phosphatase, non-receptor type 11"
AEC,Inhibitor effect,WSN_PP1 vs WSN,Kif1c,ENSMUSG00000020821,Downregulated,-2.256,2.256,5.73e-267,protein_coding,11,kinesin family member 1C
AEC,Inhibitor effect,WSN_PP1 vs WSN,Ankrd1,ENSMUSG00000024803,Downregulated,-2.289,2.289,2.16e-265,protein_coding,19,ankyrin repeat domain 1
AEC,Inhibitor effect,WSN_PP1 vs WSN,Slc38a10,ENSMUSG00000061306,Downregulated,-2.722,2.722,5.82e-262,protein_coding,11,"solute carrier family 38, member 10"
AEC,Inhibitor effect,WSN_PP1 vs WSN,Dag1,ENSMUSG00000039952,Downregulated,-2.073,2.073,1.28e-261,protein_coding,9,dystroglycan 1
AEC,Inhibitor effect,WSN_PP1 vs WSN,Lgals9,ENSMUSG00000001123,Downregulated,-3.001,3.001,1.31e-261,protein_coding,11,"lectin, galactose binding, soluble 9"
AEC,Inhibitor effect,WSN_PP1 vs WSN,Igtp,ENSMUSG00000078853,Downregulated,-6.087,6.087,1.53e-259,protein_coding,11,interferon gamma induced GTPase
AEC,Inhibitor effect,WSN_PP1 vs WSN,Itgav,ENSMUSG00000027087,Downregulated,-3.525,3.525,2.22e-259,protein_coding,2,integrin alpha V
AEC,Inhibitor effect,WSN_PP1 vs WSN,Krt19,ENSMUSG00000020911,Upregulated,2.129,2.129,6.40e-257,protein_coding,11,keratin 19
AEC,Inhibitor effect,WSN_PP1 vs WSN,Mt1,ENSMUSG00000031765,Upregulated,3.134,3.134,1.74e-249,protein_coding,8,metallothionein 1
AEC,Inhibitor effect,WSN_PP1 vs WSN,Stat1,ENSMUSG00000026104,Downregulated,-4.309,4.309,1.94e-249,protein_coding,1,signal transducer and activator of transcription 1
AEC,Inhibitor effect,WSN_PP1 vs WSN,Inhba,ENSMUSG00000041324,Downregulated,-2.288,2.288,1.50e-247,protein_coding,13,inhibin beta-A
AEC,Inhibitor effect,WSN_PP1 vs WSN,Edn1,ENSMUSG00000021367,Downregulated,-4.684,4.684,4.91e-247,protein_coding,13,endothelin 1
AEC,Inhibitor effect,WSN_PP1 vs WSN,Parp14,ENSMUSG00000034422,Downregulated,-4.721,4.721,9.20e-247,protein_coding,16,"poly (ADP-ribose) polymerase family, member 14"
AEC,Inhibitor effect,WSN_PP1 vs WSN,Irgm2,ENSMUSG00000069874,Downregulated,-4.376,4.376,1.18e-245,protein_coding,11,immunity-related GTPase family M member 2
AEC,Inhibitor effect,WSN_PP1 vs WSN,Bst2,ENSMUSG00000046718,Downregulated,-2.89,2.89,6.38e-243,protein_coding,8,bone marrow stromal cell antigen 2
AEC,Inhibitor effect,WSN_PP1 vs WSN,Ptgfrn,ENSMUSG00000027864,Downregulated,-3.259,3.259,2.03e-233,protein_coding,3,prostaglandin F2 receptor negative regulator
AEC,Inhibitor effect,WSN_PP1 vs WSN,Tapbp,ENSMUSG00000024308,Downregulated,-2.063,2.063,1.69e-232,protein_coding,17,TAP binding protein
AEC,Inhibitor effect,WSN_PP1 vs WSN,Prrc2b,ENSMUSG00000039262,Downregulated,-3.239,3.239,8.45e-232,protein_coding,2,proline-rich coiled-coil 2B
AEC,Inhibitor effect,WSN_PP1 vs WSN,Gm29233,ENSMUSG00000101859,Downregulated,-3.351,3.351,3.01e-226,lncRNA,2,predicted gene 29233
AEC,Inhibitor effect,WSN_PP1 vs WSN,Rnf213,ENSMUSG00000070327,Downregulated,-7.206,7.206,7.80e-225,protein_coding,11,ring finger protein 213
AEC,Inhibitor effect,WSN_PP1 vs WSN,Znfx1,ENSMUSG00000039501,Downregulated,-5.207,5.207,3.06e-224,protein_coding,2,"zinc finger, NFX1-type containing 1"
AEC,Inhibitor effect,WSN_PP1 vs WSN,Ifit1,ENSMUSG00000034459,Downregulated,-4.752,4.752,3.90e-223,protein_coding,19,interferon-induced protein with tetratricopeptide repeats 1
AEC,Inhibitor effect,WSN_PP1 vs WSN,Tor1aip1,ENSMUSG00000026466,Downregulated,-2.953,2.953,4.13e-223,protein_coding,1,torsin A interacting protein 1
AEC,Inhibitor effect,WSN_PP1 vs WSN,Nr1d1,ENSMUSG00000020889,Upregulated,3.283,3.283,3.86e-222,protein_coding,11,"nuclear receptor subfamily 1, group D, member 1"
AEC,Inhibitor effect,WSN_PP1 vs WSN,Ifi202b,ENSMUSG00000026535,Downregulated,-2.986,2.986,2.81e-221,protein_coding,1,interferon activated gene 202B
AEC,Inhibitor effect,WSN_PP1 vs WSN,Plxna1,ENSMUSG00000030084,Downregulated,-2.855,2.855,3.58e-220,protein_coding,6,plexin A1
AEC,Inhibitor effect,WSN_PP1 vs WSN,Prrc2a,ENSMUSG00000024393,Downregulated,-3.095,3.095,6.14e-217,protein_coding,17,proline-rich coiled-coil 2A
AEC,Inhibitor effect,WSN_PP1 vs WSN,Bltp2,ENSMUSG00000010277,Downregulated,-2.693,2.693,2.75e-213,protein_coding,11,bridge-like lipid transfer protein family member 2
AEC,Inhibitor effect,WSN_PP1 vs WSN,Etnk1,ENSMUSG00000030275,Downregulated,-3.834,3.834,8.01e-213,protein_coding,6,ethanolamine kinase 1
AEC,Inhibitor effect,WSN_PP1 vs WSN,Pxdn,ENSMUSG00000020674,Downregulated,-3.638,3.638,9.29e-212,protein_coding,12,peroxidasin
AEC,Inhibitor effect,WSN_PP1 vs WSN,Enc1,ENSMUSG00000041773,Downregulated,-2.895,2.895,8.42e-210,protein_coding,13,ectodermal-neural cortex 1
AEC,Inhibitor effect,WSN_PP1 vs WSN,Ptprs,ENSMUSG00000013236,Downregulated,-2.33,2.33,8.28e-204,protein_coding,17,protein tyrosine phosphatase receptor type S
AEC,Inhibitor effect,WSN_PP1 vs WSN,Ifi44,ENSMUSG00000028037,Downregulated,-6.121,6.121,3.60e-203,protein_coding,3,interferon-induced protein 44
AEC,Inhibitor effect,WSN_PP1 vs WSN,Ifih1,ENSMUSG00000026896,Downregulated,-3.62,3.62,1.93e-201,protein_coding,2,interferon induced with helicase C domain 1
AEC,Inhibitor effect,WSN_PP1 vs WSN,Xaf1,ENSMUSG00000040483,Downregulated,-4.264,4.264,4.24e-201,protein_coding,11,XIAP associated factor 1
AEC,Inhibitor effect,WSN_PP1 vs WSN,Akt1,ENSMUSG00000001729,Downregulated,-2.067,2.067,9.41e-198,protein_coding,12,thymoma viral proto-oncogene 1
AEC,Inhibitor effect,WSN_PP1 vs WSN,Cd274,ENSMUSG00000016496,Downregulated,-6.676,6.676,2.09e-190,protein_coding,19,CD274 antigen
AEC,Inhibitor effect,WSN_PP1 vs WSN,Plxnb2,ENSMUSG00000036606,Downregulated,-2.171,2.171,2.77e-190,protein_coding,15,plexin B2
AEC,Inhibitor effect,WSN_PP1 vs WSN,Cep170b,ENSMUSG00000072825,Downregulated,-3.063,3.063,1.74e-188,protein_coding,12,centrosomal protein 170B
AEC,Inhibitor effect,WSN_PP1 vs WSN,Cflar,ENSMUSG00000026031,Downregulated,-3.474,3.474,8.09e-186,protein_coding,1,CASP8 and FADD-like apoptosis regulator
AEC,Inhibitor effect,WSN_PP1 vs WSN,Parp12,ENSMUSG00000038507,Downregulated,-3.45,3.45,1.72e-185,protein_coding,6,"poly (ADP-ribose) polymerase family, member 12"
AEC,Inhibitor effect,WSN_PP1 vs WSN,Lamc2,ENSMUSG00000026479,Downregulated,-2.43,2.43,2.14e-185,protein_coding,1,"laminin, gamma 2"
AEC,Inhibitor effect,WSN_PP1 vs WSN,Ptprf,ENSMUSG00000033295,Downregulated,-2.508,2.508,1.63e-184,protein_coding,4,protein tyrosine phosphatase receptor type F
AEC,Inhibitor effect,WSN_PP1 vs WSN,Ndst1,ENSMUSG00000054008,Downregulated,-2.684,2.684,9.82e-184,protein_coding,18,N-deacetylase/N-sulfotransferase (heparan glucosaminyl) 1
AEC,Inhibitor effect,WSN_PP1 vs WSN,Tns3,ENSMUSG00000020422,Downregulated,-2.602,2.602,1.88e-183,protein_coding,11,tensin 3
AEC,Inhibitor effect,WSN_PP1 vs WSN,Gm56671,ENSMUSG00000120701,Downregulated,-2.505,2.505,2.23e-182,lncRNA,19,56671
AEC,Inhibitor effect,WSN_PP1 vs WSN,Fam91a1,ENSMUSG00000037119,Downregulated,-2.378,2.378,4.64e-181,protein_coding,15,"family with sequence similarity 91, member A1"
AEC,Inhibitor effect,WSN_PP1 vs WSN,Ero1a,ENSMUSG00000021831,Downregulated,-3.443,3.443,4.76e-180,protein_coding,14,endoplasmic reticulum oxidoreductase 1 alpha
AEC,Inhibitor effect,WSN_PP1 vs WSN,Ube2l6,ENSMUSG00000027078,Downregulated,-2.852,2.852,5.09e-178,protein_coding,2,ubiquitin-conjugating enzyme E2L 6
AEC,Inhibitor effect,WSN_PP1 vs WSN,H2-Q4,ENSMUSG00000035929,Downregulated,-4.687,4.687,7.52e-178,protein_coding,17,"histocompatibility 2, Q region locus 4"
AEC,Inhibitor effect,WSN_PP1 vs WSN,Ifi47,ENSMUSG00000078920,Downregulated,-4.933,4.933,8.35e-177,protein_coding,11,interferon gamma inducible protein 47
AEC,Inhibitor effect,WSN_PP1 vs WSN,Mdm2,ENSMUSG00000020184,Downregulated,-2.451,2.451,1.77e-176,protein_coding,10,transformed mouse 3T3 cell double minute 2
AEC,Inhibitor effect,WSN_PP1 vs WSN,Hbegf,ENSMUSG00000024486,Downregulated,-2.495,2.495,1.64e-174,protein_coding,18,heparin-binding EGF-like growth factor
AEC,Inhibitor effect,WSN_PP1 vs WSN,Bpnt2,ENSMUSG00000066324,Downregulated,-3.407,3.407,3.88e-174,protein_coding,4,"3'(2'), 5'-bisphosphate nucleotidase 2"
AEC,Inhibitor effect,WSN_PP1 vs WSN,Has2,ENSMUSG00000022367,Downregulated,-4.88,4.88,6.48e-173,protein_coding,15,hyaluronan synthase 2
AEC,Inhibitor effect,WSN_PP1 vs WSN,Oasl1,ENSMUSG00000041827,Downregulated,-4.484,4.484,1.43e-169,protein_coding,5,2'-5' oligoadenylate synthetase-like 1
AEC,Inhibitor effect,WSN_PP1 vs WSN,Ereg,ENSMUSG00000029377,Downregulated,-3.175,3.175,5.98e-169,protein_coding,5,epiregulin
AEC,Inhibitor effect,WSN_PP1 vs WSN,Itgb5,ENSMUSG00000022817,Downregulated,-2.098,2.098,3.43e-168,protein_coding,16,integrin beta 5
AEC,Inhibitor effect,WSN_PP1 vs WSN,Mast4,ENSMUSG00000034751,Downregulated,-3.327,3.327,9.09e-167,protein_coding,13,microtubule associated serine/threonine kinase family member 4
AEC,Inhibitor effect,WSN_PP1 vs WSN,Rapgef1,ENSMUSG00000039844,Downregulated,-2.745,2.745,1.30e-166,protein_coding,2,Rap guanine nucleotide exchange factor (GEF) 1
AEC,Inhibitor effect,WSN_PP1 vs WSN,Tmem184b,ENSMUSG00000009035,Downregulated,-2.119,2.119,6.02e-165,protein_coding,15,transmembrane protein 184b
AEC,Inhibitor effect,WSN_PP1 vs WSN,Tlr3,ENSMUSG00000031639,Downregulated,-3.744,3.744,7.57e-165,protein_coding,8,toll-like receptor 3
AEC,Inhibitor effect,WSN_PP1 vs WSN,Ifi204,ENSMUSG00000073489,Downregulated,-4.344,4.344,1.14e-164,protein_coding,1,interferon activated gene 204
AEC,Inhibitor effect,WSN_PP1 vs WSN,Enpp4,ENSMUSG00000023961,Downregulated,-3.947,3.947,4.67e-162,protein_coding,17,ectonucleotide pyrophosphatase/phosphodiesterase 4
AEC,Inhibitor effect,WSN_PP1 vs WSN,Tmed7,ENSMUSG00000033184,Downregulated,-2.593,2.593,1.44e-160,protein_coding,18,transmembrane p24 trafficking protein 7
AEC,Inhibitor effect,WSN_PP1 vs WSN,Adar,ENSMUSG00000027951,Downregulated,-4.049,4.049,1.14e-158,protein_coding,3,"adenosine deaminase, RNA-specific"
AEC,Inhibitor effect,WSN_PP1 vs WSN,Sp100,ENSMUSG00000026222,Downregulated,-4.082,4.082,2.99e-158,protein_coding,1,nuclear antigen Sp100
AEC,Inhibitor effect,WSN_PP1 vs WSN,Gm53999,ENSMUSG00000125175,Downregulated,-2.859,2.859,2.56e-155,lncRNA,17,53999
AEC,Inhibitor effect,WSN_PP1 vs WSN,Lrp10,ENSMUSG00000022175,Downregulated,-2.042,2.042,1.70e-152,protein_coding,14,low-density lipoprotein receptor-related protein 10
AEC,Inhibitor effect,WSN_PP1 vs WSN,Gm73150,ENSMUSG00000131753,Upregulated,2.132,2.132,8.58e-152,lncRNA,11,73150
AEC,Inhibitor effect,WSN_PP1 vs WSN,Mab21l4,ENSMUSG00000034159,Upregulated,2.059,2.059,5.85e-151,protein_coding,1,mab-21-like 4
AEC,Inhibitor effect,WSN_PP1 vs WSN,Agrn,ENSMUSG00000041936,Downregulated,-2.067,2.067,5.81e-150,protein_coding,4,agrin
AEC,Inhibitor effect,WSN_PP1 vs WSN,Trim30a,ENSMUSG00000030921,Downregulated,-6.481,6.481,1.66e-148,protein_coding,7,tripartite motif-containing 30A
AEC,Inhibitor effect,WSN_PP1 vs WSN,Plec,ENSMUSG00000022565,Downregulated,-2.89,2.89,3.21e-148,protein_coding,15,plectin
AEC,Inhibitor effect,WSN_PP1 vs WSN,Tnfsf15,ENSMUSG00000050395,Downregulated,-3.704,3.704,8.11e-147,protein_coding,4,"tumor necrosis factor (ligand) superfamily, member 15"
AEC,Inhibitor effect,WSN_PP1 vs WSN,Gm13986,ENSMUSG00000087203,Downregulated,-3.196,3.196,1.63e-145,lncRNA,2,predicted gene 13986
AEC,Inhibitor effect,WSN_PP1 vs WSN,Dync1h1,ENSMUSG00000018707,Downregulated,-2.153,2.153,4.46e-145,protein_coding,12,dynein cytoplasmic 1 heavy chain 1
AEC,Inhibitor effect,WSN_PP1 vs WSN,Ubr4,ENSMUSG00000066036,Downregulated,-2.775,2.775,1.13e-144,protein_coding,4,ubiquitin protein ligase E3 component n-recognin 4
AEC,Inhibitor effect,WSN_PP1 vs WSN,Cdc42bpg,ENSMUSG00000024769,Downregulated,-2.289,2.289,2.56e-143,protein_coding,19,CDC42 binding protein kinase gamma
AEC,Inhibitor effect,WSN_PP1 vs WSN,Sel1l,ENSMUSG00000020964,Downregulated,-2.656,2.656,1.05e-142,protein_coding,12,sel-1 suppressor of lin-12-like (C. elegans)
AEC,Inhibitor effect,WSN_PP1 vs WSN,Tnfrsf11b,ENSMUSG00000063727,Downregulated,-3.279,3.279,1.19e-142,protein_coding,15,"tumor necrosis factor receptor superfamily, member 11b (osteoprotegerin)"
AEC,Inhibitor effect,WSN_PP1 vs WSN,Fgfr1,ENSMUSG00000031565,Downregulated,-2.446,2.446,4.36e-141,protein_coding,8,fibroblast growth factor receptor 1
AEC,Inhibitor effect,WSN_PP1 vs WSN,Tnks1bp1,ENSMUSG00000033955,Downregulated,-2.768,2.768,9.38e-141,protein_coding,2,tankyrase 1 binding protein 1
AEC,Inhibitor effect,WSN_PP1 vs WSN,Spred1,ENSMUSG00000027351,Downregulated,-3.902,3.902,4.58e-140,protein_coding,2,"sprouty protein with EVH-1 domain 1, related sequence"
AEC,Inhibitor effect,WSN_PP1 vs WSN,Mroh1,ENSMUSG00000022558,Downregulated,-2.528,2.528,1.23e-139,protein_coding,15,maestro heat-like repeat family member 1
AEC,Inhibitor effect,WSN_PP1 vs WSN,Trim25,ENSMUSG00000000275,Downregulated,-3.879,3.879,3.64e-139,protein_coding,11,tripartite motif-containing 25
AEC,Inhibitor effect,WSN_PP1 vs WSN,Unc5b,ENSMUSG00000020099,Downregulated,-2.058,2.058,4.37e-139,protein_coding,10,unc-5 netrin receptor B
AEC,Inhibitor effect,WSN_PP1 vs WSN,Parp9,ENSMUSG00000022906,Downregulated,-3.259,3.259,4.04e-138,protein_coding,16,"poly (ADP-ribose) polymerase family, member 9"
AEC,Inhibitor effect,WSN_PP1 vs WSN,Clstn1,ENSMUSG00000039953,Downregulated,-2.988,2.988,4.51e-138,protein_coding,4,calsyntenin 1
AEC,Inhibitor effect,WSN_PP1 vs WSN,Crim1,ENSMUSG00000024074,Downregulated,-2.283,2.283,4.00e-137,protein_coding,17,cysteine rich transmembrane BMP regulator 1
AEC,Inhibitor effect,WSN_PP1 vs WSN,Aftph,ENSMUSG00000049659,Downregulated,-2.753,2.753,6.73e-137,protein_coding,11,aftiphilin
AEC,Inhibitor effect,WSN_PP1 vs WSN,Pkd1,ENSMUSG00000032855,Downregulated,-3.298,3.298,8.55e-136,protein_coding,17,"polycystin 1, transient receptor potential channel interacting"
AEC,Inhibitor effect,WSN_PP1 vs WSN,Junb,ENSMUSG00000052837,Downregulated,-2.414,2.414,9.83e-134,protein_coding,8,jun B proto-oncogene
AEC,Inhibitor effect,WSN_PP1 vs WSN,Ifi35,ENSMUSG00000010358,Downregulated,-3.014,3.014,4.17e-133,protein_coding,11,interferon-induced protein 35
AEC,Inhibitor effect,WSN_PP1 vs WSN,Ankrd11,ENSMUSG00000035569,Downregulated,-3.075,3.075,2.18e-132,protein_coding,8,ankyrin repeat domain 11
AEC,Inhibitor effect,WSN_PP1 vs WSN,Rigi,ENSMUSG00000040296,Downregulated,-2.11,2.11,2.55e-130,protein_coding,4,RNA sensor RIG-I
AEC,Inhibitor effect,WSN_PP1 vs WSN,Stat2,ENSMUSG00000040033,Downregulated,-3.538,3.538,2.33e-129,protein_coding,10,signal transducer and activator of transcription 2
AEC,Inhibitor effect,WSN_PP1 vs WSN,Wwc2,ENSMUSG00000031563,Downregulated,-2.603,2.603,4.43e-128,protein_coding,8,"WW, C2 and coiled-coil domain containing 2"
AEC,Inhibitor effect,WSN_PP1 vs WSN,Sh3pxd2a,ENSMUSG00000053617,Downregulated,-2.027,2.027,4.48e-128,protein_coding,19,SH3 and PX domains 2A
AEC,Inhibitor effect,WSN_PP1 vs WSN,Cdc42bpb,ENSMUSG00000021279,Downregulated,-3.219,3.219,1.65e-127,protein_coding,12,CDC42 binding protein kinase beta
AEC,Inhibitor effect,WSN_PP1 vs WSN,Dcp2,ENSMUSG00000024472,Downregulated,-5.025,5.025,1.91e-127,protein_coding,18,decapping mRNA 2
AEC,Inhibitor effect,WSN_PP1 vs WSN,Cxcl11,ENSMUSG00000060183,Downregulated,-6.253,6.253,4.31e-127,protein_coding,5,chemokine (C-X-C motif) ligand 11
AEC,Inhibitor effect,WSN_PP1 vs WSN,Stk38l,ENSMUSG00000001630,Downregulated,-2.861,2.861,6.21e-127,protein_coding,6,serine/threonine kinase 38 like
AEC,Inhibitor effect,WSN_PP1 vs WSN,Ifi203,ENSMUSG00000039997,Downregulated,-5.731,5.731,9.12e-123,protein_coding,1,interferon activated gene 203
AEC,Inhibitor effect,WSN_PP1 vs WSN,Pnp,ENSMUSG00000115338,Downregulated,-2.559,2.559,1.52e-122,protein_coding,14,purine-nucleoside phosphorylase
AEC,Inhibitor effect,WSN_PP1 vs WSN,Xdh,ENSMUSG00000024066,Downregulated,-2.243,2.243,1.41e-121,protein_coding,17,xanthine dehydrogenase
AEC,Inhibitor effect,WSN_PP1 vs WSN,Mast2,ENSMUSG00000003810,Downregulated,-2.407,2.407,5.21e-120,protein_coding,4,microtubule associated serine/threonine kinase 2
AEC,Inhibitor effect,WSN_PP1 vs WSN,Trp53inp1,ENSMUSG00000028211,Downregulated,-2.909,2.909,3.44e-119,protein_coding,4,transformation related protein 53 inducible nuclear protein 1
AEC,Inhibitor effect,WSN_PP1 vs WSN,Dtx3l,ENSMUSG00000049502,Downregulated,-2.862,2.862,3.78e-119,protein_coding,16,"deltex 3-like, E3 ubiquitin ligase"
AEC,Inhibitor effect,WSN_PP1 vs WSN,Furin,ENSMUSG00000030530,Downregulated,-2.137,2.137,1.05e-118,protein_coding,7,"furin, paired basic amino acid cleaving enzyme"
AEC,Inhibitor effect,WSN_PP1 vs WSN,Gm69991,ENSMUSG00000140159,Downregulated,-3.578,3.578,1.28e-118,lncRNA,4,69991
AEC,Inhibitor effect,WSN_PP1 vs WSN,Mbnl2,ENSMUSG00000022139,Downregulated,-2.155,2.155,2.46e-118,protein_coding,14,muscleblind like splicing factor 2
AEC,Inhibitor effect,WSN_PP1 vs WSN,Dhrs3,ENSMUSG00000066026,Upregulated,3.851,3.851,3.82e-118,protein_coding,4,dehydrogenase/reductase 3
AEC,Inhibitor effect,WSN_PP1 vs WSN,B230219D22Rik,ENSMUSG00000045767,Downregulated,-2.754,2.754,5.74e-118,protein_coding,13,B230219D22 gene
AEC,Inhibitor effect,WSN_PP1 vs WSN,Fndc3b,ENSMUSG00000039286,Downregulated,-2.012,2.012,8.00e-118,protein_coding,3,fibronectin type III domain containing 3B
AEC,Inhibitor effect,WSN_PP1 vs WSN,Tuft1,ENSMUSG00000005968,Upregulated,2.259,2.259,1.07e-117,protein_coding,3,tuftelin 1
AEC,Inhibitor effect,WSN_PP1 vs WSN,Edem3,ENSMUSG00000043019,Downregulated,-4.576,4.576,1.19e-117,protein_coding,1,"ER degradation enhancer, mannosidase alpha-like 3"
AEC,Inhibitor effect,WSN_PP1 vs WSN,Mex3c,ENSMUSG00000037253,Downregulated,-4.12,4.12,1.59e-117,protein_coding,18,mex3 RNA binding family member C
AEC,Inhibitor effect,WSN_PP1 vs WSN,Gbp5,ENSMUSG00000105504,Downregulated,-3.766,3.766,4.22e-117,protein_coding,3,guanylate binding protein 5
AEC,Inhibitor effect,WSN_PP1 vs WSN,Sppl2a,ENSMUSG00000027366,Downregulated,-2.092,2.092,7.57e-117,protein_coding,2,signal peptide peptidase like 2A
AEC,Inhibitor effect,WSN_PP1 vs WSN,Flt4,ENSMUSG00000020357,Downregulated,-3.234,3.234,2.29e-115,protein_coding,11,FMS-like tyrosine kinase 4
AEC,Inhibitor effect,WSN_PP1 vs WSN,Lamc1,ENSMUSG00000026478,Downregulated,-2.188,2.188,8.30e-115,protein_coding,1,"laminin, gamma 1"
AEC,Inhibitor effect,WSN_PP1 vs WSN,Crk,ENSMUSG00000017776,Downregulated,-2.102,2.102,1.02e-113,protein_coding,11,v-crk avian sarcoma virus CT10 oncogene homolog
AEC,Inhibitor effect,WSN_PP1 vs WSN,Extl3,ENSMUSG00000021978,Downregulated,-2.62,2.62,2.61e-113,protein_coding,14,exostosin-like glycosyltransferase 3
AEC,Inhibitor effect,WSN_PP1 vs WSN,Inppl1,ENSMUSG00000032737,Downregulated,-2.158,2.158,6.01e-112,protein_coding,7,inositol polyphosphate phosphatase-like 1
AEC,Inhibitor effect,WSN_PP1 vs WSN,Gm17501,ENSMUSG00000097183,Downregulated,-2.28,2.28,9.22e-112,lncRNA,3,17501
AEC,Inhibitor effect,WSN_PP1 vs WSN,N4bp1,ENSMUSG00000031652,Downregulated,-2.937,2.937,3.73e-110,protein_coding,8,NEDD4 binding protein 1
AEC,Inhibitor effect,WSN_PP1 vs WSN,Larp1,ENSMUSG00000037331,Downregulated,-2.535,2.535,5.13e-110,protein_coding,11,"La ribonucleoprotein 1, translational regulator"
AEC,Inhibitor effect,WSN_PP1 vs WSN,Sgk1,ENSMUSG00000019970,Downregulated,-2.52,2.52,2.30e-108,protein_coding,10,serum/glucocorticoid regulated kinase 1
AEC,Inhibitor effect,WSN_PP1 vs WSN,Daxx,ENSMUSG00000002307,Downregulated,-3.273,3.273,1.03e-107,protein_coding,17,Fas death domain-associated protein
AEC,Inhibitor effect,WSN_PP1 vs WSN,Hipk3,ENSMUSG00000027177,Downregulated,-2.626,2.626,2.95e-106,protein_coding,2,homeodomain interacting protein kinase 3
AEC,Inhibitor effect,WSN_PP1 vs WSN,Tap1,ENSMUSG00000037321,Downregulated,-2.859,2.859,7.01e-106,protein_coding,17,"transporter 1, ATP-binding cassette, sub-family B (MDR/TAP)"
AEC,Inhibitor effect,WSN_PP1 vs WSN,Psmb8,ENSMUSG00000024338,Downregulated,-4.073,4.073,2.39e-105,protein_coding,17,"proteasome (prosome, macropain) subunit, beta type 8 (large multifunctional peptidase 7)"
AEC,Inhibitor effect,WSN_PP1 vs WSN,Yap1,ENSMUSG00000053110,Downregulated,-2.466,2.466,7.40e-105,protein_coding,9,yes-associated protein 1
AEC,Inhibitor effect,WSN_PP1 vs WSN,Tdrd7,ENSMUSG00000035517,Downregulated,-2.894,2.894,1.69e-104,protein_coding,4,tudor domain containing 7
AEC,Inhibitor effect,WSN_PP1 vs WSN,Eif2ak2,ENSMUSG00000024079,Downregulated,-2.758,2.758,2.69e-104,protein_coding,17,eukaryotic translation initiation factor 2-alpha kinase 2
AEC,Inhibitor effect,WSN_PP1 vs WSN,Csrnp1,ENSMUSG00000032515,Downregulated,-2.64,2.64,1.19e-103,protein_coding,9,cysteine-serine-rich nuclear protein 1
AEC,Inhibitor effect,WSN_PP1 vs WSN,Galnt2,ENSMUSG00000089704,Downregulated,-2.037,2.037,3.70e-102,protein_coding,8,polypeptide N-acetylgalactosaminyltransferase 2
AEC,Inhibitor effect,WSN_PP1 vs WSN,Tnks2,ENSMUSG00000024811,Downregulated,-2.049,2.049,3.77e-102,protein_coding,19,"tankyrase, TRF1-interacting ankyrin-related ADP-ribose polymerase 2"
AEC,Inhibitor effect,WSN_PP1 vs WSN,Tmx3,ENSMUSG00000024614,Downregulated,-2.427,2.427,7.19e-102,protein_coding,18,thioredoxin-related transmembrane protein 3
AEC,Inhibitor effect,WSN_PP1 vs WSN,Dock5,ENSMUSG00000044447,Downregulated,-2.94,2.94,3.80e-101,protein_coding,14,dedicator of cytokinesis 5
AEC,Inhibitor effect,WSN_PP1 vs WSN,Gtf3c1,ENSMUSG00000032777,Downregulated,-2.196,2.196,2.84e-100,protein_coding,7,general transcription factor III C 1
AEC,Inhibitor effect,WSN_PP1 vs WSN,Notch2,ENSMUSG00000027878,Downregulated,-3.18,3.18,3.44e-100,protein_coding,3,notch 2
AEC,Inhibitor effect,WSN_PP1 vs WSN,Gm44148,ENSMUSG00000107736,Downregulated,-5.523,5.523,5.29e-100,lncRNA,6,44148
AEC,Inhibitor effect,WSN_PP1 vs WSN,Lpgat1,ENSMUSG00000026623,Downregulated,-2.605,2.605,2.75e-99,protein_coding,1,lysophosphatidylglycerol acyltransferase 1
AEC,Inhibitor effect,WSN_PP1 vs WSN,Tnrc18,ENSMUSG00000039477,Downregulated,-3.574,3.574,6.58e-99,protein_coding,5,trinucleotide repeat containing 18
AEC,Inhibitor effect,WSN_PP1 vs WSN,Vegfa,ENSMUSG00000023951,Downregulated,-2.105,2.105,1.11e-98,protein_coding,17,vascular endothelial growth factor A
AEC,Inhibitor effect,WSN_PP1 vs WSN,Xpot,ENSMUSG00000034667,Downregulated,-2.48,2.48,2.27e-98,protein_coding,10,"exportin, tRNA (nuclear export receptor for tRNAs)"
AEC,Inhibitor effect,WSN_PP1 vs WSN,Tln1,ENSMUSG00000028465,Downregulated,-2.908,2.908,4.09e-98,protein_coding,4,talin 1
AEC,Inhibitor effect,WSN_PP1 vs WSN,Dlg5,ENSMUSG00000021782,Downregulated,-3.221,3.221,8.60e-98,protein_coding,14,discs large MAGUK scaffold protein 5
AEC,Inhibitor effect,WSN_PP1 vs WSN,Cmpk2,ENSMUSG00000020638,Downregulated,-9.721,9.721,2.48e-96,protein_coding,12,cytidine/uridine monophosphate kinase 2
AEC,Inhibitor effect,WSN_PP1 vs WSN,Ankfy1,ENSMUSG00000020790,Downregulated,-2.167,2.167,3.35e-96,protein_coding,11,ankyrin repeat and FYVE domain containing 1
AEC,Inhibitor effect,WSN_PP1 vs WSN,Flnc,ENSMUSG00000068699,Downregulated,-2.109,2.109,2.43e-95,protein_coding,6,"filamin C, gamma"
AEC,Inhibitor effect,WSN_PP1 vs WSN,Pcnx1,ENSMUSG00000021140,Downregulated,-4.075,4.075,5.31e-95,protein_coding,12,pecanex 1
AEC,Inhibitor effect,WSN_PP1 vs WSN,Hmga2,ENSMUSG00000056758,Downregulated,-2.51,2.51,4.33e-94,protein_coding,10,high mobility group AT-hook 2
AEC,Inhibitor effect,WSN_PP1 vs WSN,Fam120a,ENSMUSG00000038014,Downregulated,-2.532,2.532,1.47e-92,protein_coding,13,"family with sequence similarity 120, member A"
AEC,Inhibitor effect,WSN_PP1 vs WSN,Rtp4,ENSMUSG00000033355,Downregulated,-4.945,4.945,2.29e-92,protein_coding,16,receptor transporter protein 4
AEC,Inhibitor effect,WSN_PP1 vs WSN,Mmp15,ENSMUSG00000031790,Downregulated,-2.228,2.228,7.12e-92,protein_coding,8,matrix metallopeptidase 15
AEC,Inhibitor effect,WSN_PP1 vs WSN,Itpr1,ENSMUSG00000030102,Downregulated,-3.672,3.672,2.21e-91,protein_coding,6,"inositol 1,4,5-trisphosphate receptor 1"
AEC,Inhibitor effect,WSN_PP1 vs WSN,Mgat2,ENSMUSG00000043998,Downregulated,-2.46,2.46,3.45e-91,protein_coding,12,mannoside acetylglucosaminyltransferase 2
AEC,Inhibitor effect,WSN_PP1 vs WSN,Iigp1,ENSMUSG00000054072,Downregulated,-9.434,9.434,9.38e-91,protein_coding,18,interferon inducible GTPase 1
AEC,Inhibitor effect,WSN_PP1 vs WSN,Egr1,ENSMUSG00000038418,Downregulated,-2.08,2.08,1.24e-90,protein_coding,18,early growth response 1
AEC,Inhibitor effect,WSN_PP1 vs WSN,Trim56,ENSMUSG00000043279,Downregulated,-3.791,3.791,1.45e-90,protein_coding,5,tripartite motif-containing 56
AEC,Inhibitor effect,WSN_PP1 vs WSN,Rgs16,ENSMUSG00000026475,Downregulated,-3.646,3.646,1.18e-89,protein_coding,1,regulator of G-protein signaling 16
AEC,Inhibitor effect,WSN_PP1 vs WSN,Myo9b,ENSMUSG00000004677,Downregulated,-2.856,2.856,1.24e-89,protein_coding,8,myosin IXb
AEC,Inhibitor effect,WSN_PP1 vs WSN,Gm74350,ENSMUSG00000142640,Downregulated,-3.896,3.896,1.33e-89,lncRNA,11,74350
AEC,Inhibitor effect,WSN_PP1 vs WSN,Phf11d,ENSMUSG00000068245,Downregulated,-6.011,6.011,1.40e-89,protein_coding,14,PHD finger protein 11D
AEC,Inhibitor effect,WSN_PP1 vs WSN,Trim21,ENSMUSG00000030966,Downregulated,-4.977,4.977,2.29e-89,protein_coding,7,tripartite motif-containing 21
AEC,Inhibitor effect,WSN_PP1 vs WSN,Plau,ENSMUSG00000021822,Downregulated,-2.262,2.262,2.86e-89,protein_coding,14,"plasminogen activator, urokinase"
AEC,Inhibitor effect,WSN_PP1 vs WSN,Nlgn2,ENSMUSG00000051790,Downregulated,-2.526,2.526,3.50e-89,protein_coding,11,neuroligin 2
AEC,Inhibitor effect,WSN_PP1 vs WSN,Ppp1r10,ENSMUSG00000039220,Downregulated,-3.958,3.958,1.17e-88,protein_coding,17,"protein phosphatase 1, regulatory subunit 10"
AEC,Inhibitor effect,WSN_PP1 vs WSN,Prkci,ENSMUSG00000037643,Downregulated,-2.072,2.072,1.52e-88,protein_coding,3,"protein kinase C, iota"
AEC,Inhibitor effect,WSN_PP1 vs WSN,Psmb10,ENSMUSG00000031897,Downregulated,-2.989,2.989,1.57e-88,protein_coding,8,"proteasome (prosome, macropain) subunit, beta type 10"
AEC,Inhibitor effect,WSN_PP1 vs WSN,Ski,ENSMUSG00000029050,Downregulated,-2.04,2.04,2.58e-88,protein_coding,4,ski sarcoma viral oncogene homolog (avian)
AEC,Inhibitor effect,WSN_PP1 vs WSN,Tap2,ENSMUSG00000024339,Downregulated,-3.193,3.193,8.42e-88,protein_coding,17,"transporter 2, ATP-binding cassette, sub-family B (MDR/TAP)"
AEC,Inhibitor effect,WSN_PP1 vs WSN,H2-T22,ENSMUSG00000056116,Downregulated,-2.652,2.652,2.95e-87,protein_coding,17,"histocompatibility 2, T region locus 22"
AEC,Inhibitor effect,WSN_PP1 vs WSN,AA467197,ENSMUSG00000033213,Downregulated,-2.135,2.135,2.52e-86,protein_coding,2,expressed sequence AA467197
AEC,Inhibitor effect,WSN_PP1 vs WSN,Pml,ENSMUSG00000036986,Downregulated,-2.478,2.478,7.26e-86,protein_coding,9,promyelocytic leukemia
AEC,Inhibitor effect,WSN_PP1 vs WSN,Helz2,ENSMUSG00000027580,Downregulated,-5.245,5.245,4.84e-84,protein_coding,2,"helicase with zinc finger 2, transcriptional coactivator"
AEC,Inhibitor effect,WSN_PP1 vs WSN,Atp8b2,ENSMUSG00000060671,Downregulated,-2.603,2.603,8.98e-84,protein_coding,3,"ATPase, class I, type 8B, member 2"
AEC,Inhibitor effect,WSN_PP1 vs WSN,Man2a2,ENSMUSG00000038886,Downregulated,-2.759,2.759,9.09e-84,protein_coding,7,"mannosidase 2, alpha 2"
AEC,Inhibitor effect,WSN_PP1 vs WSN,Gnb4,ENSMUSG00000027669,Downregulated,-2.925,2.925,1.21e-83,protein_coding,3,"guanine nucleotide binding protein (G protein), beta 4"
AEC,Inhibitor effect,WSN_PP1 vs WSN,Vasn,ENSMUSG00000039646,Downregulated,-3.965,3.965,1.08e-82,protein_coding,16,vasorin
AEC,Inhibitor effect,WSN_PP1 vs WSN,Gcnt2,ENSMUSG00000021360,Downregulated,-2.894,2.894,1.03e-81,protein_coding,13,glucosaminyl (N-acetyl) transferase 2 (I blood group)
AEC,Inhibitor effect,WSN_PP1 vs WSN,Jak2,ENSMUSG00000024789,Downregulated,-2.034,2.034,3.69e-81,protein_coding,19,Janus kinase 2
AEC,Inhibitor effect,WSN_PP1 vs WSN,Gdf6,ENSMUSG00000051279,Downregulated,-2.733,2.733,1.12e-79,protein_coding,4,growth differentiation factor 6
AEC,Inhibitor effect,WSN_PP1 vs WSN,Skil,ENSMUSG00000027660,Downregulated,-2.026,2.026,1.99e-79,protein_coding,3,SKI-like
AEC,Inhibitor effect,WSN_PP1 vs WSN,Rsad2,ENSMUSG00000020641,Downregulated,-7.218,7.218,2.87e-79,protein_coding,12,radical S-adenosyl methionine domain containing 2
AEC,Inhibitor effect,WSN_PP1 vs WSN,Oas1a,ENSMUSG00000052776,Downregulated,-4.126,4.126,2.95e-79,protein_coding,5,2'-5' oligoadenylate synthetase 1A
AEC,Inhibitor effect,WSN_PP1 vs WSN,Ankrd50,ENSMUSG00000044864,Downregulated,-2.509,2.509,1.38e-78,protein_coding,3,ankyrin repeat domain 50
AEC,Inhibitor effect,WSN_PP1 vs WSN,Arhgef17,ENSMUSG00000032875,Downregulated,-2.766,2.766,4.35e-78,protein_coding,7,Rho guanine nucleotide exchange factor 17
AEC,Inhibitor effect,WSN_PP1 vs WSN,Lrrc58,ENSMUSG00000034158,Downregulated,-2.795,2.795,5.11e-78,protein_coding,16,leucine rich repeat containing 58
AEC,Inhibitor effect,WSN_PP1 vs WSN,Eaf1,ENSMUSG00000021890,Downregulated,-2.176,2.176,2.39e-77,protein_coding,14,ELL associated factor 1
AEC,Inhibitor effect,WSN_PP1 vs WSN,Cldn18,ENSMUSG00000032473,Downregulated,-2.038,2.038,6.69e-77,protein_coding,9,claudin 18
AEC,Inhibitor effect,WSN_PP1 vs WSN,Ldlr,ENSMUSG00000032193,Downregulated,-2.185,2.185,8.99e-77,protein_coding,9,low density lipoprotein receptor
AEC,Inhibitor effect,WSN_PP1 vs WSN,Garre1,ENSMUSG00000066571,Downregulated,-2.889,2.889,9.33e-77,protein_coding,7,granule associated Rac and RHOG effector 1
AEC,Inhibitor effect,WSN_PP1 vs WSN,Gm64338,ENSMUSG00000122408,Downregulated,-2.56,2.56,2.33e-76,lncRNA,3,64338
AEC,Inhibitor effect,WSN_PP1 vs WSN,Mx2,ENSMUSG00000023341,Downregulated,-3.491,3.491,3.41e-76,protein_coding,16,MX dynamin-like GTPase 2
AEC,Inhibitor effect,WSN_PP1 vs WSN,Ostm1,ENSMUSG00000038280,Downregulated,-2.186,2.186,6.01e-76,protein_coding,10,osteopetrosis associated transmembrane protein 1
AEC,Inhibitor effect,WSN_PP1 vs WSN,Pdzrn3,ENSMUSG00000035357,Downregulated,-2.579,2.579,6.98e-76,protein_coding,6,PDZ domain containing RING finger 3
AEC,Inhibitor effect,WSN_PP1 vs WSN,Bcr,ENSMUSG00000009681,Downregulated,-2.673,2.673,1.26e-74,protein_coding,10,BCR activator of RhoGEF and GTPase
AEC,Inhibitor effect,WSN_PP1 vs WSN,Nfkb1,ENSMUSG00000028163,Downregulated,-2.668,2.668,4.93e-74,protein_coding,3,"nuclear factor of kappa light polypeptide gene enhancer in B cells 1, p105"
AEC,Inhibitor effect,WSN_PP1 vs WSN,Ube3b,ENSMUSG00000029577,Downregulated,-2.057,2.057,5.51e-74,protein_coding,5,ubiquitin protein ligase E3B
AEC,Inhibitor effect,WSN_PP1 vs WSN,Gbp9,ENSMUSG00000029298,Downregulated,-7.345,7.345,8.62e-74,protein_coding,5,guanylate-binding protein 9
AEC,Inhibitor effect,WSN_PP1 vs WSN,Mx1,ENSMUSG00000000386,Downregulated,-8.164,8.164,2.11e-73,protein_coding,16,MX dynamin-like GTPase 1
AEC,Inhibitor effect,WSN_PP1 vs WSN,Apol9a,ENSMUSG00000057346,Downregulated,-3.151,3.151,3.46e-73,protein_coding,15,apolipoprotein L 9a
AEC,Inhibitor effect,WSN_PP1 vs WSN,Dusp6,ENSMUSG00000019960,Downregulated,-4.731,4.731,4.52e-73,protein_coding,10,dual specificity phosphatase 6
AEC,Inhibitor effect,WSN_PP1 vs WSN,ENSMUSG00000127942,ENSMUSG00000127942,Downregulated,-4.715,4.715,5.10e-73,lncRNA,11,"novel transcript, antisense to Irgm2"
AEC,Inhibitor effect,WSN_PP1 vs WSN,Gm11626,ENSMUSG00000086347,Downregulated,-3.394,3.394,1.78e-72,lncRNA,11,predicted gene 11626
AEC,Inhibitor effect,WSN_PP1 vs WSN,Mat2a,ENSMUSG00000053907,Downregulated,-2.882,2.882,4.90e-72,protein_coding,6,methionine adenosyltransferase 2A
AEC,Inhibitor effect,WSN_PP1 vs WSN,Tent5a,ENSMUSG00000032265,Downregulated,-3.066,3.066,7.62e-72,protein_coding,9,terminal nucleotidyltransferase 5A
AEC,Inhibitor effect,WSN_PP1 vs WSN,Btbd7,ENSMUSG00000041702,Downregulated,-2.855,2.855,9.94e-72,protein_coding,12,BTB domain containing 7
AEC,Inhibitor effect,WSN_PP1 vs WSN,Fzd1,ENSMUSG00000044674,Downregulated,-2.133,2.133,1.15e-71,protein_coding,5,frizzled class receptor 1
AEC,Inhibitor effect,WSN_PP1 vs WSN,Hap1,ENSMUSG00000006930,Downregulated,-4.181,4.181,1.87e-70,protein_coding,11,huntingtin-associated protein 1
AEC,Inhibitor effect,WSN_PP1 vs WSN,Socs5,ENSMUSG00000037104,Downregulated,-3.347,3.347,7.45e-69,protein_coding,17,suppressor of cytokine signaling 5
AEC,Inhibitor effect,WSN_PP1 vs WSN,Gm40121,ENSMUSG00000123527,Downregulated,-2.306,2.306,9.43e-69,lncRNA,3,40121
AEC,Inhibitor effect,WSN_PP1 vs WSN,Lrig1,ENSMUSG00000030029,Downregulated,-2.854,2.854,1.25e-68,protein_coding,6,leucine-rich repeats and immunoglobulin-like domains 1
AEC,Inhibitor effect,WSN_PP1 vs WSN,Ptpn13,ENSMUSG00000034573,Downregulated,-2.383,2.383,4.23e-68,protein_coding,5,"protein tyrosine phosphatase, non-receptor type 13"
AEC,Inhibitor effect,WSN_PP1 vs WSN,Micall1,ENSMUSG00000033039,Downregulated,-2.272,2.272,4.27e-68,protein_coding,15,"microtubule associated monooxygenase, calponin and LIM domain containing -like 1"
AEC,Inhibitor effect,WSN_PP1 vs WSN,Cmtm4,ENSMUSG00000096188,Downregulated,-2.071,2.071,5.92e-68,protein_coding,8,CKLF-like MARVEL transmembrane domain containing 4
AEC,Inhibitor effect,WSN_PP1 vs WSN,D17H6S56E-5,ENSMUSG00000120992,Downregulated,-2.849,2.849,2.55e-67,protein_coding,17,"DNA segment, Chr 17, human D6S56E 5"
AEC,Inhibitor effect,WSN_PP1 vs WSN,Kremen1,ENSMUSG00000020393,Downregulated,-2.836,2.836,3.14e-67,protein_coding,11,kringle containing transmembrane protein 1
AEC,Inhibitor effect,WSN_PP1 vs WSN,Tanc1,ENSMUSG00000035168,Downregulated,-2.78,2.78,7.29e-67,protein_coding,2,"tetratricopeptide repeat, ankyrin repeat and coiled-coil containing 1"
AEC,Inhibitor effect,WSN_PP1 vs WSN,Mob1b,ENSMUSG00000006262,Downregulated,-2.706,2.706,1.27e-66,protein_coding,5,MOB kinase activator 1B
AEC,Inhibitor effect,WSN_PP1 vs WSN,Abl1,ENSMUSG00000026842,Downregulated,-2.327,2.327,2.46e-66,protein_coding,2,"c-abl oncogene 1, non-receptor tyrosine kinase"
AEC,Inhibitor effect,WSN_PP1 vs WSN,Ppp1r15b,ENSMUSG00000046062,Downregulated,-2.535,2.535,9.49e-66,protein_coding,1,"protein phosphatase 1, regulatory subunit 15B"
AEC,Inhibitor effect,WSN_PP1 vs WSN,Traf3,ENSMUSG00000021277,Downregulated,-2.314,2.314,1.08e-65,protein_coding,12,TNF receptor-associated factor 3
AEC,Inhibitor effect,WSN_PP1 vs WSN,Sec16a,ENSMUSG00000026924,Downregulated,-2.119,2.119,1.77e-65,protein_coding,2,"SEC16 homolog A, endoplasmic reticulum export factor"
AEC,Inhibitor effect,WSN_PP1 vs WSN,Ifit1bl1,ENSMUSG00000079339,Downregulated,-7.197,7.197,2.45e-65,protein_coding,19,interferon induced protein with tetratricpeptide repeats 1B like 1
AEC,Inhibitor effect,WSN_PP1 vs WSN,Chac1,ENSMUSG00000027313,Upregulated,3.324,3.324,2.68e-65,protein_coding,2,"ChaC, cation transport regulator 1"
AEC,Inhibitor effect,WSN_PP1 vs WSN,Gm19412,ENSMUSG00000101438,Downregulated,-2.201,2.201,3.67e-65,lncRNA,17,19412
AEC,Inhibitor effect,WSN_PP1 vs WSN,Dse,ENSMUSG00000039497,Downregulated,-3.142,3.142,8.45e-65,protein_coding,10,dermatan sulfate epimerase
AEC,Inhibitor effect,WSN_PP1 vs WSN,Tor1b,ENSMUSG00000026848,Downregulated,-2.392,2.392,1.10e-64,protein_coding,2,"torsin family 1, member B"
AEC,Inhibitor effect,WSN_PP1 vs WSN,Zzef1,ENSMUSG00000055670,Downregulated,-3.144,3.144,2.23e-64,protein_coding,11,"zinc finger, ZZ-type with EF hand domain 1"
AEC,Inhibitor effect,WSN_PP1 vs WSN,Dab2ip,ENSMUSG00000026883,Downregulated,-2.806,2.806,2.98e-64,protein_coding,2,disabled 2 interacting protein
AEC,Inhibitor effect,WSN_PP1 vs WSN,Ankib1,ENSMUSG00000040351,Downregulated,-2.437,2.437,4.35e-64,protein_coding,5,ankyrin repeat and IBR domain containing 1
AEC,Inhibitor effect,WSN_PP1 vs WSN,Lurap1l,ENSMUSG00000048706,Upregulated,2.073,2.073,6.34e-64,protein_coding,4,leucine rich adaptor protein 1-like
AEC,Inhibitor effect,WSN_PP1 vs WSN,Itpr3,ENSMUSG00000042644,Downregulated,-2.516,2.516,1.05e-63,protein_coding,17,"inositol 1,4,5-triphosphate receptor 3"
AEC,Inhibitor effect,WSN_PP1 vs WSN,Slfn2,ENSMUSG00000072620,Downregulated,-3.248,3.248,1.27e-63,protein_coding,11,schlafen 2
AEC,Inhibitor effect,WSN_PP1 vs WSN,Gm20496,ENSMUSG00000092550,Downregulated,-3.896,3.896,1.77e-63,lncRNA,17,predicted gene 20496
AEC,Inhibitor effect,WSN_PP1 vs WSN,Ier5,ENSMUSG00000056708,Downregulated,-2.388,2.388,2.69e-63,protein_coding,1,immediate early response 5
AEC,Inhibitor effect,WSN_PP1 vs WSN,Tnfaip2,ENSMUSG00000021281,Downregulated,-2.282,2.282,9.90e-63,protein_coding,12,"tumor necrosis factor, alpha-induced protein 2"
AEC,Inhibitor effect,WSN_PP1 vs WSN,Ets1,ENSMUSG00000032035,Downregulated,-2.284,2.284,9.98e-63,protein_coding,9,"E26 avian leukemia oncogene 1, 5' domain"
AEC,Inhibitor effect,WSN_PP1 vs WSN,Parp10,ENSMUSG00000063268,Downregulated,-3.538,3.538,1.20e-62,protein_coding,15,"poly (ADP-ribose) polymerase family, member 10"
AEC,Inhibitor effect,WSN_PP1 vs WSN,Mib1,ENSMUSG00000024294,Downregulated,-2.254,2.254,2.16e-62,protein_coding,18,MIB E3 ubiquitin protein ligase 1
AEC,Inhibitor effect,WSN_PP1 vs WSN,Serpinb2,ENSMUSG00000062345,Downregulated,-2.203,2.203,5.80e-62,protein_coding,1,"serine (or cysteine) peptidase inhibitor, clade B, member 2"
AEC,Inhibitor effect,WSN_PP1 vs WSN,Secisbp2l,ENSMUSG00000035093,Downregulated,-2.292,2.292,1.77e-61,protein_coding,2,SECIS binding protein 2-like
AEC,Inhibitor effect,WSN_PP1 vs WSN,AW112010,ENSMUSG00000075010,Downregulated,-2.572,2.572,3.24e-61,lncRNA,19,expressed sequence AW112010
AEC,Inhibitor effect,WSN_PP1 vs WSN,Frmd6,ENSMUSG00000048285,Downregulated,-2.895,2.895,3.40e-61,protein_coding,12,FERM domain containing 6
AEC,Inhibitor effect,WSN_PP1 vs WSN,Mir6381,ENSMUSG00000098871,Downregulated,-5.633,5.633,4.82e-60,miRNA,3,microRNA 6381
AEC,Inhibitor effect,WSN_PP1 vs WSN,Gm36043,ENSMUSG00000117964,Downregulated,-6.963,6.963,7.76e-60,lncRNA,19,36043
AEC,Inhibitor effect,WSN_PP1 vs WSN,Ccl5,ENSMUSG00000035042,Downregulated,-6.064,6.064,8.16e-60,protein_coding,11,C-C motif chemokine ligand 5
AEC,Inhibitor effect,WSN_PP1 vs WSN,Herc2,ENSMUSG00000030451,Downregulated,-3.531,3.531,9.27e-60,protein_coding,7,HECT and RLD domain containing E3 ubiquitin protein ligase 2
AEC,Inhibitor effect,WSN_PP1 vs WSN,Nr3c1,ENSMUSG00000024431,Downregulated,-2.402,2.402,2.15e-59,protein_coding,18,"nuclear receptor subfamily 3, group C, member 1"
AEC,Inhibitor effect,WSN_PP1 vs WSN,Bcl9l,ENSMUSG00000063382,Downregulated,-2.818,2.818,6.92e-59,protein_coding,9,B cell CLL/lymphoma 9-like
AEC,Inhibitor effect,WSN_PP1 vs WSN,Aebp2,ENSMUSG00000030232,Downregulated,-2.367,2.367,8.77e-59,protein_coding,6,AE binding protein 2
AEC,Inhibitor effect,WSN_PP1 vs WSN,5430410E06Rik,ENSMUSG00000130316,Downregulated,-2.16,2.16,9.42e-59,lncRNA,17,5430410E06 gene
AEC,Inhibitor effect,WSN_PP1 vs WSN,Jag1,ENSMUSG00000027276,Downregulated,-2.326,2.326,1.25e-57,protein_coding,2,jagged 1
AEC,Inhibitor effect,WSN_PP1 vs WSN,Mov10,ENSMUSG00000002227,Downregulated,-2.568,2.568,2.00e-57,protein_coding,3,Mov10 RISC complex RNA helicase
AEC,Inhibitor effect,WSN_PP1 vs WSN,Lratd2,ENSMUSG00000072568,Downregulated,-2.315,2.315,7.18e-57,protein_coding,15,LRAT domain containing 1
AEC,Inhibitor effect,WSN_PP1 vs WSN,Slfn5,ENSMUSG00000054404,Downregulated,-5.763,5.763,1.39e-56,protein_coding,11,schlafen 5
AEC,Inhibitor effect,WSN_PP1 vs WSN,Adgra3,ENSMUSG00000029090,Downregulated,-2.58,2.58,2.32e-56,protein_coding,5,adhesion G protein-coupled receptor A3
AEC,Inhibitor effect,WSN_PP1 vs WSN,Dusp5,ENSMUSG00000034765,Downregulated,-4.276,4.276,3.01e-56,protein_coding,19,dual specificity phosphatase 5
AEC,Inhibitor effect,WSN_PP1 vs WSN,Trio,ENSMUSG00000022263,Downregulated,-2.619,2.619,3.66e-56,protein_coding,15,triple functional domain (PTPRF interacting)
AEC,Inhibitor effect,WSN_PP1 vs WSN,Ppfia1,ENSMUSG00000037519,Downregulated,-3.066,3.066,5.54e-56,protein_coding,7,"protein tyrosine phosphatase, receptor type, f polypeptide (PTPRF), interacting protein (liprin), alpha 1"
AEC,Inhibitor effect,WSN_PP1 vs WSN,Pcmtd1,ENSMUSG00000051285,Downregulated,-2.261,2.261,7.83e-56,protein_coding,1,protein-L-isoaspartate (D-aspartate) O-methyltransferase domain containing 1
AEC,Inhibitor effect,WSN_PP1 vs WSN,Slmap,ENSMUSG00000021870,Downregulated,-2.069,2.069,8.34e-56,protein_coding,14,sarcolemma associated protein
AEC,Inhibitor effect,WSN_PP1 vs WSN,Atp10a,ENSMUSG00000025324,Downregulated,-4.465,4.465,9.37e-56,protein_coding,7,"ATPase, class V, type 10A"
AEC,Inhibitor effect,WSN_PP1 vs WSN,Numa1,ENSMUSG00000066306,Downregulated,-2.161,2.161,1.20e-55,protein_coding,7,nuclear mitotic apparatus protein 1
AEC,Inhibitor effect,WSN_PP1 vs WSN,Cic,ENSMUSG00000005442,Downregulated,-2.079,2.079,1.49e-55,protein_coding,7,capicua transcriptional repressor
AEC,Inhibitor effect,WSN_PP1 vs WSN,Hmgcr,ENSMUSG00000021670,Downregulated,-2.094,2.094,3.54e-55,protein_coding,13,3-hydroxy-3-methylglutaryl-Coenzyme A reductase
AEC,Inhibitor effect,WSN_PP1 vs WSN,Gm64688,ENSMUSG00000125064,Downregulated,-2.007,2.007,6.81e-55,lncRNA,17,64688
AEC,Inhibitor effect,WSN_PP1 vs WSN,Gm62999,ENSMUSG00000137762,Downregulated,-2.151,2.151,7.77e-55,lncRNA,15,62999
AEC,Inhibitor effect,WSN_PP1 vs WSN,Gdf15,ENSMUSG00000038508,Downregulated,-2.174,2.174,1.08e-54,protein_coding,8,growth differentiation factor 15
AEC,Inhibitor effect,WSN_PP1 vs WSN,Cdh11,ENSMUSG00000031673,Downregulated,-2.176,2.176,2.15e-54,protein_coding,8,cadherin 11
AEC,Inhibitor effect,WSN_PP1 vs WSN,Zbed6,ENSMUSG00000094410,Downregulated,-3.818,3.818,5.46e-54,protein_coding,1,"zinc finger, BED type containing 6"
AEC,Inhibitor effect,WSN_PP1 vs WSN,Gm11131,ENSMUSG00000079505,Downregulated,-4.971,4.971,8.54e-54,lncRNA,17,predicted gene 11131
AEC,Inhibitor effect,WSN_PP1 vs WSN,Lats1,ENSMUSG00000040021,Downregulated,-2.162,2.162,2.11e-53,protein_coding,10,large tumor suppressor
AEC,Inhibitor effect,WSN_PP1 vs WSN,Clcn4,ENSMUSG00000000605,Downregulated,-2.108,2.108,2.33e-53,protein_coding,7,"chloride channel, voltage-sensitive 4"
AEC,Inhibitor effect,WSN_PP1 vs WSN,Zfp36,ENSMUSG00000044786,Downregulated,-2.481,2.481,5.82e-53,protein_coding,7,zinc finger protein 36
AEC,Inhibitor effect,WSN_PP1 vs WSN,Mon2,ENSMUSG00000034602,Downregulated,-2.321,2.321,7.75e-53,protein_coding,10,"MON2 homolog, regulator of endosome to Golgi trafficking"
AEC,Inhibitor effect,WSN_PP1 vs WSN,Ch25h,ENSMUSG00000050370,Downregulated,-5.462,5.462,8.87e-53,protein_coding,19,cholesterol 25-hydroxylase
AEC,Inhibitor effect,WSN_PP1 vs WSN,Herc6,ENSMUSG00000029798,Downregulated,-4.86,4.86,1.05e-52,protein_coding,6,hect domain and RLD 6
AEC,Inhibitor effect,WSN_PP1 vs WSN,Mlkl,ENSMUSG00000012519,Downregulated,-2.424,2.424,5.81e-52,protein_coding,8,mixed lineage kinase domain-like
AEC,Inhibitor effect,WSN_PP1 vs WSN,Rnpepl1,ENSMUSG00000026269,Downregulated,-2.057,2.057,6.54e-52,protein_coding,1,arginyl aminopeptidase (aminopeptidase B)-like 1
AEC,Inhibitor effect,WSN_PP1 vs WSN,Parp11,ENSMUSG00000037997,Downregulated,-2.606,2.606,1.93e-51,protein_coding,6,"poly (ADP-ribose) polymerase family, member 11"
AEC,Inhibitor effect,WSN_PP1 vs WSN,Ppp4r1,ENSMUSG00000061950,Downregulated,-2.062,2.062,4.09e-51,protein_coding,17,"protein phosphatase 4, regulatory subunit 1"
AEC,Inhibitor effect,WSN_PP1 vs WSN,Dhx58,ENSMUSG00000017830,Downregulated,-6.301,6.301,6.37e-51,protein_coding,11,DExH-box helicase 58
AEC,Inhibitor effect,WSN_PP1 vs WSN,Trrap,ENSMUSG00000045482,Downregulated,-2.826,2.826,1.03e-50,protein_coding,5,transformation/transcription domain-associated protein
AEC,Inhibitor effect,WSN_PP1 vs WSN,Arid1a,ENSMUSG00000007880,Downregulated,-2.486,2.486,1.79e-50,protein_coding,4,AT-rich interaction domain 1A
AEC,Inhibitor effect,WSN_PP1 vs WSN,Uba7,ENSMUSG00000032596,Downregulated,-5.267,5.267,1.96e-50,protein_coding,9,ubiquitin-like modifier activating enzyme 7
AEC,Inhibitor effect,WSN_PP1 vs WSN,Sh3rf1,ENSMUSG00000031642,Downregulated,-2.06,2.06,3.35e-50,protein_coding,8,SH3 domain containing ring finger 1
AEC,Inhibitor effect,WSN_PP1 vs WSN,Abca2,ENSMUSG00000026944,Downregulated,-2.525,2.525,4.05e-50,protein_coding,2,"ATP-binding cassette, sub-family A member 2"
AEC,Inhibitor effect,WSN_PP1 vs WSN,Zfp365,ENSMUSG00000037855,Downregulated,-3.623,3.623,5.74e-50,protein_coding,10,zinc finger protein 365
AEC,Inhibitor effect,WSN_PP1 vs WSN,Car12,ENSMUSG00000032373,Downregulated,-3.244,3.244,3.56e-49,protein_coding,9,carbonic anhydrase 12
AEC,Inhibitor effect,WSN_PP1 vs WSN,Ptpn21,ENSMUSG00000021009,Downregulated,-2.325,2.325,9.05e-49,protein_coding,12,"protein tyrosine phosphatase, non-receptor type 21"
AEC,Inhibitor effect,WSN_PP1 vs WSN,Cntn2,ENSMUSG00000053024,Downregulated,-2.112,2.112,3.31e-48,protein_coding,1,contactin 2
AEC,Inhibitor effect,WSN_PP1 vs WSN,Snx30,ENSMUSG00000028385,Downregulated,-2.521,2.521,4.00e-48,protein_coding,4,sorting nexin family member 30
AEC,Inhibitor effect,WSN_PP1 vs WSN,A930037H05Rik,ENSMUSG00000109408,Downregulated,-6.825,6.825,4.12e-48,lncRNA,11,A930037H05 gene
AEC,Inhibitor effect,WSN_PP1 vs WSN,Afdn,ENSMUSG00000068036,Downregulated,-2.68,2.68,4.59e-48,protein_coding,17,"afadin, adherens junction formation factor"
AEC,Inhibitor effect,WSN_PP1 vs WSN,Zswim6,ENSMUSG00000032846,Downregulated,-3.41,3.41,7.92e-48,protein_coding,13,zinc finger SWIM-type containing 6
AEC,Inhibitor effect,WSN_PP1 vs WSN,Map1a,ENSMUSG00000027254,Downregulated,-2.63,2.63,1.81e-47,protein_coding,2,microtubule-associated protein 1 A
AEC,Inhibitor effect,WSN_PP1 vs WSN,Nod1,ENSMUSG00000038058,Downregulated,-3.685,3.685,2.10e-47,protein_coding,6,nucleotide-binding oligomerization domain containing 1
AEC,Inhibitor effect,WSN_PP1 vs WSN,Map4k3,ENSMUSG00000024242,Downregulated,-2.468,2.468,2.15e-47,protein_coding,17,mitogen-activated protein kinase kinase kinase kinase 3
AEC,Inhibitor effect,WSN_PP1 vs WSN,Eif2ak3,ENSMUSG00000031668,Downregulated,-2.524,2.524,3.50e-47,protein_coding,6,eukaryotic translation initiation factor 2 alpha kinase 3
AEC,Inhibitor effect,WSN_PP1 vs WSN,Sun1,ENSMUSG00000036817,Downregulated,-2.151,2.151,3.85e-47,protein_coding,5,Sad1 and UNC84 domain containing 1
AEC,Inhibitor effect,WSN_PP1 vs WSN,Tmem106a,ENSMUSG00000034947,Downregulated,-2.901,2.901,4.49e-47,protein_coding,11,transmembrane protein 106A
AEC,Inhibitor effect,WSN_PP1 vs WSN,Slc20a2,ENSMUSG00000037656,Downregulated,-2.038,2.038,5.10e-47,protein_coding,8,"solute carrier family 20, member 2"
AEC,Inhibitor effect,WSN_PP1 vs WSN,Zcchc14,ENSMUSG00000061410,Downregulated,-3.544,3.544,7.30e-47,protein_coding,8,"zinc finger, CCHC domain containing 14"
AEC,Inhibitor effect,WSN_PP1 vs WSN,Eif4ebp2,ENSMUSG00000020091,Downregulated,-2.317,2.317,9.08e-47,protein_coding,10,eukaryotic translation initiation factor 4E binding protein 2
AEC,Inhibitor effect,WSN_PP1 vs WSN,Naa25,ENSMUSG00000042719,Downregulated,-2.052,2.052,4.48e-46,protein_coding,5,"N(alpha)-acetyltransferase 25, NatB auxiliary subunit"
AEC,Inhibitor effect,WSN_PP1 vs WSN,Ptger1,ENSMUSG00000019464,Downregulated,-2.117,2.117,5.01e-46,protein_coding,8,prostaglandin E receptor 1 (subtype EP1)
AEC,Inhibitor effect,WSN_PP1 vs WSN,Mpeg1,ENSMUSG00000046805,Downregulated,-5.568,5.568,6.48e-46,protein_coding,19,macrophage expressed gene 1
AEC,Inhibitor effect,WSN_PP1 vs WSN,Gfod1,ENSMUSG00000051335,Downregulated,-3.329,3.329,1.01e-45,protein_coding,13,glucose-fructose oxidoreductase domain containing 1
AEC,Inhibitor effect,WSN_PP1 vs WSN,Arap2,ENSMUSG00000037999,Downregulated,-2.533,2.533,1.22e-45,protein_coding,5,"ArfGAP with RhoGAP domain, ankyrin repeat and PH domain 2"
AEC,Inhibitor effect,WSN_PP1 vs WSN,Gcn1,ENSMUSG00000041638,Downregulated,-2.154,2.154,1.30e-45,protein_coding,5,GCN1 activator of EIF2AK4
AEC,Inhibitor effect,WSN_PP1 vs WSN,Bach1,ENSMUSG00000025612,Downregulated,-3.648,3.648,2.24e-45,protein_coding,16,"BTB and CNC homology 1, basic leucine zipper transcription factor 1"
AEC,Inhibitor effect,WSN_PP1 vs WSN,1700126G02Rik,ENSMUSG00000107802,Downregulated,-4.849,4.849,2.78e-45,lncRNA,6,1700126G02 gene
AEC,Inhibitor effect,WSN_PP1 vs WSN,Trappc10,ENSMUSG00000000374,Downregulated,-2.58,2.58,1.01e-44,protein_coding,10,trafficking protein particle complex 10
AEC,Inhibitor effect,WSN_PP1 vs WSN,Rarb,ENSMUSG00000017491,Upregulated,2.622,2.622,1.03e-44,protein_coding,14,"retinoic acid receptor, beta"
AEC,Inhibitor effect,WSN_PP1 vs WSN,Hivep2,ENSMUSG00000015501,Downregulated,-2.821,2.821,1.35e-44,protein_coding,10,human immunodeficiency virus type I enhancer binding protein 2
AEC,Inhibitor effect,WSN_PP1 vs WSN,Fam171a1,ENSMUSG00000050530,Downregulated,-2.843,2.843,1.90e-44,protein_coding,2,"family with sequence similarity 171, member A1"
AEC,Inhibitor effect,WSN_PP1 vs WSN,Usp12,ENSMUSG00000029640,Downregulated,-3.814,3.814,2.19e-44,protein_coding,5,ubiquitin specific peptidase 12
AEC,Inhibitor effect,WSN_PP1 vs WSN,Chrnb2,ENSMUSG00000027950,Downregulated,-3.748,3.748,2.74e-44,protein_coding,3,cholinergic receptor nicotinic beta 2 subunit
AEC,Inhibitor effect,WSN_PP1 vs WSN,Cemip2,ENSMUSG00000024754,Downregulated,-4.788,4.788,2.75e-44,protein_coding,19,cell migration inducing hyaluronidase 2
AEC,Inhibitor effect,WSN_PP1 vs WSN,Cldn3,ENSMUSG00000070473,Upregulated,2.623,2.623,2.92e-44,protein_coding,5,claudin 3
AEC,Inhibitor effect,WSN_PP1 vs WSN,Mamdc2,ENSMUSG00000033207,Downregulated,-2.32,2.32,3.07e-44,protein_coding,19,MAM domain containing 2
AEC,Inhibitor effect,WSN_PP1 vs WSN,Gm38316,ENSMUSG00000103730,Downregulated,-2.383,2.383,3.66e-44,TEC,14,38316
AEC,Inhibitor effect,WSN_PP1 vs WSN,Ncoa7,ENSMUSG00000039697,Downregulated,-3.095,3.095,4.63e-44,protein_coding,10,nuclear receptor coactivator 7
AEC,Inhibitor effect,WSN_PP1 vs WSN,Zbtb18,ENSMUSG00000063659,Downregulated,-2.387,2.387,5.40e-44,protein_coding,1,zinc finger and BTB domain containing 18
AEC,Inhibitor effect,WSN_PP1 vs WSN,Gm41698,ENSMUSG00000123961,Downregulated,-2.701,2.701,8.26e-44,lncRNA,18,41698
AEC,Inhibitor effect,WSN_PP1 vs WSN,Sh2d4a,ENSMUSG00000053886,Upregulated,3.492,3.492,8.60e-44,protein_coding,8,SH2 domain containing 4A
AEC,Inhibitor effect,WSN_PP1 vs WSN,Itga9,ENSMUSG00000039115,Downregulated,-2.352,2.352,9.42e-44,protein_coding,9,integrin alpha 9
AEC,Inhibitor effect,WSN_PP1 vs WSN,Ddit4,ENSMUSG00000020108,Downregulated,-2.318,2.318,1.21e-43,protein_coding,10,DNA-damage-inducible transcript 4
AEC,Inhibitor effect,WSN_PP1 vs WSN,Mfhas1,ENSMUSG00000070056,Downregulated,-2.282,2.282,2.01e-43,protein_coding,8,malignant fibrous histiocytoma amplified sequence 1
AEC,Inhibitor effect,WSN_PP1 vs WSN,Il6,ENSMUSG00000025746,Downregulated,-2.353,2.353,2.22e-43,protein_coding,5,interleukin 6
AEC,Inhibitor effect,WSN_PP1 vs WSN,Gm26811,ENSMUSG00000097816,Downregulated,-2.572,2.572,2.41e-43,lncRNA,6,26811
AEC,Inhibitor effect,WSN_PP1 vs WSN,Slc25a22,ENSMUSG00000019082,Downregulated,-2.57,2.57,4.17e-43,protein_coding,7,"solute carrier family 25 (mitochondrial carrier, glutamate), member 22"
AEC,Inhibitor effect,WSN_PP1 vs WSN,Tnrc6a,ENSMUSG00000052707,Downregulated,-2.257,2.257,4.44e-43,protein_coding,7,trinucleotide repeat containing 6a
AEC,Inhibitor effect,WSN_PP1 vs WSN,Xxylt1,ENSMUSG00000047434,Downregulated,-3.415,3.415,8.32e-43,protein_coding,16,xyloside xylosyltransferase 1
AEC,Inhibitor effect,WSN_PP1 vs WSN,Svil,ENSMUSG00000024236,Downregulated,-2.344,2.344,8.43e-43,protein_coding,18,supervillin
AEC,Inhibitor effect,WSN_PP1 vs WSN,Tsku,ENSMUSG00000049580,Downregulated,-2.891,2.891,1.10e-42,protein_coding,7,"tsukushi, small leucine rich proteoglycan"
AEC,Inhibitor effect,WSN_PP1 vs WSN,Gm26902,ENSMUSG00000097558,Downregulated,-3.617,3.617,1.12e-42,lncRNA,19,26902
AEC,Inhibitor effect,WSN_PP1 vs WSN,Zfp281,ENSMUSG00000041483,Downregulated,-4.06,4.06,1.20e-42,protein_coding,1,zinc finger protein 281
AEC,Inhibitor effect,WSN_PP1 vs WSN,Sp110,ENSMUSG00000070034,Downregulated,-2.32,2.32,1.30e-42,protein_coding,1,Sp110 nuclear body protein
AEC,Inhibitor effect,WSN_PP1 vs WSN,Gm31834,ENSMUSG00000114638,Downregulated,-2.659,2.659,1.51e-42,lncRNA,13,31834
AEC,Inhibitor effect,WSN_PP1 vs WSN,Lats2,ENSMUSG00000021959,Downregulated,-2.455,2.455,1.85e-42,protein_coding,14,large tumor suppressor 2
AEC,Inhibitor effect,WSN_PP1 vs WSN,Klf13,ENSMUSG00000052040,Downregulated,-2.699,2.699,2.86e-42,protein_coding,7,Kruppel-like transcription factor 13
AEC,Inhibitor effect,WSN_PP1 vs WSN,Plagl1,ENSMUSG00000019817,Downregulated,-2.913,2.913,4.77e-42,protein_coding,10,pleiomorphic adenoma gene-like 1
AEC,Inhibitor effect,WSN_PP1 vs WSN,Phf2,ENSMUSG00000038025,Downregulated,-2.76,2.76,6.90e-42,protein_coding,13,PHD finger protein 2
AEC,Inhibitor effect,WSN_PP1 vs WSN,Dip2a,ENSMUSG00000020231,Downregulated,-3.221,3.221,1.26e-41,protein_coding,10,disco interacting protein 2 homolog A
AEC,Inhibitor effect,WSN_PP1 vs WSN,Mpdz,ENSMUSG00000028402,Downregulated,-2.069,2.069,1.57e-41,protein_coding,4,multiple PDZ domain crumbs cell polarity complex component
AEC,Inhibitor effect,WSN_PP1 vs WSN,Zcchc24,ENSMUSG00000055538,Downregulated,-2.886,2.886,2.12e-41,protein_coding,14,"zinc finger, CCHC domain containing 24"
AEC,Inhibitor effect,WSN_PP1 vs WSN,Stk4,ENSMUSG00000018209,Downregulated,-2.083,2.083,4.31e-41,protein_coding,2,serine/threonine kinase 4
AEC,Inhibitor effect,WSN_PP1 vs WSN,Lmbrd2,ENSMUSG00000039704,Downregulated,-2.457,2.457,8.30e-41,protein_coding,15,LMBR1 domain containing 2
AEC,Inhibitor effect,WSN_PP1 vs WSN,Sema7a,ENSMUSG00000038264,Downregulated,-3.262,3.262,1.53e-40,protein_coding,9,"sema domain, immunoglobulin domain (Ig), and GPI membrane anchor, (semaphorin) 7A"
AEC,Inhibitor effect,WSN_PP1 vs WSN,Pitpnm2,ENSMUSG00000029406,Downregulated,-3.227,3.227,2.00e-40,protein_coding,5,"phosphatidylinositol transfer protein, membrane-associated 2"
AEC,Inhibitor effect,WSN_PP1 vs WSN,Med13l,ENSMUSG00000018076,Downregulated,-4.218,4.218,2.00e-40,protein_coding,5,mediator complex subunit 13-like
AEC,Inhibitor effect,WSN_PP1 vs WSN,Gapvd1,ENSMUSG00000026867,Downregulated,-2.047,2.047,2.18e-40,protein_coding,2,GTPase activating protein and VPS9 domains 1
AEC,Inhibitor effect,WSN_PP1 vs WSN,Zbtb38,ENSMUSG00000040433,Downregulated,-2.057,2.057,2.29e-40,protein_coding,9,zinc finger and BTB domain containing 38
AEC,Inhibitor effect,WSN_PP1 vs WSN,9530082P21Rik,ENSMUSG00000097006,Downregulated,-2.723,2.723,3.39e-40,lncRNA,17,9530082P21 gene
AEC,Inhibitor effect,WSN_PP1 vs WSN,Gm28513,ENSMUSG00000099568,Downregulated,-3.924,3.924,4.23e-40,lncRNA,1,predicted gene 28513
AEC,Inhibitor effect,WSN_PP1 vs WSN,Tent4a,ENSMUSG00000034575,Downregulated,-2.399,2.399,6.92e-40,protein_coding,13,terminal nucleotidyltransferase 4A
AEC,Inhibitor effect,WSN_PP1 vs WSN,Igsf3,ENSMUSG00000042035,Downregulated,-2.7,2.7,8.23e-40,protein_coding,3,"immunoglobulin superfamily, member 3"
AEC,Inhibitor effect,WSN_PP1 vs WSN,Mrs2,ENSMUSG00000021339,Downregulated,-2.268,2.268,1.35e-39,protein_coding,13,MRS2 magnesium transporter
AEC,Inhibitor effect,WSN_PP1 vs WSN,Mtor,ENSMUSG00000028991,Downregulated,-2.503,2.503,2.14e-39,protein_coding,4,mechanistic target of rapamycin kinase
AEC,Inhibitor effect,WSN_PP1 vs WSN,Gm15350,ENSMUSG00000084780,Downregulated,-3.366,3.366,2.25e-39,lncRNA,8,predicted gene 15350
AEC,Inhibitor effect,WSN_PP1 vs WSN,Mindy2,ENSMUSG00000042444,Downregulated,-3.101,3.101,4.92e-39,protein_coding,9,MINDY lysine 48 deubiquitinase 2
AEC,Inhibitor effect,WSN_PP1 vs WSN,Cep104,ENSMUSG00000039523,Downregulated,-2.14,2.14,5.52e-39,protein_coding,4,centrosomal protein 104
AEC,Inhibitor effect,WSN_PP1 vs WSN,Flywch1,ENSMUSG00000040097,Downregulated,-2.084,2.084,6.30e-39,protein_coding,17,FLYWCH-type zinc finger 1
AEC,Inhibitor effect,WSN_PP1 vs WSN,Stim2,ENSMUSG00000039156,Downregulated,-2.748,2.748,6.60e-39,protein_coding,5,stromal interaction molecule 2
AEC,Inhibitor effect,WSN_PP1 vs WSN,Adgrl1,ENSMUSG00000013033,Downregulated,-2.014,2.014,7.12e-39,protein_coding,8,adhesion G protein-coupled receptor L1
AEC,Inhibitor effect,WSN_PP1 vs WSN,Htt,ENSMUSG00000029104,Downregulated,-2.686,2.686,7.24e-39,protein_coding,5,huntingtin
AEC,Inhibitor effect,WSN_PP1 vs WSN,Ifi207,ENSMUSG00000073490,Downregulated,-5.803,5.803,7.96e-39,protein_coding,1,interferon activated gene 207
AEC,Inhibitor effect,WSN_PP1 vs WSN,Dip2c,ENSMUSG00000048264,Downregulated,-3.797,3.797,9.53e-39,protein_coding,13,disco interacting protein 2 homolog C
AEC,Inhibitor effect,WSN_PP1 vs WSN,Htr2a,ENSMUSG00000034997,Downregulated,-2.227,2.227,1.23e-38,protein_coding,14,5-hydroxytryptamine (serotonin) receptor 2A
AEC,Inhibitor effect,WSN_PP1 vs WSN,Rab38,ENSMUSG00000030559,Upregulated,2.796,2.796,1.56e-38,protein_coding,7,"RAB38, member RAS oncogene family"
AEC,Inhibitor effect,WSN_PP1 vs WSN,Tgfbr1,ENSMUSG00000007613,Downregulated,-2.131,2.131,2.23e-38,protein_coding,4,"transforming growth factor, beta receptor I"
AEC,Inhibitor effect,WSN_PP1 vs WSN,Spen,ENSMUSG00000040761,Downregulated,-3.963,3.963,2.40e-38,protein_coding,4,spen family transcription repressor
AEC,Inhibitor effect,WSN_PP1 vs WSN,Ifi205,ENSMUSG00000054203,Downregulated,-6.148,6.148,2.77e-38,protein_coding,1,interferon activated gene 205
AEC,Inhibitor effect,WSN_PP1 vs WSN,Sipa1l2,ENSMUSG00000001995,Downregulated,-2.389,2.389,3.48e-38,protein_coding,8,signal-induced proliferation-associated 1 like 2
AEC,Inhibitor effect,WSN_PP1 vs WSN,9930014A18Rik,ENSMUSG00000097493,Downregulated,-2.499,2.499,4.04e-38,lncRNA,15,9930014A18 gene
AEC,Inhibitor effect,WSN_PP1 vs WSN,Rest,ENSMUSG00000029249,Downregulated,-2.627,2.627,5.17e-38,protein_coding,5,RE1-silencing transcription factor
AEC,Inhibitor effect,WSN_PP1 vs WSN,Ppm1f,ENSMUSG00000026181,Downregulated,-2.428,2.428,6.46e-38,protein_coding,16,protein phosphatase 1F (PP2C domain containing)
AEC,Inhibitor effect,WSN_PP1 vs WSN,Thbs2,ENSMUSG00000023885,Downregulated,-2.035,2.035,7.42e-38,protein_coding,17,thrombospondin 2
AEC,Inhibitor effect,WSN_PP1 vs WSN,Maml1,ENSMUSG00000050567,Downregulated,-3.129,3.129,7.76e-38,protein_coding,11,mastermind like transcriptional coactivator 1
AEC,Inhibitor effect,WSN_PP1 vs WSN,Dido1,ENSMUSG00000038914,Downregulated,-3.155,3.155,1.43e-37,protein_coding,2,death inducer-obliterator 1
AEC,Inhibitor effect,WSN_PP1 vs WSN,Gm15821,ENSMUSG00000081512,Downregulated,-3.141,3.141,2.04e-37,lncRNA,17,predicted gene 15821
AEC,Inhibitor effect,WSN_PP1 vs WSN,Emilin1,ENSMUSG00000029163,Downregulated,-3.309,3.309,2.57e-37,protein_coding,5,elastin microfibril interfacer 1
AEC,Inhibitor effect,WSN_PP1 vs WSN,Brd1,ENSMUSG00000022387,Downregulated,-3.38,3.38,2.59e-37,protein_coding,15,bromodomain containing 1
AEC,Inhibitor effect,WSN_PP1 vs WSN,Rec8,ENSMUSG00000002324,Upregulated,2.297,2.297,2.60e-37,protein_coding,14,REC8 meiotic recombination protein
AEC,Inhibitor effect,WSN_PP1 vs WSN,Pprc1,ENSMUSG00000055491,Downregulated,-2.225,2.225,2.73e-37,protein_coding,19,"peroxisome proliferative activated receptor, gamma, coactivator-related 1"
AEC,Inhibitor effect,WSN_PP1 vs WSN,AI593442,ENSMUSG00000078307,Upregulated,4.03,4.03,5.47e-37,protein_coding,9,expressed sequence AI593442
AEC,Inhibitor effect,WSN_PP1 vs WSN,Ice1,ENSMUSG00000034525,Downregulated,-2.58,2.58,5.53e-37,protein_coding,13,interactor of little elongation complex ELL subunit 1
AEC,Inhibitor effect,WSN_PP1 vs WSN,Snx18,ENSMUSG00000042364,Downregulated,-2.223,2.223,6.54e-37,protein_coding,13,sorting nexin 18
AEC,Inhibitor effect,WSN_PP1 vs WSN,Ahnak2,ENSMUSG00000118667,Downregulated,-2.027,2.027,6.63e-37,protein_coding,12,AHNAK nucleoprotein 2
AEC,Inhibitor effect,WSN_PP1 vs WSN,Tns2,ENSMUSG00000037003,Downregulated,-2.431,2.431,7.74e-37,protein_coding,15,tensin 2
AEC,Inhibitor effect,WSN_PP1 vs WSN,Zc3h4,ENSMUSG00000059273,Downregulated,-2.996,2.996,8.74e-37,protein_coding,7,zinc finger CCCH-type containing 4
AEC,Inhibitor effect,WSN_PP1 vs WSN,1700088E04Rik,ENSMUSG00000033029,Downregulated,-2.045,2.045,8.74e-37,protein_coding,15,1700088E04 gene
AEC,Inhibitor effect,WSN_PP1 vs WSN,Sesn2,ENSMUSG00000028893,Downregulated,-2.215,2.215,8.78e-37,protein_coding,4,sestrin 2
AEC,Inhibitor effect,WSN_PP1 vs WSN,Srf,ENSMUSG00000015605,Downregulated,-2.175,2.175,1.14e-36,protein_coding,17,serum response factor
AEC,Inhibitor effect,WSN_PP1 vs WSN,Itprid2,ENSMUSG00000027007,Downregulated,-2.929,2.929,2.23e-36,protein_coding,2,ITPR interacting domain containing 2
AEC,Inhibitor effect,WSN_PP1 vs WSN,Gm67348,ENSMUSG00000121382,Downregulated,-3.954,3.954,2.52e-36,lncRNA,11,67348
AEC,Inhibitor effect,WSN_PP1 vs WSN,Zbtb7a,ENSMUSG00000035011,Downregulated,-2.475,2.475,2.58e-36,protein_coding,10,zinc finger and BTB domain containing 7a
AEC,Inhibitor effect,WSN_PP1 vs WSN,Apol6,ENSMUSG00000033576,Downregulated,-4.277,4.277,6.11e-36,protein_coding,15,apolipoprotein L 6
AEC,Inhibitor effect,WSN_PP1 vs WSN,Unc13b,ENSMUSG00000028456,Downregulated,-2.121,2.121,6.72e-36,protein_coding,4,unc-13 homolog B
AEC,Inhibitor effect,WSN_PP1 vs WSN,Tgtp1,ENSMUSG00000078922,Downregulated,-5.977,5.977,7.04e-36,protein_coding,11,T cell specific GTPase 1
AEC,Inhibitor effect,WSN_PP1 vs WSN,Phlpp1,ENSMUSG00000044340,Downregulated,-3.006,3.006,9.77e-36,protein_coding,1,PH domain and leucine rich repeat protein phosphatase 1
AEC,Inhibitor effect,WSN_PP1 vs WSN,Kctd12,ENSMUSG00000098557,Downregulated,-6.8,6.8,1.46e-35,protein_coding,14,potassium channel tetramerisation domain containing 12
AEC,Inhibitor effect,WSN_PP1 vs WSN,Nipa2,ENSMUSG00000030452,Downregulated,-2.059,2.059,1.57e-35,protein_coding,7,non imprinted in Prader-Willi/Angelman syndrome 2 homolog (human)
AEC,Inhibitor effect,WSN_PP1 vs WSN,Dgcr2,ENSMUSG00000003166,Downregulated,-2.197,2.197,1.64e-35,protein_coding,16,DiGeorge syndrome critical region gene 2
AEC,Inhibitor effect,WSN_PP1 vs WSN,Apol9b,ENSMUSG00000068246,Downregulated,-2.489,2.489,2.70e-35,protein_coding,15,apolipoprotein L 9b
AEC,Inhibitor effect,WSN_PP1 vs WSN,Pip4k2b,ENSMUSG00000018547,Downregulated,-2.186,2.186,3.06e-35,protein_coding,11,"phosphatidylinositol-5-phosphate 4-kinase, type II, beta"
AEC,Inhibitor effect,WSN_PP1 vs WSN,Ptprj,ENSMUSG00000025314,Downregulated,-2.037,2.037,3.22e-35,protein_coding,2,protein tyrosine phosphatase receptor type J
AEC,Inhibitor effect,WSN_PP1 vs WSN,Oas3,ENSMUSG00000032661,Downregulated,-6.768,6.768,5.42e-35,protein_coding,5,2'-5' oligoadenylate synthetase 3
AEC,Inhibitor effect,WSN_PP1 vs WSN,Prag1,ENSMUSG00000050271,Downregulated,-2.958,2.958,1.17e-34,protein_coding,8,PEAK1 related kinase activating pseudokinase 1
AEC,Inhibitor effect,WSN_PP1 vs WSN,Entrep1,ENSMUSG00000071604,Downregulated,-2.227,2.227,1.27e-34,protein_coding,19,endosomal transmembrane epsin interactor 1
AEC,Inhibitor effect,WSN_PP1 vs WSN,Gtf3c4,ENSMUSG00000035666,Downregulated,-2.138,2.138,2.26e-34,protein_coding,2,"general transcription factor IIIC, polypeptide 4"
AEC,Inhibitor effect,WSN_PP1 vs WSN,Vps54,ENSMUSG00000020128,Downregulated,-2.625,2.625,2.65e-34,protein_coding,11,VPS54 GARP complex subunit
AEC,Inhibitor effect,WSN_PP1 vs WSN,Mtmr4,ENSMUSG00000018401,Downregulated,-2.045,2.045,4.58e-34,protein_coding,11,myotubularin related protein 4
AEC,Inhibitor effect,WSN_PP1 vs WSN,Dyrk2,ENSMUSG00000028630,Downregulated,-2.877,2.877,5.59e-34,protein_coding,10,dual-specificity tyrosine phosphorylation regulated kinase 2
AEC,Inhibitor effect,WSN_PP1 vs WSN,Slc45a4,ENSMUSG00000079020,Downregulated,-2.536,2.536,6.76e-34,protein_coding,15,"solute carrier family 45, member 4"
AEC,Inhibitor effect,WSN_PP1 vs WSN,Trib1,ENSMUSG00000032501,Downregulated,-3.582,3.582,9.26e-34,protein_coding,15,tribbles pseudokinase 1
AEC,Inhibitor effect,WSN_PP1 vs WSN,Arc,ENSMUSG00000022602,Downregulated,-3.335,3.335,1.71e-33,protein_coding,15,activity regulated cytoskeletal-associated protein
AEC,Inhibitor effect,WSN_PP1 vs WSN,Leng8,ENSMUSG00000035545,Downregulated,-2.664,2.664,2.11e-33,protein_coding,7,leukocyte receptor cluster (LRC) member 8
AEC,Inhibitor effect,WSN_PP1 vs WSN,Jade1,ENSMUSG00000025764,Downregulated,-2.053,2.053,2.21e-33,protein_coding,3,jade family PHD finger 1
AEC,Inhibitor effect,WSN_PP1 vs WSN,Scrib,ENSMUSG00000022568,Downregulated,-2.18,2.18,3.11e-33,protein_coding,15,scribbled planar cell polarity
AEC,Inhibitor effect,WSN_PP1 vs WSN,Zfp36l2,ENSMUSG00000045817,Downregulated,-2.908,2.908,6.47e-33,protein_coding,17,"zinc finger protein 36, C3H type-like 2"
AEC,Inhibitor effect,WSN_PP1 vs WSN,Zbp1,ENSMUSG00000027514,Downregulated,-8.917,8.917,6.65e-33,protein_coding,2,Z-DNA binding protein 1
AEC,Inhibitor effect,WSN_PP1 vs WSN,Wdfy3,ENSMUSG00000043940,Downregulated,-2.465,2.465,7.34e-33,protein_coding,5,WD repeat and FYVE domain containing 3
AEC,Inhibitor effect,WSN_PP1 vs WSN,Gm10366,ENSMUSG00000115767,Downregulated,-2.52,2.52,7.89e-33,lncRNA,14,predicted gene 10366
AEC,Inhibitor effect,WSN_PP1 vs WSN,Gbp7,ENSMUSG00000040253,Downregulated,-5.296,5.296,1.12e-32,protein_coding,3,guanylate binding protein 7
AEC,Inhibitor effect,WSN_PP1 vs WSN,Ctdp1,ENSMUSG00000033323,Downregulated,-2.665,2.665,1.12e-32,protein_coding,18,CTD phosphatase subunit 1
AEC,Inhibitor effect,WSN_PP1 vs WSN,Gm57852,ENSMUSG00000121583,Downregulated,-2.085,2.085,1.16e-32,protein_coding,15,57852
AEC,Inhibitor effect,WSN_PP1 vs WSN,Lmtk2,ENSMUSG00000038970,Downregulated,-2.332,2.332,1.26e-32,protein_coding,5,lemur tyrosine kinase 2
AEC,Inhibitor effect,WSN_PP1 vs WSN,Wbscr25,ENSMUSG00000054909,Upregulated,2.442,2.442,1.27e-32,lncRNA,5,Williams Beuren syndrome chromosome region 25 (human)
AEC,Inhibitor effect,WSN_PP1 vs WSN,Il18bp,ENSMUSG00000070427,Downregulated,-5.412,5.412,1.40e-32,protein_coding,7,interleukin 18 binding protein
AEC,Inhibitor effect,WSN_PP1 vs WSN,Fgf21,ENSMUSG00000030827,Upregulated,3.611,3.611,1.67e-32,protein_coding,7,fibroblast growth factor 21
AEC,Inhibitor effect,WSN_PP1 vs WSN,Cldn7,ENSMUSG00000018569,Upregulated,2.105,2.105,1.68e-32,protein_coding,11,claudin 7
AEC,Inhibitor effect,WSN_PP1 vs WSN,Lrp12,ENSMUSG00000022305,Downregulated,-2.474,2.474,3.31e-32,protein_coding,15,low density lipoprotein-related protein 12
AEC,Inhibitor effect,WSN_PP1 vs WSN,Dicer1,ENSMUSG00000041415,Downregulated,-2.961,2.961,3.41e-32,protein_coding,12,"dicer 1, ribonuclease type III"
AEC,Inhibitor effect,WSN_PP1 vs WSN,Minpp1,ENSMUSG00000024896,Downregulated,-2.331,2.331,4.70e-32,protein_coding,19,multiple inositol polyphosphate histidine phosphatase 1
AEC,Inhibitor effect,WSN_PP1 vs WSN,Hycc1,ENSMUSG00000028995,Downregulated,-4.158,4.158,7.61e-32,protein_coding,5,hyccin PI4KA lipid kinase complex subunit 1
AEC,Inhibitor effect,WSN_PP1 vs WSN,Chsy1,ENSMUSG00000032640,Downregulated,-2.123,2.123,1.14e-31,protein_coding,7,chondroitin sulfate synthase 1
AEC,Inhibitor effect,WSN_PP1 vs WSN,Zfp503,ENSMUSG00000039081,Downregulated,-2.288,2.288,1.28e-31,protein_coding,14,zinc finger protein 503
AEC,Inhibitor effect,WSN_PP1 vs WSN,Gm63484,ENSMUSG00000141771,Downregulated,-3.372,3.372,2.15e-31,lncRNA,14,63484
AEC,Inhibitor effect,WSN_PP1 vs WSN,Snx25,ENSMUSG00000038291,Downregulated,-3.25,3.25,2.15e-31,protein_coding,8,sorting nexin 25
AEC,Inhibitor effect,WSN_PP1 vs WSN,Tgtp2,ENSMUSG00000078921,Downregulated,-6.812,6.812,2.61e-31,protein_coding,11,T cell specific GTPase 2
AEC,Inhibitor effect,WSN_PP1 vs WSN,Zfp469,ENSMUSG00000043903,Downregulated,-4.159,4.159,2.91e-31,protein_coding,8,zinc finger protein 469
AEC,Inhibitor effect,WSN_PP1 vs WSN,Dtx4,ENSMUSG00000039982,Upregulated,2.158,2.158,3.09e-31,protein_coding,19,"deltex 4, E3 ubiquitin ligase"
AEC,Inhibitor effect,WSN_PP1 vs WSN,Inpp1,ENSMUSG00000026102,Downregulated,-2.239,2.239,3.18e-31,protein_coding,1,inositol polyphosphate-1-phosphatase
AEC,Inhibitor effect,WSN_PP1 vs WSN,Ep400,ENSMUSG00000029505,Downregulated,-2.138,2.138,3.92e-31,protein_coding,5,E1A binding protein p400
AEC,Inhibitor effect,WSN_PP1 vs WSN,Iffo2,ENSMUSG00000041025,Downregulated,-2.047,2.047,6.33e-31,protein_coding,4,intermediate filament family orphan 2
AEC,Inhibitor effect,WSN_PP1 vs WSN,Slc22a23,ENSMUSG00000038267,Downregulated,-2.209,2.209,8.24e-31,protein_coding,13,"solute carrier family 22, member 23"
AEC,Inhibitor effect,WSN_PP1 vs WSN,Gm63115,ENSMUSG00000135345,Downregulated,-2.254,2.254,8.27e-31,lncRNA,14,63115
AEC,Inhibitor effect,WSN_PP1 vs WSN,Plxnb1,ENSMUSG00000053646,Downregulated,-2.034,2.034,1.52e-30,protein_coding,9,plexin B1
AEC,Inhibitor effect,WSN_PP1 vs WSN,Synj2,ENSMUSG00000023805,Downregulated,-2.242,2.242,1.91e-30,protein_coding,17,synaptojanin 2
AEC,Inhibitor effect,WSN_PP1 vs WSN,Morc4,ENSMUSG00000031434,Upregulated,2.076,2.076,2.02e-30,protein_coding,X,microrchidia 4
AEC,Inhibitor effect,WSN_PP1 vs WSN,Pnpla7,ENSMUSG00000036833,Downregulated,-2.289,2.289,2.65e-30,protein_coding,2,patatin-like phospholipase domain containing 7
AEC,Inhibitor effect,WSN_PP1 vs WSN,Gm70772,ENSMUSG00000136117,Downregulated,-2.666,2.666,3.07e-30,lncRNA,1,70772
AEC,Inhibitor effect,WSN_PP1 vs WSN,Gm57034,ENSMUSG00000120404,Downregulated,-2.084,2.084,3.18e-30,lncRNA,9,57034
AEC,Inhibitor effect,WSN_PP1 vs WSN,Tbc1d2b,ENSMUSG00000037410,Downregulated,-2.245,2.245,4.82e-30,protein_coding,9,"TBC1 domain family, member 2B"
AEC,Inhibitor effect,WSN_PP1 vs WSN,Slc35a3,ENSMUSG00000027957,Downregulated,-2.409,2.409,6.11e-30,protein_coding,3,"solute carrier family 35 (UDP-N-acetylglucosamine (UDP-GlcNAc) transporter), member 3"
AEC,Inhibitor effect,WSN_PP1 vs WSN,Mink1,ENSMUSG00000020827,Downregulated,-2.004,2.004,6.53e-30,protein_coding,11,misshapen-like kinase 1 (zebrafish)
AEC,Inhibitor effect,WSN_PP1 vs WSN,Rbbp6,ENSMUSG00000030779,Downregulated,-2.142,2.142,1.31e-29,protein_coding,7,"retinoblastoma binding protein 6, ubiquitin ligase"
AEC,Inhibitor effect,WSN_PP1 vs WSN,Gm12758,ENSMUSG00000085105,Downregulated,-2.531,2.531,1.74e-29,lncRNA,7,predicted gene 12758
AEC,Inhibitor effect,WSN_PP1 vs WSN,Spata13,ENSMUSG00000021990,Downregulated,-2.332,2.332,2.68e-29,protein_coding,14,spermatogenesis associated 13
AEC,Inhibitor effect,WSN_PP1 vs WSN,Klhl2,ENSMUSG00000031605,Downregulated,-2.372,2.372,3.03e-29,protein_coding,8,"kelch-like 2, Mayven"
AEC,Inhibitor effect,WSN_PP1 vs WSN,Zfp516,ENSMUSG00000058881,Downregulated,-2.602,2.602,3.49e-29,protein_coding,18,zinc finger protein 516
AEC,Inhibitor effect,WSN_PP1 vs WSN,Rp2,ENSMUSG00000060090,Downregulated,-2.223,2.223,3.63e-29,protein_coding,X,retinitis pigmentosa 2 homolog
AEC,Inhibitor effect,WSN_PP1 vs WSN,Nup188,ENSMUSG00000052533,Downregulated,-2.105,2.105,8.74e-29,protein_coding,2,nucleoporin 188
AEC,Inhibitor effect,WSN_PP1 vs WSN,Mir22hg,ENSMUSG00000085148,Downregulated,-3.755,3.755,9.82e-29,lncRNA,11,Mir22 host gene (non-protein coding)
AEC,Inhibitor effect,WSN_PP1 vs WSN,Ccnyl1,ENSMUSG00000070871,Downregulated,-3.035,3.035,2.32e-28,protein_coding,1,cyclin Y-like 1
AEC,Inhibitor effect,WSN_PP1 vs WSN,Amd1,ENSMUSG00000075232,Downregulated,-3.642,3.642,2.43e-28,protein_coding,10,S-adenosylmethionine decarboxylase 1
AEC,Inhibitor effect,WSN_PP1 vs WSN,Mndal,ENSMUSG00000090272,Downregulated,-5.286,5.286,2.58e-28,protein_coding,1,myeloid nuclear differentiation antigen like
AEC,Inhibitor effect,WSN_PP1 vs WSN,Rapgef2,ENSMUSG00000062232,Downregulated,-3.814,3.814,3.59e-28,protein_coding,3,Rap guanine nucleotide exchange factor (GEF) 2
AEC,Inhibitor effect,WSN_PP1 vs WSN,Hectd4,ENSMUSG00000042744,Downregulated,-2.946,2.946,3.64e-28,protein_coding,5,HECT domain E3 ubiquitin protein ligase 4
AEC,Inhibitor effect,WSN_PP1 vs WSN,Ints12,ENSMUSG00000028016,Upregulated,2.109,2.109,3.98e-28,protein_coding,3,integrator complex subunit 12
AEC,Inhibitor effect,WSN_PP1 vs WSN,Mtss1,ENSMUSG00000022353,Upregulated,2.27,2.27,4.08e-28,protein_coding,15,MTSS I-BAR domain containing 1
AEC,Inhibitor effect,WSN_PP1 vs WSN,Gm49338,ENSMUSG00000111128,Downregulated,-2.162,2.162,5.20e-28,TEC,9,49338
AEC,Inhibitor effect,WSN_PP1 vs WSN,Tbc1d16,ENSMUSG00000039976,Downregulated,-3.343,3.343,6.36e-28,protein_coding,11,"TBC1 domain family, member 16"
AEC,Inhibitor effect,WSN_PP1 vs WSN,Mthfr,ENSMUSG00000029009,Downregulated,-2.608,2.608,6.69e-28,protein_coding,4,methylenetetrahydrofolate reductase
AEC,Inhibitor effect,WSN_PP1 vs WSN,Slfn9,ENSMUSG00000069793,Downregulated,-5.446,5.446,6.91e-28,protein_coding,11,schlafen 9
AEC,Inhibitor effect,WSN_PP1 vs WSN,Cad,ENSMUSG00000013629,Downregulated,-2.831,2.831,7.39e-28,protein_coding,5,"carbamoyl-phosphate synthetase 2, aspartate transcarbamylase, and dihydroorotase"
AEC,Inhibitor effect,WSN_PP1 vs WSN,Gse1,ENSMUSG00000031822,Downregulated,-2.244,2.244,7.54e-28,protein_coding,8,"genetic suppressor element 1, coiled-coil protein"
AEC,Inhibitor effect,WSN_PP1 vs WSN,Plxnd1,ENSMUSG00000030123,Downregulated,-2.263,2.263,9.89e-28,protein_coding,6,plexin D1
AEC,Inhibitor effect,WSN_PP1 vs WSN,Zfp275,ENSMUSG00000031365,Downregulated,-2.091,2.091,1.41e-27,protein_coding,X,zinc finger protein 275
AEC,Inhibitor effect,WSN_PP1 vs WSN,P2rx4,ENSMUSG00000029470,Downregulated,-2.674,2.674,3.27e-27,protein_coding,5,"purinergic receptor P2X, ligand-gated ion channel 4"
AEC,Inhibitor effect,WSN_PP1 vs WSN,Apaf1,ENSMUSG00000019979,Downregulated,-2.069,2.069,3.74e-27,protein_coding,10,apoptotic peptidase activating factor 1
AEC,Inhibitor effect,WSN_PP1 vs WSN,ENSMUSG00000144314,ENSMUSG00000144314,Downregulated,-2.674,2.674,5.31e-27,unitary_pseudogene,13,"family with sequence similarity 120A, opposite strand (Fam120aos) pseudogene"
AEC,Inhibitor effect,WSN_PP1 vs WSN,Zfp217,ENSMUSG00000052056,Downregulated,-3.745,3.745,5.50e-27,protein_coding,2,zinc finger protein 217
AEC,Inhibitor effect,WSN_PP1 vs WSN,Psmb9,ENSMUSG00000096727,Downregulated,-3.637,3.637,7.07e-27,protein_coding,17,"proteasome (prosome, macropain) subunit, beta type 9 (large multifunctional peptidase 2)"
AEC,Inhibitor effect,WSN_PP1 vs WSN,Zfp236,ENSMUSG00000041258,Downregulated,-3.249,3.249,7.35e-27,protein_coding,18,zinc finger protein 236
AEC,Inhibitor effect,WSN_PP1 vs WSN,Prmt3,ENSMUSG00000030505,Downregulated,-2.721,2.721,1.08e-26,protein_coding,7,protein arginine N-methyltransferase 3
AEC,Inhibitor effect,WSN_PP1 vs WSN,Etv3,ENSMUSG00000003382,Downregulated,-2.346,2.346,1.36e-26,protein_coding,3,ets variant 3
AEC,Inhibitor effect,WSN_PP1 vs WSN,Ms4a4d,ENSMUSG00000024678,Downregulated,-4.42,4.42,1.68e-26,protein_coding,19,"membrane-spanning 4-domains, subfamily A, member 4D"
AEC,Inhibitor effect,WSN_PP1 vs WSN,Mycl,ENSMUSG00000028654,Downregulated,-2.917,2.917,1.90e-26,protein_coding,4,v-myc avian myelocytomatosis viral oncogene lung carcinoma derived
AEC,Inhibitor effect,WSN_PP1 vs WSN,Syne2,ENSMUSG00000063450,Downregulated,-2.004,2.004,1.91e-26,protein_coding,12,"spectrin repeat containing, nuclear envelope 2"
AEC,Inhibitor effect,WSN_PP1 vs WSN,Zdhhc21,ENSMUSG00000028403,Downregulated,-2.283,2.283,2.31e-26,protein_coding,4,"zinc finger, DHHC domain containing 21"
AEC,Inhibitor effect,WSN_PP1 vs WSN,Sgsm2,ENSMUSG00000038351,Downregulated,-2.258,2.258,3.04e-26,protein_coding,11,small G protein signaling modulator 2
AEC,Inhibitor effect,WSN_PP1 vs WSN,Slc12a2,ENSMUSG00000024597,Downregulated,-2.454,2.454,3.26e-26,protein_coding,18,"solute carrier family 12, member 2"
AEC,Inhibitor effect,WSN_PP1 vs WSN,Cpox,ENSMUSG00000022742,Downregulated,-2.122,2.122,3.62e-26,protein_coding,16,coproporphyrinogen oxidase
AEC,Inhibitor effect,WSN_PP1 vs WSN,Tyro3,ENSMUSG00000027298,Downregulated,-2.279,2.279,4.40e-26,protein_coding,2,TYRO3 protein tyrosine kinase 3
AEC,Inhibitor effect,WSN_PP1 vs WSN,Zfyve26,ENSMUSG00000066440,Downregulated,-3.035,3.035,9.57e-26,protein_coding,12,"zinc finger, FYVE domain containing 26"
AEC,Inhibitor effect,WSN_PP1 vs WSN,Lrp11,ENSMUSG00000019796,Downregulated,-2.519,2.519,1.07e-25,protein_coding,10,low density lipoprotein receptor-related protein 11
AEC,Inhibitor effect,WSN_PP1 vs WSN,Boc,ENSMUSG00000022687,Downregulated,-2.563,2.563,1.34e-25,protein_coding,16,"BOC cell adhesion associated, oncogene regulated"
AEC,Inhibitor effect,WSN_PP1 vs WSN,Pcdh19,ENSMUSG00000051323,Downregulated,-3.378,3.378,1.57e-25,protein_coding,X,protocadherin 19
AEC,Inhibitor effect,WSN_PP1 vs WSN,Hycc2,ENSMUSG00000038174,Downregulated,-3.584,3.584,1.79e-25,protein_coding,1,hyccin PI4KA lipid kinase complex subunit 2
AEC,Inhibitor effect,WSN_PP1 vs WSN,Bcl9,ENSMUSG00000038256,Downregulated,-2.714,2.714,5.23e-25,protein_coding,3,B cell CLL/lymphoma 9
AEC,Inhibitor effect,WSN_PP1 vs WSN,Tln2,ENSMUSG00000052698,Downregulated,-2.251,2.251,5.91e-25,protein_coding,9,talin 2
AEC,Inhibitor effect,WSN_PP1 vs WSN,Gm47118,ENSMUSG00000113619,Downregulated,-4.495,4.495,7.66e-25,lncRNA,13,47118
AEC,Inhibitor effect,WSN_PP1 vs WSN,Ddx60,ENSMUSG00000037921,Downregulated,-6.189,6.189,8.32e-25,protein_coding,8,DExD/H box helicase 60
AEC,Inhibitor effect,WSN_PP1 vs WSN,Kctd6,ENSMUSG00000021752,Upregulated,2.992,2.992,1.67e-24,protein_coding,14,potassium channel tetramerisation domain containing 6
AEC,Inhibitor effect,WSN_PP1 vs WSN,Asap3,ENSMUSG00000036995,Downregulated,-2.445,2.445,1.81e-24,protein_coding,4,"ArfGAP with SH3 domain, ankyrin repeat and PH domain 3"
AEC,Inhibitor effect,WSN_PP1 vs WSN,Kbtbd2,ENSMUSG00000059486,Downregulated,-2.414,2.414,2.96e-24,protein_coding,6,kelch repeat and BTB (POZ) domain containing 2
AEC,Inhibitor effect,WSN_PP1 vs WSN,Cabin1,ENSMUSG00000020196,Downregulated,-2.015,2.015,3.15e-24,protein_coding,10,calcineurin binding protein 1
AEC,Inhibitor effect,WSN_PP1 vs WSN,Gm13610,ENSMUSG00000086216,Downregulated,-2.585,2.585,3.20e-24,lncRNA,2,predicted gene 13610
AEC,Inhibitor effect,WSN_PP1 vs WSN,Wrnip1,ENSMUSG00000021400,Downregulated,-2.225,2.225,4.32e-24,protein_coding,13,Werner helicase interacting protein 1
AEC,Inhibitor effect,WSN_PP1 vs WSN,Ptar1,ENSMUSG00000074925,Downregulated,-2.01,2.01,7.03e-24,protein_coding,19,protein prenyltransferase alpha subunit repeat containing 1
AEC,Inhibitor effect,WSN_PP1 vs WSN,Palmd,ENSMUSG00000033377,Upregulated,2.612,2.612,8.03e-24,protein_coding,3,palmdelphin
AEC,Inhibitor effect,WSN_PP1 vs WSN,Zfhx3,ENSMUSG00000038872,Downregulated,-2.453,2.453,1.11e-23,protein_coding,8,zinc finger homeobox 3
AEC,Inhibitor effect,WSN_PP1 vs WSN,Usp31,ENSMUSG00000063317,Downregulated,-2.327,2.327,1.20e-23,protein_coding,7,ubiquitin specific peptidase 31
AEC,Inhibitor effect,WSN_PP1 vs WSN,Kif13a,ENSMUSG00000021375,Downregulated,-2.694,2.694,1.45e-23,protein_coding,13,kinesin family member 13A
AEC,Inhibitor effect,WSN_PP1 vs WSN,Usp42,ENSMUSG00000051306,Downregulated,-3.897,3.897,2.13e-23,protein_coding,5,ubiquitin specific peptidase 42
AEC,Inhibitor effect,WSN_PP1 vs WSN,Iigp1c,ENSMUSG00000073555,Downregulated,-6.863,6.863,4.88e-23,protein_coding,18,interferon inducible GTPase 1C
AEC,Inhibitor effect,WSN_PP1 vs WSN,Gm68914,ENSMUSG00000133952,Downregulated,-2.099,2.099,5.55e-23,lncRNA,9,68914
AEC,Inhibitor effect,WSN_PP1 vs WSN,Galnt7,ENSMUSG00000031608,Downregulated,-2.26,2.26,6.75e-23,protein_coding,8,polypeptide N-acetylgalactosaminyltransferase 7
AEC,Inhibitor effect,WSN_PP1 vs WSN,H2-T10,ENSMUSG00000079491,Downregulated,-2.631,2.631,8.32e-23,protein_coding,17,"histocompatibility 2, T region locus 10"
AEC,Inhibitor effect,WSN_PP1 vs WSN,Mllt6,ENSMUSG00000038437,Downregulated,-2.508,2.508,9.26e-23,protein_coding,11,"myeloid/lymphoid or mixed-lineage leukemia; translocated to, 6"
AEC,Inhibitor effect,WSN_PP1 vs WSN,Klf4,ENSMUSG00000003032,Downregulated,-2.593,2.593,1.01e-22,protein_coding,4,Kruppel-like transcription factor 4 (gut)
AEC,Inhibitor effect,WSN_PP1 vs WSN,Tet3,ENSMUSG00000034832,Downregulated,-2.443,2.443,1.38e-22,protein_coding,6,tet methylcytosine dioxygenase 3
AEC,Inhibitor effect,WSN_PP1 vs WSN,Peg10,ENSMUSG00000092035,Downregulated,-3.071,3.071,1.63e-22,protein_coding,6,paternally expressed 10
AEC,Inhibitor effect,WSN_PP1 vs WSN,Slc36a1,ENSMUSG00000020261,Downregulated,-2.204,2.204,1.76e-22,protein_coding,11,"solute carrier family 36 (proton/amino acid symporter), member 1"
AEC,Inhibitor effect,WSN_PP1 vs WSN,AW011738,ENSMUSG00000078349,Downregulated,-3.95,3.95,1.92e-22,lncRNA,4,expressed sequence AW011738
AEC,Inhibitor effect,WSN_PP1 vs WSN,Socs4,ENSMUSG00000048379,Downregulated,-2.26,2.26,1.92e-22,protein_coding,14,suppressor of cytokine signaling 4
AEC,Inhibitor effect,WSN_PP1 vs WSN,Gm26679,ENSMUSG00000097903,Downregulated,-2.284,2.284,2.01e-22,lncRNA,14,26679
AEC,Inhibitor effect,WSN_PP1 vs WSN,Ifi211,ENSMUSG00000026536,Downregulated,-3.796,3.796,2.04e-22,protein_coding,1,interferon activated gene 211
AEC,Inhibitor effect,WSN_PP1 vs WSN,Zswim4,ENSMUSG00000035671,Downregulated,-2.057,2.057,2.29e-22,protein_coding,8,zinc finger SWIM-type containing 4
AEC,Inhibitor effect,WSN_PP1 vs WSN,Gm11769,ENSMUSG00000085636,Downregulated,-2.805,2.805,2.45e-22,lncRNA,11,predicted gene 11769
AEC,Inhibitor effect,WSN_PP1 vs WSN,Ap1ar,ENSMUSG00000074238,Downregulated,-2.011,2.011,2.45e-22,protein_coding,3,adaptor-related protein complex 1 associated regulatory protein
AEC,Inhibitor effect,WSN_PP1 vs WSN,Wdfy2,ENSMUSG00000014547,Downregulated,-2.681,2.681,2.62e-22,protein_coding,14,WD repeat and FYVE domain containing 2
AEC,Inhibitor effect,WSN_PP1 vs WSN,Mxd1,ENSMUSG00000001156,Downregulated,-2.524,2.524,2.91e-22,protein_coding,6,MAX dimerization protein 1
AEC,Inhibitor effect,WSN_PP1 vs WSN,Wdr81,ENSMUSG00000045374,Downregulated,-2.049,2.049,4.10e-22,protein_coding,11,WD repeat domain 81
AEC,Inhibitor effect,WSN_PP1 vs WSN,A730081D07Rik,ENSMUSG00000086693,Downregulated,-2.568,2.568,4.17e-22,lncRNA,13,A730081D07 gene
AEC,Inhibitor effect,WSN_PP1 vs WSN,Zfp568,ENSMUSG00000074221,Downregulated,-2.852,2.852,4.49e-22,protein_coding,7,zinc finger protein 568
AEC,Inhibitor effect,WSN_PP1 vs WSN,Htr1b,ENSMUSG00000049511,Downregulated,-3.185,3.185,7.08e-22,protein_coding,9,5-hydroxytryptamine (serotonin) receptor 1B
AEC,Inhibitor effect,WSN_PP1 vs WSN,Esrp1,ENSMUSG00000040728,Upregulated,2.193,2.193,7.36e-22,protein_coding,4,epithelial splicing regulatory protein 1
AEC,Inhibitor effect,WSN_PP1 vs WSN,Notch1,ENSMUSG00000026923,Downregulated,-3.747,3.747,7.87e-22,protein_coding,2,notch 1
AEC,Inhibitor effect,WSN_PP1 vs WSN,Mtcl2,ENSMUSG00000055485,Downregulated,-2.31,2.31,8.44e-22,protein_coding,2,microtubule crosslinking factor 2
AEC,Inhibitor effect,WSN_PP1 vs WSN,Ccdc68,ENSMUSG00000038903,Upregulated,3.156,3.156,9.07e-22,protein_coding,18,coiled-coil domain containing 68
AEC,Inhibitor effect,WSN_PP1 vs WSN,Gxylt1,ENSMUSG00000036197,Downregulated,-2.057,2.057,1.46e-21,protein_coding,15,glucoside xylosyltransferase 1
AEC,Inhibitor effect,WSN_PP1 vs WSN,Kmt2d,ENSMUSG00000048154,Downregulated,-3.025,3.025,1.57e-21,protein_coding,15,lysine (K)-specific methyltransferase 2D
AEC,Inhibitor effect,WSN_PP1 vs WSN,Lipg,ENSMUSG00000053846,Downregulated,-2.135,2.135,1.77e-21,protein_coding,18,"lipase, endothelial"
AEC,Inhibitor effect,WSN_PP1 vs WSN,Gm66604,ENSMUSG00000143609,Downregulated,-3.259,3.259,2.71e-21,lncRNA,3,66604
AEC,Inhibitor effect,WSN_PP1 vs WSN,Inhbb,ENSMUSG00000037035,Downregulated,-2.444,2.444,3.16e-21,protein_coding,1,inhibin beta-B
AEC,Inhibitor effect,WSN_PP1 vs WSN,Gm62552,ENSMUSG00000131024,Downregulated,-2.219,2.219,3.46e-21,lncRNA,15,62552
AEC,Inhibitor effect,WSN_PP1 vs WSN,Dstyk,ENSMUSG00000042046,Downregulated,-2.321,2.321,3.52e-21,protein_coding,1,dual serine/threonine and tyrosine protein kinase
AEC,Inhibitor effect,WSN_PP1 vs WSN,Sorl1,ENSMUSG00000049313,Downregulated,-2.772,2.772,4.40e-21,protein_coding,9,"sortilin-related receptor, LDLR class A repeats-containing"
AEC,Inhibitor effect,WSN_PP1 vs WSN,A230087F16Rik,ENSMUSG00000097381,Downregulated,-2.385,2.385,4.74e-21,lncRNA,12,A230087F16 gene
AEC,Inhibitor effect,WSN_PP1 vs WSN,Sipa1l3,ENSMUSG00000030583,Downregulated,-2.082,2.082,5.43e-21,protein_coding,7,signal-induced proliferation-associated 1 like 3
AEC,Inhibitor effect,WSN_PP1 vs WSN,Mier3,ENSMUSG00000032727,Downregulated,-2.735,2.735,6.39e-21,protein_coding,13,MIER family member 3
AEC,Inhibitor effect,WSN_PP1 vs WSN,Osbpl11,ENSMUSG00000022807,Downregulated,-2.198,2.198,6.73e-21,protein_coding,16,oxysterol binding protein-like 11
AEC,Inhibitor effect,WSN_PP1 vs WSN,Clk4,ENSMUSG00000020385,Upregulated,2.062,2.062,1.05e-20,protein_coding,11,CDC like kinase 4
AEC,Inhibitor effect,WSN_PP1 vs WSN,Has2os,ENSMUSG00000086541,Downregulated,-3.326,3.326,1.15e-20,lncRNA,15,"hyaluronan synthase 2, opposite strand"
AEC,Inhibitor effect,WSN_PP1 vs WSN,9930111J21Rik2,ENSMUSG00000069892,Downregulated,-2.378,2.378,1.25e-20,protein_coding,11,9930111J21 gene 2
AEC,Inhibitor effect,WSN_PP1 vs WSN,Zc3h12a,ENSMUSG00000042677,Downregulated,-2.815,2.815,1.39e-20,protein_coding,4,zinc finger CCCH type containing 12A
AEC,Inhibitor effect,WSN_PP1 vs WSN,Tada2b,ENSMUSG00000029196,Downregulated,-3.128,3.128,2.00e-20,protein_coding,5,transcriptional adaptor 2B
AEC,Inhibitor effect,WSN_PP1 vs WSN,Pcf11,ENSMUSG00000041328,Downregulated,-2.117,2.117,2.03e-20,protein_coding,7,PCF11 cleavage and polyadenylation factor subunit
AEC,Inhibitor effect,WSN_PP1 vs WSN,Pou6f1,ENSMUSG00000009739,Downregulated,-2.83,2.83,2.67e-20,protein_coding,15,"POU domain, class 6, transcription factor 1"
AEC,Inhibitor effect,WSN_PP1 vs WSN,Fbxo33,ENSMUSG00000035329,Downregulated,-3.037,3.037,3.50e-20,protein_coding,12,F-box protein 33
AEC,Inhibitor effect,WSN_PP1 vs WSN,Sel1l3,ENSMUSG00000029189,Downregulated,-3.095,3.095,4.06e-20,protein_coding,5,sel-1 suppressor of lin-12-like 3 (C. elegans)
AEC,Inhibitor effect,WSN_PP1 vs WSN,Cerk,ENSMUSG00000035891,Downregulated,-2.147,2.147,4.65e-20,protein_coding,15,ceramide kinase
AEC,Inhibitor effect,WSN_PP1 vs WSN,Tlnrd1,ENSMUSG00000070462,Downregulated,-2.391,2.391,4.72e-20,protein_coding,7,talin rod domain containing 1
AEC,Inhibitor effect,WSN_PP1 vs WSN,Fam131b,ENSMUSG00000029861,Downregulated,-3.664,3.664,5.64e-20,protein_coding,6,"family with sequence similarity 131, member B"
AEC,Inhibitor effect,WSN_PP1 vs WSN,Casp4,ENSMUSG00000033538,Downregulated,-2.188,2.188,7.45e-20,protein_coding,9,"caspase 4, apoptosis-related cysteine peptidase"
AEC,Inhibitor effect,WSN_PP1 vs WSN,Gm15347,ENSMUSG00000085465,Downregulated,-3.373,3.373,7.68e-20,lncRNA,8,predicted gene 15347
AEC,Inhibitor effect,WSN_PP1 vs WSN,Tnf,ENSMUSG00000024401,Downregulated,-3.26,3.26,1.09e-19,protein_coding,17,tumor necrosis factor
AEC,Inhibitor effect,WSN_PP1 vs WSN,Syne1,ENSMUSG00000096054,Downregulated,-2.174,2.174,1.22e-19,protein_coding,10,"spectrin repeat containing, nuclear envelope 1"
AEC,Inhibitor effect,WSN_PP1 vs WSN,Egr2,ENSMUSG00000037868,Downregulated,-4.855,4.855,1.26e-19,protein_coding,10,early growth response 2
AEC,Inhibitor effect,WSN_PP1 vs WSN,Gm57329,ENSMUSG00000120110,Downregulated,-5.586,5.586,1.43e-19,lncRNA,11,57329
AEC,Inhibitor effect,WSN_PP1 vs WSN,Pnp2,ENSMUSG00000068417,Downregulated,-3.588,3.588,1.70e-19,protein_coding,14,purine-nucleoside phosphorylase 2
AEC,Inhibitor effect,WSN_PP1 vs WSN,Dennd1b,ENSMUSG00000056268,Downregulated,-2.563,2.563,1.76e-19,protein_coding,1,DENN domain containing 1B
AEC,Inhibitor effect,WSN_PP1 vs WSN,Ahdc1,ENSMUSG00000037692,Downregulated,-2.316,2.316,1.94e-19,protein_coding,4,"AT hook, DNA binding motif, containing 1"
AEC,Inhibitor effect,WSN_PP1 vs WSN,Gm56965,ENSMUSG00000120503,Downregulated,-4.353,4.353,2.03e-19,lncRNA,10,56965
AEC,Inhibitor effect,WSN_PP1 vs WSN,Kmt2b,ENSMUSG00000006307,Downregulated,-2.123,2.123,2.72e-19,protein_coding,7,lysine (K)-specific methyltransferase 2B
AEC,Inhibitor effect,WSN_PP1 vs WSN,Snrk,ENSMUSG00000038145,Downregulated,-2.193,2.193,3.20e-19,protein_coding,9,SNF related kinase
AEC,Inhibitor effect,WSN_PP1 vs WSN,Pcsk6,ENSMUSG00000030513,Downregulated,-4.517,4.517,3.34e-19,protein_coding,7,proprotein convertase subtilisin/kexin type 6
AEC,Inhibitor effect,WSN_PP1 vs WSN,Gm73429,ENSMUSG00000137874,Downregulated,-5.553,5.553,3.69e-19,lncRNA,7,73429
AEC,Inhibitor effect,WSN_PP1 vs WSN,Zcchc2,ENSMUSG00000038866,Downregulated,-2.074,2.074,3.92e-19,protein_coding,1,"zinc finger, CCHC domain containing 2"
AEC,Inhibitor effect,WSN_PP1 vs WSN,Cpm,ENSMUSG00000020183,Downregulated,-3.671,3.671,4.23e-19,protein_coding,10,carboxypeptidase M
AEC,Inhibitor effect,WSN_PP1 vs WSN,Met,ENSMUSG00000009376,Downregulated,-2.174,2.174,4.65e-19,protein_coding,6,met proto-oncogene
AEC,Inhibitor effect,WSN_PP1 vs WSN,Gpr161,ENSMUSG00000040836,Downregulated,-3.263,3.263,5.50e-19,protein_coding,1,G protein-coupled receptor 161
AEC,Inhibitor effect,WSN_PP1 vs WSN,Snhg5,ENSMUSG00000097195,Upregulated,3.105,3.105,6.30e-19,lncRNA,9,small nucleolar RNA host gene 5
AEC,Inhibitor effect,WSN_PP1 vs WSN,Hdac4,ENSMUSG00000026313,Downregulated,-2.695,2.695,8.55e-19,protein_coding,1,histone deacetylase 4
AEC,Inhibitor effect,WSN_PP1 vs WSN,Tyk2,ENSMUSG00000032175,Downregulated,-2.193,2.193,1.13e-18,protein_coding,9,tyrosine kinase 2
AEC,Inhibitor effect,WSN_PP1 vs WSN,Plekha4,ENSMUSG00000040428,Downregulated,-3.686,3.686,1.20e-18,protein_coding,7,"pleckstrin homology domain containing, family A (phosphoinositide binding specific) member 4"
AEC,Inhibitor effect,WSN_PP1 vs WSN,Ccrl2,ENSMUSG00000043953,Downregulated,-2.078,2.078,1.27e-18,protein_coding,9,C-C motif chemokine receptor-like 2
AEC,Inhibitor effect,WSN_PP1 vs WSN,Tiam1,ENSMUSG00000002489,Downregulated,-3.121,3.121,1.33e-18,protein_coding,16,T cell lymphoma invasion and metastasis 1
AEC,Inhibitor effect,WSN_PP1 vs WSN,Sema4c,ENSMUSG00000026121,Downregulated,-2.417,2.417,1.49e-18,protein_coding,1,"sema domain, immunoglobulin domain (Ig), transmembrane domain (TM) and short cytoplasmic domain, (semaphorin) 4C"
AEC,Inhibitor effect,WSN_PP1 vs WSN,Sh3rf2,ENSMUSG00000057719,Upregulated,2.237,2.237,1.79e-18,protein_coding,18,SH3 domain containing ring finger 2
AEC,Inhibitor effect,WSN_PP1 vs WSN,Ntn1,ENSMUSG00000020902,Downregulated,-2.202,2.202,2.26e-18,protein_coding,11,netrin 1
AEC,Inhibitor effect,WSN_PP1 vs WSN,Cds1,ENSMUSG00000029330,Downregulated,-2.816,2.816,2.96e-18,protein_coding,5,CDP-diacylglycerol synthase 1
AEC,Inhibitor effect,WSN_PP1 vs WSN,Ptch1,ENSMUSG00000021466,Downregulated,-2.617,2.617,3.56e-18,protein_coding,13,patched 1
AEC,Inhibitor effect,WSN_PP1 vs WSN,Gpld1,ENSMUSG00000021340,Downregulated,-2.375,2.375,4.21e-18,protein_coding,13,glycosylphosphatidylinositol specific phospholipase D1
AEC,Inhibitor effect,WSN_PP1 vs WSN,Krt15,ENSMUSG00000054146,Downregulated,-3.908,3.908,4.71e-18,protein_coding,11,keratin 15
AEC,Inhibitor effect,WSN_PP1 vs WSN,Samd12,ENSMUSG00000058656,Upregulated,2.214,2.214,5.18e-18,protein_coding,15,sterile alpha motif domain containing 12
AEC,Inhibitor effect,WSN_PP1 vs WSN,Serpinb8,ENSMUSG00000026315,Upregulated,2.233,2.233,1.05e-17,protein_coding,1,"serine (or cysteine) peptidase inhibitor, clade B, member 8"
AEC,Inhibitor effect,WSN_PP1 vs WSN,Slco4a1,ENSMUSG00000038963,Downregulated,-2.793,2.793,1.12e-17,protein_coding,2,"solute carrier organic anion transporter family, member 4a1"
AEC,Inhibitor effect,WSN_PP1 vs WSN,Gm35606,ENSMUSG00000142523,Downregulated,-2.581,2.581,1.14e-17,lncRNA,2,35606
AEC,Inhibitor effect,WSN_PP1 vs WSN,Dop1b,ENSMUSG00000022946,Downregulated,-2.293,2.293,1.40e-17,protein_coding,16,DOP1 leucine zipper like protein B
AEC,Inhibitor effect,WSN_PP1 vs WSN,Hspa1a,ENSMUSG00000091971,Upregulated,2.882,2.882,1.50e-17,protein_coding,17,heat shock protein 1A
AEC,Inhibitor effect,WSN_PP1 vs WSN,Ubn1,ENSMUSG00000039473,Downregulated,-2.118,2.118,1.52e-17,protein_coding,16,ubinuclein 1
AEC,Inhibitor effect,WSN_PP1 vs WSN,Oas1g,ENSMUSG00000066861,Downregulated,-4.946,4.946,1.78e-17,protein_coding,5,2'-5' oligoadenylate synthetase 1G
AEC,Inhibitor effect,WSN_PP1 vs WSN,Nlrc5,ENSMUSG00000074151,Downregulated,-6.64,6.64,1.94e-17,protein_coding,8,"NLR family, CARD domain containing 5"
AEC,Inhibitor effect,WSN_PP1 vs WSN,Sgk3,ENSMUSG00000025915,Downregulated,-3.203,3.203,2.63e-17,protein_coding,1,serum/glucocorticoid regulated kinase 3
AEC,Inhibitor effect,WSN_PP1 vs WSN,Fbxl14,ENSMUSG00000030019,Downregulated,-2.294,2.294,3.07e-17,protein_coding,6,F-box and leucine-rich repeat protein 14
AEC,Inhibitor effect,WSN_PP1 vs WSN,Dlgap1,ENSMUSG00000003279,Downregulated,-4.464,4.464,3.44e-17,protein_coding,17,DLG associated protein 1
AEC,Inhibitor effect,WSN_PP1 vs WSN,Ubash3b,ENSMUSG00000032020,Downregulated,-3.14,3.14,3.76e-17,protein_coding,9,"ubiquitin associated and SH3 domain containing, B"
AEC,Inhibitor effect,WSN_PP1 vs WSN,Irs1,ENSMUSG00000055980,Downregulated,-2.856,2.856,4.64e-17,protein_coding,1,insulin receptor substrate 1
AEC,Inhibitor effect,WSN_PP1 vs WSN,Gm3555,ENSMUSG00000089791,Downregulated,-2.667,2.667,4.81e-17,processed_pseudogene,1,predicted pseudogene 3555
AEC,Inhibitor effect,WSN_PP1 vs WSN,Scube3,ENSMUSG00000038677,Downregulated,-3.012,3.012,6.74e-17,protein_coding,17,"signal peptide, CUB domain, EGF-like 3"
AEC,Inhibitor effect,WSN_PP1 vs WSN,Oas1b,ENSMUSG00000029605,Downregulated,-3.966,3.966,9.37e-17,protein_coding,5,2'-5' oligoadenylate synthetase 1B
AEC,Inhibitor effect,WSN_PP1 vs WSN,Tnfsf18,ENSMUSG00000066755,Downregulated,-3.387,3.387,9.83e-17,protein_coding,1,"tumor necrosis factor (ligand) superfamily, member 18"
AEC,Inhibitor effect,WSN_PP1 vs WSN,Plagl2,ENSMUSG00000051413,Downregulated,-3.703,3.703,1.31e-16,protein_coding,2,pleiomorphic adenoma gene-like 2
AEC,Inhibitor effect,WSN_PP1 vs WSN,1700099I09Rik,ENSMUSG00000091906,Downregulated,-3.914,3.914,1.44e-16,lncRNA,13,1700099I09 gene
AEC,Inhibitor effect,WSN_PP1 vs WSN,Slfn5os,ENSMUSG00000086327,Downregulated,-6.494,6.494,1.60e-16,lncRNA,11,"schlafen 5, opposite strand"
AEC,Inhibitor effect,WSN_PP1 vs WSN,Miga1,ENSMUSG00000054942,Downregulated,-2.512,2.512,1.82e-16,protein_coding,3,mitoguardin 1
AEC,Inhibitor effect,WSN_PP1 vs WSN,Eif5a2,ENSMUSG00000050192,Downregulated,-2.423,2.423,2.19e-16,protein_coding,3,eukaryotic translation initiation factor 5A2
AEC,Inhibitor effect,WSN_PP1 vs WSN,Adcy5,ENSMUSG00000022840,Downregulated,-2.321,2.321,2.21e-16,protein_coding,16,adenylate cyclase 5
AEC,Inhibitor effect,WSN_PP1 vs WSN,Gbp6,ENSMUSG00000104713,Downregulated,-5.238,5.238,2.47e-16,protein_coding,5,guanylate binding protein 6
AEC,Inhibitor effect,WSN_PP1 vs WSN,Fos,ENSMUSG00000021250,Downregulated,-3.861,3.861,3.30e-16,protein_coding,12,FBJ osteosarcoma oncogene
AEC,Inhibitor effect,WSN_PP1 vs WSN,Ncoa3,ENSMUSG00000027678,Downregulated,-2.286,2.286,3.78e-16,protein_coding,2,nuclear receptor coactivator 3
AEC,Inhibitor effect,WSN_PP1 vs WSN,Igdcc4,ENSMUSG00000032816,Downregulated,-2.341,2.341,4.20e-16,protein_coding,9,"immunoglobulin superfamily, DCC subclass, member 4"
AEC,Inhibitor effect,WSN_PP1 vs WSN,Cnnm4,ENSMUSG00000037408,Downregulated,-2.329,2.329,6.76e-16,protein_coding,1,cyclin M4
AEC,Inhibitor effect,WSN_PP1 vs WSN,Gramd4,ENSMUSG00000035900,Downregulated,-2.21,2.21,6.77e-16,protein_coding,15,GRAM domain containing 4
AEC,Inhibitor effect,WSN_PP1 vs WSN,Zbtb5,ENSMUSG00000049657,Downregulated,-3.299,3.299,7.07e-16,protein_coding,4,zinc finger and BTB domain containing 5
AEC,Inhibitor effect,WSN_PP1 vs WSN,Gm73724,ENSMUSG00000135629,Downregulated,-2.2,2.2,7.60e-16,lncRNA,11,73724
AEC,Inhibitor effect,WSN_PP1 vs WSN,Xylt2,ENSMUSG00000020868,Downregulated,-2.611,2.611,8.66e-16,protein_coding,11,xylosyltransferase II
AEC,Inhibitor effect,WSN_PP1 vs WSN,1700061H18Rik,ENSMUSG00000084948,Upregulated,3.349,3.349,9.41e-16,lncRNA,18,1700061H18 gene
AEC,Inhibitor effect,WSN_PP1 vs WSN,Xylt1,ENSMUSG00000030657,Downregulated,-2.587,2.587,1.01e-15,protein_coding,7,xylosyltransferase 1
AEC,Inhibitor effect,WSN_PP1 vs WSN,Gm58395,ENSMUSG00000123794,Downregulated,-2.577,2.577,1.15e-15,lncRNA,18,58395
AEC,Inhibitor effect,WSN_PP1 vs WSN,Kif21b,ENSMUSG00000041642,Downregulated,-2.367,2.367,1.16e-15,protein_coding,1,kinesin family member 21B
AEC,Inhibitor effect,WSN_PP1 vs WSN,Adamts7,ENSMUSG00000032363,Downregulated,-2.121,2.121,1.22e-15,protein_coding,9,ADAM metallopeptidase with thrombospondin type 1 motif 7
AEC,Inhibitor effect,WSN_PP1 vs WSN,Crybg1,ENSMUSG00000019866,Downregulated,-2.742,2.742,1.23e-15,protein_coding,10,crystallin beta-gamma domain containing 1
AEC,Inhibitor effect,WSN_PP1 vs WSN,Rsbn1l,ENSMUSG00000039968,Downregulated,-2.477,2.477,1.60e-15,protein_coding,5,round spermatid basic protein 1-like
AEC,Inhibitor effect,WSN_PP1 vs WSN,Bltp3a,ENSMUSG00000039512,Downregulated,-2.275,2.275,1.69e-15,protein_coding,17,bridge-like lipid transfer protein family member 3A
AEC,Inhibitor effect,WSN_PP1 vs WSN,Gm4841,ENSMUSG00000068606,Downregulated,-7.159,7.159,1.84e-15,protein_coding,18,predicted gene 4841
AEC,Inhibitor effect,WSN_PP1 vs WSN,Phactr1,ENSMUSG00000054728,Downregulated,-2.02,2.02,1.86e-15,protein_coding,13,phosphatase and actin regulator 1
AEC,Inhibitor effect,WSN_PP1 vs WSN,Ier2,ENSMUSG00000053560,Downregulated,-2.394,2.394,2.03e-15,protein_coding,8,immediate early response 2
AEC,Inhibitor effect,WSN_PP1 vs WSN,Axin2,ENSMUSG00000000142,Downregulated,-2.576,2.576,2.07e-15,protein_coding,11,axin 2
AEC,Inhibitor effect,WSN_PP1 vs WSN,Cspg4b,ENSMUSG00000021763,Downregulated,-3.267,3.267,2.11e-15,protein_coding,13,chondroitin sulfate proteoglycan 4B
AEC,Inhibitor effect,WSN_PP1 vs WSN,Mir7688,ENSMUSG00000098679,Downregulated,-7.106,7.106,2.34e-15,miRNA,10,microRNA 7688
AEC,Inhibitor effect,WSN_PP1 vs WSN,Notch3,ENSMUSG00000038146,Downregulated,-2.07,2.07,2.37e-15,protein_coding,17,notch 3
AEC,Inhibitor effect,WSN_PP1 vs WSN,Csf2,ENSMUSG00000018916,Downregulated,-7.099,7.099,2.38e-15,protein_coding,11,colony stimulating factor 2 (granulocyte-macrophage)
AEC,Inhibitor effect,WSN_PP1 vs WSN,Ffar4,ENSMUSG00000054200,Upregulated,3.079,3.079,2.66e-15,protein_coding,19,free fatty acid receptor 4
AEC,Inhibitor effect,WSN_PP1 vs WSN,Setd1b,ENSMUSG00000038384,Downregulated,-2.344,2.344,3.04e-15,protein_coding,5,SET domain containing 1B
AEC,Inhibitor effect,WSN_PP1 vs WSN,Scara3,ENSMUSG00000034463,Downregulated,-2.484,2.484,3.68e-15,protein_coding,14,"scavenger receptor class A, member 3"
AEC,Inhibitor effect,WSN_PP1 vs WSN,Atxn7,ENSMUSG00000021738,Downregulated,-3.113,3.113,3.86e-15,protein_coding,14,ataxin 7
AEC,Inhibitor effect,WSN_PP1 vs WSN,Gm63459,ENSMUSG00000140932,Downregulated,-2.187,2.187,4.33e-15,lncRNA,14,63459
AEC,Inhibitor effect,WSN_PP1 vs WSN,Dll1,ENSMUSG00000014773,Downregulated,-4.724,4.724,4.61e-15,protein_coding,17,delta like canonical Notch ligand 1
AEC,Inhibitor effect,WSN_PP1 vs WSN,Tdg,ENSMUSG00000034674,Downregulated,-2.006,2.006,6.16e-15,protein_coding,10,thymine DNA glycosylase
AEC,Inhibitor effect,WSN_PP1 vs WSN,Btc,ENSMUSG00000082361,Downregulated,-3.463,3.463,7.35e-15,protein_coding,5,"betacellulin, epidermal growth factor family member"
AEC,Inhibitor effect,WSN_PP1 vs WSN,C4b,ENSMUSG00000073418,Downregulated,-2.616,2.616,7.63e-15,protein_coding,17,complement C4B (Chido blood group)
AEC,Inhibitor effect,WSN_PP1 vs WSN,Katnip,ENSMUSG00000032743,Downregulated,-2.489,2.489,7.85e-15,protein_coding,7,katanin interacting protein
AEC,Inhibitor effect,WSN_PP1 vs WSN,Nkx2-1,ENSMUSG00000001496,Upregulated,2.275,2.275,7.99e-15,protein_coding,12,NK2 homeobox 1
AEC,Inhibitor effect,WSN_PP1 vs WSN,Hmga2-ps1,ENSMUSG00000121135,Downregulated,-2.739,2.739,9.88e-15,lncRNA,1,"high mobility group AT-hook 2, pseudogene 1"
AEC,Inhibitor effect,WSN_PP1 vs WSN,Gm15200,ENSMUSG00000086434,Downregulated,-2.34,2.34,1.25e-14,lncRNA,10,predicted gene 15200
AEC,Inhibitor effect,WSN_PP1 vs WSN,Rab11fip3,ENSMUSG00000037098,Downregulated,-2.017,2.017,1.76e-14,protein_coding,17,RAB11 family interacting protein 3 (class II)
AEC,Inhibitor effect,WSN_PP1 vs WSN,Bend3,ENSMUSG00000038214,Downregulated,-2.71,2.71,1.87e-14,protein_coding,10,BEN domain containing 3
AEC,Inhibitor effect,WSN_PP1 vs WSN,Satb1,ENSMUSG00000023927,Downregulated,-2.218,2.218,2.09e-14,protein_coding,17,special AT-rich sequence binding protein 1
AEC,Inhibitor effect,WSN_PP1 vs WSN,Rnasel,ENSMUSG00000066800,Downregulated,-2.385,2.385,3.51e-14,protein_coding,1,"ribonuclease L (2', 5'-oligoisoadenylate synthetase-dependent)"
AEC,Inhibitor effect,WSN_PP1 vs WSN,Or2v1,ENSMUSG00000040328,Downregulated,-3.652,3.652,4.10e-14,protein_coding,11,olfactory receptor family 2 subfamily V member 1
AEC,Inhibitor effect,WSN_PP1 vs WSN,Prkce,ENSMUSG00000045038,Downregulated,-3.219,3.219,4.61e-14,protein_coding,17,"protein kinase C, epsilon"
AEC,Inhibitor effect,WSN_PP1 vs WSN,Chaserr,ENSMUSG00000101970,Upregulated,2.859,2.859,4.62e-14,lncRNA,7,CHD2 adjacent suppressive regulatory RNA
AEC,Inhibitor effect,WSN_PP1 vs WSN,B3gnt5,ENSMUSG00000022686,Upregulated,2.58,2.58,6.01e-14,protein_coding,16,"UDP-GlcNAc:betaGal beta-1,3-N-acetylglucosaminyltransferase 5"
AEC,Inhibitor effect,WSN_PP1 vs WSN,Gm45894,ENSMUSG00000110440,Downregulated,-3.942,3.942,6.30e-14,lncRNA,8,predicted gene 45894
AEC,Inhibitor effect,WSN_PP1 vs WSN,Nos2,ENSMUSG00000020826,Downregulated,-3.531,3.531,7.61e-14,protein_coding,11,"nitric oxide synthase 2, inducible"
AEC,Inhibitor effect,WSN_PP1 vs WSN,Ivl,ENSMUSG00000049128,Downregulated,-2.414,2.414,7.70e-14,protein_coding,3,involucrin
AEC,Inhibitor effect,WSN_PP1 vs WSN,Gm32282,ENSMUSG00000117648,Downregulated,-2.206,2.206,1.00e-13,lncRNA,17,32282
AEC,Inhibitor effect,WSN_PP1 vs WSN,Ttc7,ENSMUSG00000036918,Downregulated,-2.075,2.075,1.03e-13,protein_coding,17,tetratricopeptide repeat domain 7
AEC,Inhibitor effect,WSN_PP1 vs WSN,Spry2,ENSMUSG00000022114,Downregulated,-2.203,2.203,1.15e-13,protein_coding,14,sprouty RTK signaling antagonist 2
AEC,Inhibitor effect,WSN_PP1 vs WSN,Mtmr12,ENSMUSG00000039458,Downregulated,-2.134,2.134,1.21e-13,protein_coding,15,myotubularin related protein 12
AEC,Inhibitor effect,WSN_PP1 vs WSN,Osr1,ENSMUSG00000048387,Upregulated,3.218,3.218,2.29e-13,protein_coding,12,odd-skipped related transcription factor 1
AEC,Inhibitor effect,WSN_PP1 vs WSN,Csgalnact2,ENSMUSG00000042042,Downregulated,-2.252,2.252,2.32e-13,protein_coding,6,chondroitin sulfate N-acetylgalactosaminyltransferase 2
AEC,Inhibitor effect,WSN_PP1 vs WSN,Apln,ENSMUSG00000037010,Downregulated,-3.334,3.334,2.47e-13,protein_coding,X,apelin
AEC,Inhibitor effect,WSN_PP1 vs WSN,Tnrc6c,ENSMUSG00000025571,Downregulated,-2.041,2.041,2.66e-13,protein_coding,11,trinucleotide repeat containing 6C
AEC,Inhibitor effect,WSN_PP1 vs WSN,Apol10b,ENSMUSG00000050014,Downregulated,-3.47,3.47,2.76e-13,protein_coding,15,apolipoprotein L 10B
AEC,Inhibitor effect,WSN_PP1 vs WSN,Zfp710,ENSMUSG00000048897,Downregulated,-2.136,2.136,2.91e-13,protein_coding,7,zinc finger protein 710
AEC,Inhibitor effect,WSN_PP1 vs WSN,Lrrn2,ENSMUSG00000026443,Downregulated,-3.417,3.417,2.94e-13,protein_coding,1,"leucine rich repeat protein 2, neuronal"
AEC,Inhibitor effect,WSN_PP1 vs WSN,Psd,ENSMUSG00000037126,Downregulated,-4.748,4.748,3.27e-13,protein_coding,19,pleckstrin and Sec7 domain containing
AEC,Inhibitor effect,WSN_PP1 vs WSN,Cxcl9,ENSMUSG00000029417,Downregulated,-7.923,7.923,3.28e-13,protein_coding,5,C-X-C motif chemokine ligand 9
AEC,Inhibitor effect,WSN_PP1 vs WSN,Snhg7,ENSMUSG00000120369,Downregulated,-4.376,4.376,3.31e-13,lncRNA,2,small nucleolar RNA host gene 7
AEC,Inhibitor effect,WSN_PP1 vs WSN,Sema4b,ENSMUSG00000030539,Downregulated,-2.372,2.372,3.34e-13,protein_coding,7,"sema domain, immunoglobulin domain (Ig), transmembrane domain (TM) and short cytoplasmic domain, (semaphorin) 4B"
AEC,Inhibitor effect,WSN_PP1 vs WSN,Gm20559,ENSMUSG00000106734,Downregulated,-2.657,2.657,3.83e-13,lncRNA,6,20559
AEC,Inhibitor effect,WSN_PP1 vs WSN,Pigg,ENSMUSG00000029263,Downregulated,-2.003,2.003,3.89e-13,protein_coding,5,"phosphatidylinositol glycan anchor biosynthesis, class G"
AEC,Inhibitor effect,WSN_PP1 vs WSN,Gm66279,ENSMUSG00000122456,Downregulated,-5.084,5.084,4.55e-13,lncRNA,6,66279
AEC,Inhibitor effect,WSN_PP1 vs WSN,Sall2,ENSMUSG00000049532,Downregulated,-2.15,2.15,5.05e-13,protein_coding,14,spalt like transcription factor 2
AEC,Inhibitor effect,WSN_PP1 vs WSN,Irx1,ENSMUSG00000060969,Upregulated,2.487,2.487,5.23e-13,protein_coding,13,Iroquois homeobox 1
AEC,Inhibitor effect,WSN_PP1 vs WSN,Mex3d,ENSMUSG00000048696,Downregulated,-2.045,2.045,5.51e-13,protein_coding,10,mex3 RNA binding family member D
AEC,Inhibitor effect,WSN_PP1 vs WSN,Phlpp2,ENSMUSG00000031732,Downregulated,-4.171,4.171,5.84e-13,protein_coding,8,PH domain and leucine rich repeat protein phosphatase 2
AEC,Inhibitor effect,WSN_PP1 vs WSN,Ttll4,ENSMUSG00000033257,Downregulated,-3.04,3.04,6.52e-13,protein_coding,1,"tubulin tyrosine ligase-like family, member 4"
AEC,Inhibitor effect,WSN_PP1 vs WSN,Zc3h12c,ENSMUSG00000035164,Downregulated,-2.706,2.706,6.69e-13,protein_coding,9,zinc finger CCCH type containing 12C
AEC,Inhibitor effect,WSN_PP1 vs WSN,Gm12250,ENSMUSG00000134402,Downregulated,-7.817,7.817,7.37e-13,lncRNA,11,predicted gene 12250
AEC,Inhibitor effect,WSN_PP1 vs WSN,Zbtb6,ENSMUSG00000066798,Downregulated,-2.727,2.727,7.66e-13,protein_coding,2,zinc finger and BTB domain containing 6
AEC,Inhibitor effect,WSN_PP1 vs WSN,Bahcc1,ENSMUSG00000039741,Downregulated,-3.169,3.169,7.87e-13,protein_coding,11,BAH domain and coiled-coil containing 1
AEC,Inhibitor effect,WSN_PP1 vs WSN,Bnc2,ENSMUSG00000028487,Upregulated,2.019,2.019,8.32e-13,protein_coding,4,basonuclin zinc finger protein 2
AEC,Inhibitor effect,WSN_PP1 vs WSN,Gli3,ENSMUSG00000021318,Downregulated,-2.144,2.144,8.52e-13,protein_coding,13,GLI-Kruppel family member GLI3
AEC,Inhibitor effect,WSN_PP1 vs WSN,Zfp518b,ENSMUSG00000046572,Downregulated,-3.227,3.227,9.18e-13,protein_coding,5,zinc finger protein 518B
AEC,Inhibitor effect,WSN_PP1 vs WSN,C2cd2,ENSMUSG00000045975,Downregulated,-2.132,2.132,9.19e-13,protein_coding,16,C2 calcium-dependent domain containing 2
AEC,Inhibitor effect,WSN_PP1 vs WSN,Hic1,ENSMUSG00000043099,Downregulated,-2.07,2.07,9.83e-13,protein_coding,11,hypermethylated in cancer 1
AEC,Inhibitor effect,WSN_PP1 vs WSN,Gbp4,ENSMUSG00000079363,Downregulated,-10.799,10.799,1.06e-12,protein_coding,5,guanylate binding protein 4
AEC,Inhibitor effect,WSN_PP1 vs WSN,Gm74608,ENSMUSG00000123643,Downregulated,-4.979,4.979,1.51e-12,lncRNA,2,74608
AEC,Inhibitor effect,WSN_PP1 vs WSN,Fbxo45,ENSMUSG00000035764,Downregulated,-2.537,2.537,1.67e-12,protein_coding,16,F-box protein 45
AEC,Inhibitor effect,WSN_PP1 vs WSN,Apol7a,ENSMUSG00000010601,Downregulated,-3.058,3.058,1.69e-12,protein_coding,15,apolipoprotein L 7a
AEC,Inhibitor effect,WSN_PP1 vs WSN,Adamts14,ENSMUSG00000059901,Downregulated,-2.648,2.648,1.71e-12,protein_coding,10,ADAM metallopeptidase with thrombospondin type 1 motif 14
AEC,Inhibitor effect,WSN_PP1 vs WSN,Hnf1b,ENSMUSG00000020679,Upregulated,3.848,3.848,1.90e-12,protein_coding,11,HNF1 homeobox B
AEC,Inhibitor effect,WSN_PP1 vs WSN,Tarbp1,ENSMUSG00000090290,Downregulated,-2.792,2.792,2.29e-12,protein_coding,8,TAR RNA binding protein 1
AEC,Inhibitor effect,WSN_PP1 vs WSN,Zfp398,ENSMUSG00000062519,Upregulated,2.042,2.042,2.62e-12,protein_coding,6,zinc finger protein 398
AEC,Inhibitor effect,WSN_PP1 vs WSN,Krt87,ENSMUSG00000047641,Downregulated,-4.716,4.716,3.26e-12,protein_coding,15,keratin 87
AEC,Inhibitor effect,WSN_PP1 vs WSN,Zc3h11a,ENSMUSG00000102976,Downregulated,-2.99,2.99,3.72e-12,protein_coding,1,zinc finger CCCH type containing 11A
AEC,Inhibitor effect,WSN_PP1 vs WSN,Gm73162,ENSMUSG00000140238,Downregulated,-3.972,3.972,7.02e-12,lncRNA,5,73162
AEC,Inhibitor effect,WSN_PP1 vs WSN,Spata2,ENSMUSG00000047030,Downregulated,-2.004,2.004,8.08e-12,protein_coding,2,spermatogenesis associated 2
AEC,Inhibitor effect,WSN_PP1 vs WSN,Tmem131l,ENSMUSG00000033767,Downregulated,-2.236,2.236,8.65e-12,protein_coding,3,transmembrane 131 like
AEC,Inhibitor effect,WSN_PP1 vs WSN,Lmln,ENSMUSG00000022802,Downregulated,-3.827,3.827,1.06e-11,protein_coding,16,leishmanolysin-like (metallopeptidase M8 family)
AEC,Inhibitor effect,WSN_PP1 vs WSN,Klf5,ENSMUSG00000005148,Upregulated,2.31,2.31,1.07e-11,protein_coding,14,Kruppel-like transcription factor 5
AEC,Inhibitor effect,WSN_PP1 vs WSN,Rtl5,ENSMUSG00000049191,Downregulated,-2.378,2.378,1.25e-11,protein_coding,X,retrotransposon Gag like 5
AEC,Inhibitor effect,WSN_PP1 vs WSN,Gm16675,ENSMUSG00000097534,Downregulated,-5.137,5.137,1.31e-11,lncRNA,8,16675
AEC,Inhibitor effect,WSN_PP1 vs WSN,Mn1,ENSMUSG00000070576,Downregulated,-2.164,2.164,1.65e-11,protein_coding,5,meningioma 1
AEC,Inhibitor effect,WSN_PP1 vs WSN,Irak1bp1,ENSMUSG00000032251,Upregulated,2.05,2.05,1.84e-11,protein_coding,9,interleukin-1 receptor-associated kinase 1 binding protein 1
AEC,Inhibitor effect,WSN_PP1 vs WSN,Zfp618,ENSMUSG00000028358,Downregulated,-3.15,3.15,1.91e-11,protein_coding,4,zinc finger protein 618
AEC,Inhibitor effect,WSN_PP1 vs WSN,Hmgb2,ENSMUSG00000054717,Upregulated,4.997,4.997,1.92e-11,protein_coding,8,high mobility group box 2
AEC,Inhibitor effect,WSN_PP1 vs WSN,Dagla,ENSMUSG00000035735,Downregulated,-2.811,2.811,1.94e-11,protein_coding,19,"diacylglycerol lipase, alpha"
AEC,Inhibitor effect,WSN_PP1 vs WSN,Trim30d,ENSMUSG00000057596,Downregulated,-10.211,10.211,2.27e-11,protein_coding,7,tripartite motif-containing 30D
AEC,Inhibitor effect,WSN_PP1 vs WSN,Socs3,ENSMUSG00000053113,Downregulated,-2.58,2.58,2.42e-11,protein_coding,11,suppressor of cytokine signaling 3
AEC,Inhibitor effect,WSN_PP1 vs WSN,Acvr1b,ENSMUSG00000000532,Downregulated,-2.058,2.058,2.51e-11,protein_coding,15,"activin A receptor, type 1B"
AEC,Inhibitor effect,WSN_PP1 vs WSN,Arid2,ENSMUSG00000033237,Downregulated,-2.808,2.808,2.93e-11,protein_coding,15,AT-rich interaction domain 2
AEC,Inhibitor effect,WSN_PP1 vs WSN,Npr1,ENSMUSG00000027931,Downregulated,-3.549,3.549,2.93e-11,protein_coding,3,natriuretic peptide receptor 1
AEC,Inhibitor effect,WSN_PP1 vs WSN,Fnip1,ENSMUSG00000035992,Downregulated,-2.229,2.229,3.97e-11,protein_coding,11,folliculin interacting protein 1
AEC,Inhibitor effect,WSN_PP1 vs WSN,Gm17529,ENSMUSG00000097443,Downregulated,-2.137,2.137,4.02e-11,lncRNA,12,17529
AEC,Inhibitor effect,WSN_PP1 vs WSN,Ypel2,ENSMUSG00000018427,Upregulated,2.313,2.313,4.04e-11,protein_coding,11,yippee like 2
AEC,Inhibitor effect,WSN_PP1 vs WSN,1810008B01Rik,ENSMUSG00000089745,Downregulated,-2.334,2.334,5.74e-11,lncRNA,8,1810008B01 gene
AEC,Inhibitor effect,WSN_PP1 vs WSN,Gm60910,ENSMUSG00000133373,Downregulated,-5.008,5.008,5.93e-11,lncRNA,13,60910
AEC,Inhibitor effect,WSN_PP1 vs WSN,Il15ra,ENSMUSG00000023206,Downregulated,-4.466,4.466,6.05e-11,protein_coding,2,"interleukin 15 receptor, alpha chain"
AEC,Inhibitor effect,WSN_PP1 vs WSN,Zfp334,ENSMUSG00000017667,Downregulated,-2.061,2.061,8.24e-11,protein_coding,2,zinc finger protein 334
AEC,Inhibitor effect,WSN_PP1 vs WSN,Trib2,ENSMUSG00000020601,Downregulated,-3.212,3.212,9.34e-11,protein_coding,12,tribbles pseudokinase 2
AEC,Inhibitor effect,WSN_PP1 vs WSN,Pcdh18,ENSMUSG00000037892,Downregulated,-2.215,2.215,1.04e-10,protein_coding,3,protocadherin 18
AEC,Inhibitor effect,WSN_PP1 vs WSN,Mgat3,ENSMUSG00000042428,Downregulated,-2.374,2.374,1.04e-10,protein_coding,15,mannoside acetylglucosaminyltransferase 3
AEC,Inhibitor effect,WSN_PP1 vs WSN,Gm64336,ENSMUSG00000139823,Downregulated,-2.615,2.615,1.05e-10,lncRNA,8,64336
AEC,Inhibitor effect,WSN_PP1 vs WSN,Sorbs2,ENSMUSG00000031626,Upregulated,2.303,2.303,1.16e-10,protein_coding,8,sorbin and SH3 domain containing 2
AEC,Inhibitor effect,WSN_PP1 vs WSN,Msl2,ENSMUSG00000066415,Downregulated,-2.097,2.097,1.20e-10,protein_coding,9,MSL complex subunit 2
AEC,Inhibitor effect,WSN_PP1 vs WSN,Dok2,ENSMUSG00000022102,Downregulated,-2.779,2.779,1.36e-10,protein_coding,14,docking protein 2
AEC,Inhibitor effect,WSN_PP1 vs WSN,Gm49383,ENSMUSG00000113149,Downregulated,-2.172,2.172,1.41e-10,protein_coding,12,49383
AEC,Inhibitor effect,WSN_PP1 vs WSN,Chml,ENSMUSG00000078185,Downregulated,-3.193,3.193,1.49e-10,protein_coding,1,choroideremia-like
AEC,Inhibitor effect,WSN_PP1 vs WSN,Foxn2,ENSMUSG00000034998,Downregulated,-2.045,2.045,1.54e-10,protein_coding,17,forkhead box N2
AEC,Inhibitor effect,WSN_PP1 vs WSN,Particl,ENSMUSG00000108591,Downregulated,-3.147,3.147,1.61e-10,TEC,6,promoter of Mat2a antisense radiation induced circulating long non-coding RNA
AEC,Inhibitor effect,WSN_PP1 vs WSN,Prex1,ENSMUSG00000039621,Downregulated,-2.479,2.479,1.83e-10,protein_coding,2,"phosphatidylinositol-3,4,5-trisphosphate-dependent Rac exchange factor 1"
AEC,Inhibitor effect,WSN_PP1 vs WSN,Zfp704,ENSMUSG00000040209,Downregulated,-2.103,2.103,2.10e-10,protein_coding,3,zinc finger protein 704
AEC,Inhibitor effect,WSN_PP1 vs WSN,Gm17201,ENSMUSG00000090761,Downregulated,-2.133,2.133,2.14e-10,lncRNA,10,predicted gene 17201
AEC,Inhibitor effect,WSN_PP1 vs WSN,Gas1,ENSMUSG00000052957,Downregulated,-2.966,2.966,2.48e-10,protein_coding,13,growth arrest specific 1
AEC,Inhibitor effect,WSN_PP1 vs WSN,2610307P16Rik,ENSMUSG00000085936,Upregulated,2.828,2.828,2.74e-10,lncRNA,13,2610307P16 gene
AEC,Inhibitor effect,WSN_PP1 vs WSN,Napb,ENSMUSG00000027438,Upregulated,3.128,3.128,2.83e-10,protein_coding,2,N-ethylmaleimide sensitive fusion protein attachment protein beta
AEC,Inhibitor effect,WSN_PP1 vs WSN,Amer1,ENSMUSG00000050332,Downregulated,-2.002,2.002,2.94e-10,protein_coding,X,APC membrane recruitment 1
AEC,Inhibitor effect,WSN_PP1 vs WSN,Rasgef1b,ENSMUSG00000089809,Upregulated,2.576,2.576,3.58e-10,protein_coding,5,"RasGEF domain family, member 1B"
AEC,Inhibitor effect,WSN_PP1 vs WSN,Cyp4f39,ENSMUSG00000061126,Upregulated,2.575,2.575,4.36e-10,protein_coding,17,"cytochrome P450, family 4, subfamily f, polypeptide 39"
AEC,Inhibitor effect,WSN_PP1 vs WSN,Pdzd2,ENSMUSG00000022197,Downregulated,-4.513,4.513,4.53e-10,protein_coding,15,PDZ domain containing 2
AEC,Inhibitor effect,WSN_PP1 vs WSN,4930533K18Rik,ENSMUSG00000047692,Downregulated,-2.022,2.022,4.82e-10,lncRNA,10,4930533K18 gene
AEC,Inhibitor effect,WSN_PP1 vs WSN,Macc1,ENSMUSG00000041886,Upregulated,2.806,2.806,4.86e-10,protein_coding,12,metastasis associated in colon cancer 1
AEC,Inhibitor effect,WSN_PP1 vs WSN,Gm20481,ENSMUSG00000092609,Upregulated,3.302,3.302,4.87e-10,lncRNA,17,predicted gene 20481
AEC,Inhibitor effect,WSN_PP1 vs WSN,Gm56529,ENSMUSG00000120091,Downregulated,-2.072,2.072,6.24e-10,lncRNA,12,56529
AEC,Inhibitor effect,WSN_PP1 vs WSN,Gm12185,ENSMUSG00000048852,Downregulated,-3.864,3.864,6.61e-10,protein_coding,11,predicted gene 12185
AEC,Inhibitor effect,WSN_PP1 vs WSN,Id1,ENSMUSG00000042745,Downregulated,-2.544,2.544,6.78e-10,protein_coding,2,"inhibitor of DNA binding 1, HLH protein"
AEC,Inhibitor effect,WSN_PP1 vs WSN,Jade2,ENSMUSG00000020387,Downregulated,-2.442,2.442,8.27e-10,protein_coding,11,jade family PHD finger 2
AEC,Inhibitor effect,WSN_PP1 vs WSN,Kdm2b,ENSMUSG00000029475,Downregulated,-2.468,2.468,8.42e-10,protein_coding,5,lysine (K)-specific demethylase 2B
AEC,Inhibitor effect,WSN_PP1 vs WSN,Gm70063,ENSMUSG00000140923,Downregulated,-2.723,2.723,8.99e-10,lncRNA,4,70063
AEC,Inhibitor effect,WSN_PP1 vs WSN,Spon1,ENSMUSG00000038156,Downregulated,-2.01,2.01,1.02e-09,protein_coding,7,"spondin 1, (f-spondin) extracellular matrix protein"
AEC,Inhibitor effect,WSN_PP1 vs WSN,Urb1,ENSMUSG00000039929,Downregulated,-3.531,3.531,1.07e-09,protein_coding,16,URB1 ribosome biogenesis 1 homolog (S. cerevisiae)
AEC,Inhibitor effect,WSN_PP1 vs WSN,Fzd8,ENSMUSG00000036904,Downregulated,-2.582,2.582,1.18e-09,protein_coding,18,frizzled class receptor 8
AEC,Inhibitor effect,WSN_PP1 vs WSN,Eprn,ENSMUSG00000113346,Upregulated,2.008,2.008,1.23e-09,lncRNA,13,"ephemeron, early developmental lncRNA"
AEC,Inhibitor effect,WSN_PP1 vs WSN,Tfap4,ENSMUSG00000005718,Upregulated,3.872,3.872,1.25e-09,protein_coding,16,transcription factor AP4
AEC,Inhibitor effect,WSN_PP1 vs WSN,Gm68196,ENSMUSG00000141929,Downregulated,-2.713,2.713,1.25e-09,lncRNA,6,68196
AEC,Inhibitor effect,WSN_PP1 vs WSN,Zfp948,ENSMUSG00000067931,Upregulated,2.046,2.046,1.34e-09,protein_coding,17,zinc finger protein 948
AEC,Inhibitor effect,WSN_PP1 vs WSN,Gm17017,ENSMUSG00000090246,Downregulated,-2.293,2.293,1.42e-09,lncRNA,1,predicted gene 17017
AEC,Inhibitor effect,WSN_PP1 vs WSN,Oas1c,ENSMUSG00000001166,Downregulated,-2.194,2.194,1.43e-09,protein_coding,5,2'-5' oligoadenylate synthetase 1C
AEC,Inhibitor effect,WSN_PP1 vs WSN,Taf4,ENSMUSG00000039117,Downregulated,-2.945,2.945,1.59e-09,protein_coding,2,TATA-box binding protein associated factor 4
AEC,Inhibitor effect,WSN_PP1 vs WSN,Gm20416,ENSMUSG00000092185,Downregulated,-2.235,2.235,1.70e-09,lncRNA,9,predicted gene 20416
AEC,Inhibitor effect,WSN_PP1 vs WSN,Hmgb3,ENSMUSG00000015217,Upregulated,2.098,2.098,1.76e-09,protein_coding,X,high mobility group box 3
AEC,Inhibitor effect,WSN_PP1 vs WSN,2700062C07Rik,ENSMUSG00000024273,Upregulated,2.096,2.096,1.94e-09,protein_coding,18,2700062C07 gene
AEC,Inhibitor effect,WSN_PP1 vs WSN,Icam5,ENSMUSG00000032174,Downregulated,-3.664,3.664,2.00e-09,protein_coding,9,"intercellular adhesion molecule 5, telencephalin"
AEC,Inhibitor effect,WSN_PP1 vs WSN,Tmem170b,ENSMUSG00000087370,Downregulated,-3.005,3.005,2.17e-09,protein_coding,13,transmembrane protein 170B
AEC,Inhibitor effect,WSN_PP1 vs WSN,Gm69608,ENSMUSG00000137326,Downregulated,-4.002,4.002,2.73e-09,lncRNA,4,69608
AEC,Inhibitor effect,WSN_PP1 vs WSN,Gm5431,ENSMUSG00000058163,Downregulated,-5.674,5.674,3.03e-09,protein_coding,11,predicted gene 5431
AEC,Inhibitor effect,WSN_PP1 vs WSN,Ing2,ENSMUSG00000063049,Upregulated,2.199,2.199,3.68e-09,protein_coding,8,"inhibitor of growth family, member 2"
AEC,Inhibitor effect,WSN_PP1 vs WSN,Sacs,ENSMUSG00000048279,Downregulated,-2.194,2.194,3.73e-09,protein_coding,14,sacsin
AEC,Inhibitor effect,WSN_PP1 vs WSN,Gm57409,ENSMUSG00000120826,Downregulated,-2.171,2.171,4.12e-09,lncRNA,11,57409
AEC,Inhibitor effect,WSN_PP1 vs WSN,Oas2,ENSMUSG00000032690,Downregulated,-8.949,8.949,4.68e-09,protein_coding,5,2'-5' oligoadenylate synthetase 2
AEC,Inhibitor effect,WSN_PP1 vs WSN,Gm72653,ENSMUSG00000128825,Downregulated,-2.005,2.005,4.90e-09,lncRNA,11,72653
AEC,Inhibitor effect,WSN_PP1 vs WSN,Ccdc71l,ENSMUSG00000090946,Downregulated,-2.31,2.31,5.30e-09,protein_coding,12,coiled-coil domain containing 71 like
AEC,Inhibitor effect,WSN_PP1 vs WSN,Bcl2,ENSMUSG00000057329,Downregulated,-2.873,2.873,5.46e-09,protein_coding,1,B cell leukemia/lymphoma 2
AEC,Inhibitor effect,WSN_PP1 vs WSN,Chsy3,ENSMUSG00000058152,Downregulated,-3.436,3.436,6.20e-09,protein_coding,18,chondroitin sulfate synthase 3
AEC,Inhibitor effect,WSN_PP1 vs WSN,Prickle1,ENSMUSG00000036158,Downregulated,-2.664,2.664,9.01e-09,protein_coding,15,prickle planar cell polarity protein 1
AEC,Inhibitor effect,WSN_PP1 vs WSN,Pcyox1l,ENSMUSG00000024579,Downregulated,-2.091,2.091,1.06e-08,protein_coding,18,prenylcysteine oxidase 1 like
AEC,Inhibitor effect,WSN_PP1 vs WSN,Thsd7a,ENSMUSG00000032625,Downregulated,-2.278,2.278,1.15e-08,protein_coding,6,"thrombospondin, type I, domain containing 7A"
AEC,Inhibitor effect,WSN_PP1 vs WSN,2310043P16Rik,ENSMUSG00000108732,Downregulated,-4.084,4.084,1.30e-08,TEC,7,2310043P16 gene
AEC,Inhibitor effect,WSN_PP1 vs WSN,Spry4,ENSMUSG00000024427,Downregulated,-2.245,2.245,1.37e-08,protein_coding,18,sprouty RTK signaling antagonist 4
AEC,Inhibitor effect,WSN_PP1 vs WSN,Gm62751,ENSMUSG00000129966,Downregulated,-2.66,2.66,1.46e-08,lncRNA,14,62751
AEC,Inhibitor effect,WSN_PP1 vs WSN,Ank1,ENSMUSG00000031543,Downregulated,-2.798,2.798,1.54e-08,protein_coding,8,"ankyrin 1, erythroid"
AEC,Inhibitor effect,WSN_PP1 vs WSN,Gm16793,ENSMUSG00000097357,Downregulated,-2.243,2.243,1.54e-08,lncRNA,8,16793
AEC,Inhibitor effect,WSN_PP1 vs WSN,Gm75195,ENSMUSG00000134245,Downregulated,-3.586,3.586,1.59e-08,lncRNA,2,75195
AEC,Inhibitor effect,WSN_PP1 vs WSN,Igip,ENSMUSG00000110185,Downregulated,-2.446,2.446,1.69e-08,protein_coding,18,IgA inducing protein
AEC,Inhibitor effect,WSN_PP1 vs WSN,Epsti1,ENSMUSG00000022014,Downregulated,-3.224,3.224,1.72e-08,protein_coding,14,epithelial stromal interaction 1
AEC,Inhibitor effect,WSN_PP1 vs WSN,Ttbk2,ENSMUSG00000090100,Downregulated,-2.275,2.275,1.93e-08,protein_coding,2,tau tubulin kinase 2
AEC,Inhibitor effect,WSN_PP1 vs WSN,Gm43292,ENSMUSG00000105776,Downregulated,-2.491,2.491,1.94e-08,TEC,6,predicted gene 43292
AEC,Inhibitor effect,WSN_PP1 vs WSN,Gm41609,ENSMUSG00000117231,Downregulated,-3.866,3.866,2.01e-08,lncRNA,17,41609
AEC,Inhibitor effect,WSN_PP1 vs WSN,Gm6634,ENSMUSG00000119972,Downregulated,-2.598,2.598,2.15e-08,lncRNA,3,predicted gene 6634
AEC,Inhibitor effect,WSN_PP1 vs WSN,Nckap5l,ENSMUSG00000023009,Downregulated,-2.068,2.068,2.16e-08,protein_coding,15,NCK-associated protein 5-like
AEC,Inhibitor effect,WSN_PP1 vs WSN,Gm71206,ENSMUSG00000143827,Downregulated,-2.331,2.331,2.46e-08,lncRNA,1,71206
AEC,Inhibitor effect,WSN_PP1 vs WSN,Mid1,ENSMUSG00000035299,Upregulated,2.051,2.051,2.54e-08,protein_coding,X,midline 1
AEC,Inhibitor effect,WSN_PP1 vs WSN,Gm64018,ENSMUSG00000130220,Downregulated,-2.483,2.483,2.58e-08,lncRNA,8,64018
AEC,Inhibitor effect,WSN_PP1 vs WSN,D930007J09Rik,ENSMUSG00000042874,Downregulated,-2.34,2.34,2.72e-08,lncRNA,13,D930007J09 gene
AEC,Inhibitor effect,WSN_PP1 vs WSN,Gigyf1,ENSMUSG00000029714,Downregulated,-2.267,2.267,2.74e-08,protein_coding,5,GRB10 interacting GYF protein 1
AEC,Inhibitor effect,WSN_PP1 vs WSN,Gvin2,ENSMUSG00000078606,Downregulated,-4.309,4.309,2.93e-08,protein_coding,7,"GTPase, very large interferon inducible, family member 2"
AEC,Inhibitor effect,WSN_PP1 vs WSN,F830016B08Rik,ENSMUSG00000090942,Downregulated,-8.535,8.535,3.06e-08,protein_coding,18,F830016B08 gene
AEC,Inhibitor effect,WSN_PP1 vs WSN,Gm67149,ENSMUSG00000134855,Downregulated,-2.991,2.991,3.13e-08,lncRNA,10,67149
AEC,Inhibitor effect,WSN_PP1 vs WSN,Gm69255,ENSMUSG00000133689,Downregulated,-2.648,2.648,3.53e-08,lncRNA,4,69255
AEC,Inhibitor effect,WSN_PP1 vs WSN,9930111J21Rik1,ENSMUSG00000069893,Downregulated,-2.773,2.773,3.72e-08,protein_coding,11,9930111J21 gene 1
AEC,Inhibitor effect,WSN_PP1 vs WSN,Ccl8,ENSMUSG00000009185,Downregulated,-3.591,3.591,3.86e-08,protein_coding,11,C-C motif chemokine ligand 8
AEC,Inhibitor effect,WSN_PP1 vs WSN,Socs1,ENSMUSG00000038037,Downregulated,-3.071,3.071,4.29e-08,protein_coding,16,suppressor of cytokine signaling 1
AEC,Inhibitor effect,WSN_PP1 vs WSN,Ninl,ENSMUSG00000068115,Downregulated,-2.143,2.143,4.42e-08,protein_coding,2,ninein-like
AEC,Inhibitor effect,WSN_PP1 vs WSN,Aoc2,ENSMUSG00000078651,Downregulated,-4.797,4.797,4.45e-08,protein_coding,11,amine oxidase copper containing 2
AEC,Inhibitor effect,WSN_PP1 vs WSN,Gm50394,ENSMUSG00000118210,Downregulated,-3.916,3.916,4.58e-08,lncRNA,19,50394
AEC,Inhibitor effect,WSN_PP1 vs WSN,Cd180,ENSMUSG00000021624,Downregulated,-3.873,3.873,5.04e-08,protein_coding,13,CD180 antigen
AEC,Inhibitor effect,WSN_PP1 vs WSN,Coa4,ENSMUSG00000044881,Upregulated,2.163,2.163,5.20e-08,protein_coding,7,cytochrome c oxidase assembly factor 4
AEC,Inhibitor effect,WSN_PP1 vs WSN,Fat4,ENSMUSG00000046743,Downregulated,-3.138,3.138,5.46e-08,protein_coding,3,FAT atypical cadherin 4
AEC,Inhibitor effect,WSN_PP1 vs WSN,Gm11482,ENSMUSG00000086817,Downregulated,-3.871,3.871,5.78e-08,lncRNA,4,predicted gene 11482
AEC,Inhibitor effect,WSN_PP1 vs WSN,Gm7451,ENSMUSG00000109489,Downregulated,-3.156,3.156,5.79e-08,processed_pseudogene,8,predicted gene 7451
AEC,Inhibitor effect,WSN_PP1 vs WSN,Nipal1,ENSMUSG00000067219,Downregulated,-3.081,3.081,5.99e-08,protein_coding,5,NIPA-like domain containing 1
AEC,Inhibitor effect,WSN_PP1 vs WSN,Dffb,ENSMUSG00000029027,Downregulated,-5.274,5.274,6.11e-08,protein_coding,4,"DNA fragmentation factor, beta subunit"
AEC,Inhibitor effect,WSN_PP1 vs WSN,Dhx58os,ENSMUSG00000085604,Downregulated,-3.413,3.413,6.58e-08,lncRNA,11,"DExH-box helicase 58, opposite strand"
AEC,Inhibitor effect,WSN_PP1 vs WSN,Clp1,ENSMUSG00000027079,Downregulated,-2.633,2.633,7.85e-08,protein_coding,2,"CLP1, cleavage and polyadenylation factor I subunit"
AEC,Inhibitor effect,WSN_PP1 vs WSN,Phf11b,ENSMUSG00000091649,Downregulated,-8.23,8.23,1.02e-07,protein_coding,14,PHD finger protein 11B
AEC,Inhibitor effect,WSN_PP1 vs WSN,Gm6644,ENSMUSG00000100309,Downregulated,-2.231,2.231,1.05e-07,processed_pseudogene,1,predicted gene 6644
AEC,Inhibitor effect,WSN_PP1 vs WSN,9230112E08Rik,ENSMUSG00000070461,Downregulated,-2.468,2.468,1.08e-07,lncRNA,2,9230112E08 gene
AEC,Inhibitor effect,WSN_PP1 vs WSN,Fgl2,ENSMUSG00000039899,Downregulated,-2.838,2.838,1.08e-07,protein_coding,5,fibrinogen-like protein 2
AEC,Inhibitor effect,WSN_PP1 vs WSN,Gm73431,ENSMUSG00000137911,Downregulated,-6.115,6.115,1.28e-07,lncRNA,7,73431
AEC,Inhibitor effect,WSN_PP1 vs WSN,Gpr84,ENSMUSG00000063234,Downregulated,-3.985,3.985,1.60e-07,protein_coding,15,G protein-coupled receptor 84
AEC,Inhibitor effect,WSN_PP1 vs WSN,Cul9,ENSMUSG00000040327,Downregulated,-2.419,2.419,1.65e-07,protein_coding,17,cullin 9
AEC,Inhibitor effect,WSN_PP1 vs WSN,Map3k8,ENSMUSG00000024235,Downregulated,-2.72,2.72,1.77e-07,protein_coding,18,mitogen-activated protein kinase kinase kinase 8
AEC,Inhibitor effect,WSN_PP1 vs WSN,Gm72293,ENSMUSG00000134102,Downregulated,-8.087,8.087,1.86e-07,lncRNA,5,72293
AEC,Inhibitor effect,WSN_PP1 vs WSN,Map3k1,ENSMUSG00000021754,Downregulated,-3.56,3.56,2.06e-07,protein_coding,13,mitogen-activated protein kinase kinase kinase 1
AEC,Inhibitor effect,WSN_PP1 vs WSN,Neto1,ENSMUSG00000050321,Upregulated,3.801,3.801,2.11e-07,protein_coding,18,neuropilin (NRP) and tolloid (TLL)-like 1
AEC,Inhibitor effect,WSN_PP1 vs WSN,mt-Tc,ENSMUSG00000064349,Downregulated,-8.239,8.239,2.27e-07,Mt_tRNA,MT,mitochondrially encoded tRNA cysteine
AEC,Inhibitor effect,WSN_PP1 vs WSN,Gm20300,ENSMUSG00000111080,Downregulated,-2.314,2.314,2.31e-07,lncRNA,10,20300
AEC,Inhibitor effect,WSN_PP1 vs WSN,1700019L13Rik,ENSMUSG00000111639,Downregulated,-2.643,2.643,2.37e-07,lncRNA,9,1700019L13 gene
AEC,Inhibitor effect,WSN_PP1 vs WSN,Gm11192,ENSMUSG00000086586,Downregulated,-3.143,3.143,2.42e-07,lncRNA,11,predicted gene 11192
AEC,Inhibitor effect,WSN_PP1 vs WSN,Fam43a,ENSMUSG00000046546,Downregulated,-3.834,3.834,2.43e-07,protein_coding,16,"family with sequence similarity 43, member A"
AEC,Inhibitor effect,WSN_PP1 vs WSN,Tpbg,ENSMUSG00000035274,Downregulated,-2.374,2.374,2.45e-07,protein_coding,9,trophoblast glycoprotein
AEC,Inhibitor effect,WSN_PP1 vs WSN,Unc5c,ENSMUSG00000059921,Downregulated,-2.542,2.542,2.67e-07,protein_coding,3,unc-5 netrin receptor C
AEC,Inhibitor effect,WSN_PP1 vs WSN,Gm59601,ENSMUSG00000131009,Downregulated,-2.057,2.057,2.67e-07,lncRNA,19,59601
AEC,Inhibitor effect,WSN_PP1 vs WSN,Ccin,ENSMUSG00000070999,Downregulated,-8.238,8.238,2.79e-07,protein_coding,4,calicin
AEC,Inhibitor effect,WSN_PP1 vs WSN,Gm63800,ENSMUSG00000125029,Downregulated,-2.169,2.169,2.83e-07,lncRNA,8,63800
AEC,Inhibitor effect,WSN_PP1 vs WSN,Tecpr2,ENSMUSG00000021275,Downregulated,-2.042,2.042,3.09e-07,protein_coding,12,tectonin beta-propeller repeat containing 2
AEC,Inhibitor effect,WSN_PP1 vs WSN,Gm26637,ENSMUSG00000139273,Downregulated,-2.633,2.633,3.48e-07,lncRNA,17,26637
AEC,Inhibitor effect,WSN_PP1 vs WSN,Gm16159,ENSMUSG00000086134,Downregulated,-2.812,2.812,3.51e-07,lncRNA,8,predicted gene 16159
AEC,Inhibitor effect,WSN_PP1 vs WSN,Garin4,ENSMUSG00000091017,Downregulated,-8.209,8.209,3.57e-07,protein_coding,1,golgi associated RAB2 interactor family member 4
AEC,Inhibitor effect,WSN_PP1 vs WSN,Ero1b,ENSMUSG00000057069,Downregulated,-2.112,2.112,3.69e-07,protein_coding,13,endoplasmic reticulum oxidoreductase 1 beta
AEC,Inhibitor effect,WSN_PP1 vs WSN,Zfp866,ENSMUSG00000043090,Downregulated,-2.216,2.216,3.82e-07,protein_coding,8,zinc finger protein 866
AEC,Inhibitor effect,WSN_PP1 vs WSN,Gm74730,ENSMUSG00000126242,Downregulated,-3.321,3.321,4.25e-07,lncRNA,2,74730
AEC,Inhibitor effect,WSN_PP1 vs WSN,Stc2,ENSMUSG00000020303,Upregulated,2.106,2.106,4.54e-07,protein_coding,11,stanniocalcin 2
AEC,Inhibitor effect,WSN_PP1 vs WSN,Ciart,ENSMUSG00000038550,Upregulated,3.907,3.907,4.73e-07,protein_coding,3,circadian associated repressor of transcription
AEC,Inhibitor effect,WSN_PP1 vs WSN,Gm65644,ENSMUSG00000136801,Upregulated,2.164,2.164,5.29e-07,lncRNA,3,65644
AEC,Inhibitor effect,WSN_PP1 vs WSN,BC023105,ENSMUSG00000143426,Downregulated,-7.805,7.805,5.79e-07,lncRNA,18,interferon-inducible GTPase-like pseudogene
AEC,Inhibitor effect,WSN_PP1 vs WSN,A330040F15Rik,ENSMUSG00000086213,Downregulated,-3.203,3.203,6.07e-07,protein_coding,19,A330040F15 gene
AEC,Inhibitor effect,WSN_PP1 vs WSN,Egr3,ENSMUSG00000033730,Downregulated,-4.114,4.114,6.83e-07,protein_coding,14,early growth response 3
AEC,Inhibitor effect,WSN_PP1 vs WSN,Tmem95,ENSMUSG00000094845,Downregulated,-4.182,4.182,6.94e-07,protein_coding,11,transmembrane protein 95
AEC,Inhibitor effect,WSN_PP1 vs WSN,Rep15,ENSMUSG00000040121,Downregulated,-3.036,3.036,7.08e-07,protein_coding,6,RAB15 effector protein
AEC,Inhibitor effect,WSN_PP1 vs WSN,Fut4,ENSMUSG00000049307,Downregulated,-3.313,3.313,7.42e-07,protein_coding,9,fucosyltransferase 4
AEC,Inhibitor effect,WSN_PP1 vs WSN,Lpar6,ENSMUSG00000033446,Downregulated,-3.193,3.193,7.67e-07,protein_coding,14,lysophosphatidic acid receptor 6
AEC,Inhibitor effect,WSN_PP1 vs WSN,0610009E02Rik,ENSMUSG00000086714,Downregulated,-3.183,3.183,7.86e-07,lncRNA,2,0610009E02 gene
AEC,Inhibitor effect,WSN_PP1 vs WSN,Alkbh7,ENSMUSG00000002661,Upregulated,2.624,2.624,7.94e-07,protein_coding,17,alkB homolog 7
AEC,Inhibitor effect,WSN_PP1 vs WSN,Gm47167,ENSMUSG00000113907,Downregulated,-2.574,2.574,8.97e-07,lncRNA,12,47167
AEC,Inhibitor effect,WSN_PP1 vs WSN,Mcoln3,ENSMUSG00000036853,Downregulated,-2.597,2.597,9.07e-07,protein_coding,3,mucolipin 3
AEC,Inhibitor effect,WSN_PP1 vs WSN,Gm73519,ENSMUSG00000134016,Downregulated,-2.548,2.548,1.01e-06,lncRNA,11,73519
AEC,Inhibitor effect,WSN_PP1 vs WSN,Gm49179,ENSMUSG00000115718,Downregulated,-2.024,2.024,1.02e-06,lncRNA,14,49179
AEC,Inhibitor effect,WSN_PP1 vs WSN,Hdc,ENSMUSG00000027360,Downregulated,-5.821,5.821,1.07e-06,protein_coding,2,histidine decarboxylase
AEC,Inhibitor effect,WSN_PP1 vs WSN,Adcy9,ENSMUSG00000005580,Downregulated,-2.654,2.654,1.10e-06,protein_coding,16,adenylate cyclase 9
AEC,Inhibitor effect,WSN_PP1 vs WSN,Sowahc,ENSMUSG00000098188,Downregulated,-2.477,2.477,1.11e-06,protein_coding,10,sosondowah ankyrin repeat domain family member C
AEC,Inhibitor effect,WSN_PP1 vs WSN,Mfsd9,ENSMUSG00000041945,Downregulated,-2.168,2.168,1.18e-06,protein_coding,1,major facilitator superfamily domain containing 9
AEC,Inhibitor effect,WSN_PP1 vs WSN,Ptpre,ENSMUSG00000041836,Downregulated,-2.083,2.083,1.25e-06,protein_coding,7,protein tyrosine phosphatase receptor type E
AEC,Inhibitor effect,WSN_PP1 vs WSN,Gm70329,ENSMUSG00000143467,Upregulated,2.532,2.532,1.31e-06,lncRNA,4,70329
AEC,Inhibitor effect,WSN_PP1 vs WSN,Gm73872,ENSMUSG00000136942,Downregulated,-2.818,2.818,1.40e-06,lncRNA,11,73872
AEC,Inhibitor effect,WSN_PP1 vs WSN,Rhov,ENSMUSG00000034226,Upregulated,6.672,6.672,1.44e-06,protein_coding,2,ras homolog family member V
AEC,Inhibitor effect,WSN_PP1 vs WSN,Slfn8,ENSMUSG00000035208,Downregulated,-7.899,7.899,1.50e-06,protein_coding,11,schlafen 8
AEC,Inhibitor effect,WSN_PP1 vs WSN,Tet2,ENSMUSG00000040943,Downregulated,-2.409,2.409,1.53e-06,protein_coding,3,tet methylcytosine dioxygenase 2
AEC,Inhibitor effect,WSN_PP1 vs WSN,Gm46728,ENSMUSG00000133000,Downregulated,-2.108,2.108,1.55e-06,lncRNA,2,46728
AEC,Inhibitor effect,WSN_PP1 vs WSN,Gm70339,ENSMUSG00000143584,Downregulated,-2.971,2.971,1.70e-06,lncRNA,4,70339
AEC,Inhibitor effect,WSN_PP1 vs WSN,Gm71317,ENSMUSG00000123490,Downregulated,-2.13,2.13,1.79e-06,lncRNA,5,71317
AEC,Inhibitor effect,WSN_PP1 vs WSN,Tenm4,ENSMUSG00000048078,Downregulated,-2.742,2.742,1.89e-06,protein_coding,7,teneurin transmembrane protein 4
AEC,Inhibitor effect,WSN_PP1 vs WSN,Gm60893,ENSMUSG00000138247,Downregulated,-7.5,7.5,1.93e-06,lncRNA,16,60893
AEC,Inhibitor effect,WSN_PP1 vs WSN,Notch4,ENSMUSG00000015468,Downregulated,-3.276,3.276,2.10e-06,protein_coding,17,notch 4
AEC,Inhibitor effect,WSN_PP1 vs WSN,Tbx1,ENSMUSG00000009097,Upregulated,2.864,2.864,2.11e-06,protein_coding,16,T-box 1
AEC,Inhibitor effect,WSN_PP1 vs WSN,Phf11a,ENSMUSG00000044703,Downregulated,-7.796,7.796,2.13e-06,protein_coding,14,PHD finger protein 11A
AEC,Inhibitor effect,WSN_PP1 vs WSN,Gm64412,ENSMUSG00000123616,Downregulated,-7.764,7.764,2.26e-06,lncRNA,3,64412
AEC,Inhibitor effect,WSN_PP1 vs WSN,Gm66899,ENSMUSG00000132045,Downregulated,-2.913,2.913,2.32e-06,lncRNA,10,66899
AEC,Inhibitor effect,WSN_PP1 vs WSN,Fam83b,ENSMUSG00000032358,Upregulated,3.645,3.645,2.83e-06,protein_coding,9,"family with sequence similarity 83, member B"
AEC,Inhibitor effect,WSN_PP1 vs WSN,Nr2f1,ENSMUSG00000069171,Downregulated,-2.631,2.631,2.86e-06,protein_coding,13,"nuclear receptor subfamily 2, group F, member 1"
AEC,Inhibitor effect,WSN_PP1 vs WSN,Tmppe,ENSMUSG00000079260,Downregulated,-2.842,2.842,2.89e-06,protein_coding,9,transmembrane protein with metallophosphoesterase domain
AEC,Inhibitor effect,WSN_PP1 vs WSN,Gm65021,ENSMUSG00000128887,Downregulated,-2.01,2.01,3.03e-06,lncRNA,17,65021
AEC,Inhibitor effect,WSN_PP1 vs WSN,Depp1,ENSMUSG00000048489,Upregulated,6.438,6.438,3.11e-06,protein_coding,6,DEPP1 autophagy regulator
AEC,Inhibitor effect,WSN_PP1 vs WSN,Pou3f1,ENSMUSG00000090125,Downregulated,-5.584,5.584,3.39e-06,protein_coding,4,"POU domain, class 3, transcription factor 1"
AEC,Inhibitor effect,WSN_PP1 vs WSN,Col22a1,ENSMUSG00000079022,Downregulated,-2.48,2.48,3.54e-06,protein_coding,15,"collagen, type XXII, alpha 1"
AEC,Inhibitor effect,WSN_PP1 vs WSN,Gbp2b,ENSMUSG00000040264,Downregulated,-7.63,7.63,3.88e-06,protein_coding,3,guanylate binding protein 2b
AEC,Inhibitor effect,WSN_PP1 vs WSN,Tnfsf10,ENSMUSG00000039304,Downregulated,-7.301,7.301,4.01e-06,protein_coding,3,"tumor necrosis factor (ligand) superfamily, member 10"
AEC,Inhibitor effect,WSN_PP1 vs WSN,Pla2g4c,ENSMUSG00000033847,Downregulated,-7.614,7.614,4.05e-06,protein_coding,7,"phospholipase A2, group IVC (cytosolic, calcium-independent)"
AEC,Inhibitor effect,WSN_PP1 vs WSN,Gm53387,ENSMUSG00000137725,Downregulated,-3.989,3.989,4.71e-06,lncRNA,7,53387
AEC,Inhibitor effect,WSN_PP1 vs WSN,Lrrc8dos,ENSMUSG00000084878,Upregulated,2.366,2.366,4.72e-06,lncRNA,5,"leucine rich repeat containing 8D, opposite strand"
AEC,Inhibitor effect,WSN_PP1 vs WSN,Ifi208,ENSMUSG00000066677,Downregulated,-7.586,7.586,4.76e-06,protein_coding,1,interferon activated gene 208
AEC,Inhibitor effect,WSN_PP1 vs WSN,Zfp788,ENSMUSG00000074165,Upregulated,2.347,2.347,4.84e-06,protein_coding,7,zinc finger protein 788
AEC,Inhibitor effect,WSN_PP1 vs WSN,Zxdb,ENSMUSG00000073062,Downregulated,-2.63,2.63,5.14e-06,protein_coding,X,"zinc finger, X-linked, duplicated B"
AEC,Inhibitor effect,WSN_PP1 vs WSN,G2e3,ENSMUSG00000035293,Downregulated,-2.13,2.13,5.14e-06,protein_coding,12,G2/M-phase specific E3 ubiquitin ligase
AEC,Inhibitor effect,WSN_PP1 vs WSN,Arhgap39,ENSMUSG00000033697,Downregulated,-2.107,2.107,5.39e-06,protein_coding,15,Rho GTPase activating protein 39
AEC,Inhibitor effect,WSN_PP1 vs WSN,Trim34b,ENSMUSG00000090215,Downregulated,-3.483,3.483,5.78e-06,protein_coding,7,tripartite motif-containing 34B
AEC,Inhibitor effect,WSN_PP1 vs WSN,Fam237b,ENSMUSG00000073234,Downregulated,-3.4,3.4,6.24e-06,protein_coding,5,"family with sequence similarity 237, member B"
AEC,Inhibitor effect,WSN_PP1 vs WSN,Gm57304,ENSMUSG00000121013,Downregulated,-7.549,7.549,6.24e-06,lncRNA,5,57304
AEC,Inhibitor effect,WSN_PP1 vs WSN,Itpripl1,ENSMUSG00000074825,Downregulated,-2.08,2.08,6.41e-06,protein_coding,2,"inositol 1,4,5-triphosphate receptor interacting protein-like 1"
AEC,Inhibitor effect,WSN_PP1 vs WSN,Plag1,ENSMUSG00000003282,Downregulated,-3.277,3.277,6.45e-06,protein_coding,4,pleiomorphic adenoma gene 1
AEC,Inhibitor effect,WSN_PP1 vs WSN,Colec11,ENSMUSG00000036655,Downregulated,-2.321,2.321,6.99e-06,protein_coding,12,collectin sub-family member 11
AEC,Inhibitor effect,WSN_PP1 vs WSN,Gm44067,ENSMUSG00000108095,Downregulated,-7.481,7.481,7.39e-06,lncRNA,6,44067
AEC,Inhibitor effect,WSN_PP1 vs WSN,Gm13201,ENSMUSG00000078494,Downregulated,-3.275,3.275,8.68e-06,lncRNA,4,predicted gene 13201
AEC,Inhibitor effect,WSN_PP1 vs WSN,Prrg1,ENSMUSG00000047996,Downregulated,-2.02,2.02,8.68e-06,protein_coding,X,proline rich Gla (G-carboxyglutamic acid) 1
AEC,Inhibitor effect,WSN_PP1 vs WSN,Zbtb40,ENSMUSG00000060862,Downregulated,-2.236,2.236,8.77e-06,protein_coding,4,zinc finger and BTB domain containing 40
AEC,Inhibitor effect,WSN_PP1 vs WSN,Snhg16,ENSMUSG00000020812,Upregulated,2.316,2.316,8.98e-06,lncRNA,11,small nucleolar RNA host gene 16
AEC,Inhibitor effect,WSN_PP1 vs WSN,D430036J16Rik,ENSMUSG00000097466,Downregulated,-2.598,2.598,9.96e-06,lncRNA,9,D430036J16 gene
AEC,Inhibitor effect,WSN_PP1 vs WSN,Ccr1,ENSMUSG00000025804,Downregulated,-2.466,2.466,1.13e-05,protein_coding,9,C-C motif chemokine receptor 1
AEC,Inhibitor effect,WSN_PP1 vs WSN,S1pr1,ENSMUSG00000045092,Downregulated,-2.081,2.081,1.16e-05,protein_coding,3,sphingosine-1-phosphate receptor 1
AEC,Inhibitor effect,WSN_PP1 vs WSN,Gm75143,ENSMUSG00000133097,Downregulated,-2.429,2.429,1.25e-05,lncRNA,2,75143
AEC,Inhibitor effect,WSN_PP1 vs WSN,Adcy1,ENSMUSG00000020431,Downregulated,-2.56,2.56,1.26e-05,protein_coding,11,adenylate cyclase 1
AEC,Inhibitor effect,WSN_PP1 vs WSN,Gm41442,ENSMUSG00000116946,Downregulated,-3.229,3.229,1.27e-05,lncRNA,16,41442
AEC,Inhibitor effect,WSN_PP1 vs WSN,Tnfsf8,ENSMUSG00000028362,Downregulated,-7.282,7.282,1.30e-05,protein_coding,4,"tumor necrosis factor (ligand) superfamily, member 8"
AEC,Inhibitor effect,WSN_PP1 vs WSN,Fgf7,ENSMUSG00000027208,Downregulated,-2.149,2.149,1.31e-05,protein_coding,2,fibroblast growth factor 7
AEC,Inhibitor effect,WSN_PP1 vs WSN,Gm14403,ENSMUSG00000094786,Upregulated,3.316,3.316,1.32e-05,protein_coding,2,predicted gene 14403
AEC,Inhibitor effect,WSN_PP1 vs WSN,Gm75058,ENSMUSG00000131779,Downregulated,-3.155,3.155,1.35e-05,lncRNA,2,75058
AEC,Inhibitor effect,WSN_PP1 vs WSN,Brca2,ENSMUSG00000041147,Upregulated,2.83,2.83,1.45e-05,protein_coding,5,"breast cancer 2, early onset"
AEC,Inhibitor effect,WSN_PP1 vs WSN,A830082K12Rik,ENSMUSG00000087143,Downregulated,-2.126,2.126,1.53e-05,lncRNA,13,A830082K12 gene
AEC,Inhibitor effect,WSN_PP1 vs WSN,Trim14,ENSMUSG00000039853,Downregulated,-4.606,4.606,1.59e-05,protein_coding,4,tripartite motif-containing 14
AEC,Inhibitor effect,WSN_PP1 vs WSN,Lgr5,ENSMUSG00000020140,Upregulated,2.263,2.263,1.83e-05,protein_coding,10,leucine rich repeat containing G protein coupled receptor 5
AEC,Inhibitor effect,WSN_PP1 vs WSN,Bmp2,ENSMUSG00000027358,Downregulated,-2.425,2.425,1.83e-05,protein_coding,2,bone morphogenetic protein 2
AEC,Inhibitor effect,WSN_PP1 vs WSN,Ccl20,ENSMUSG00000026166,Downregulated,-2.585,2.585,1.89e-05,protein_coding,1,C-C motif chemokine ligand 20
AEC,Inhibitor effect,WSN_PP1 vs WSN,Sertad3,ENSMUSG00000055200,Downregulated,-2.224,2.224,1.95e-05,protein_coding,7,SERTA domain containing 3
AEC,Inhibitor effect,WSN_PP1 vs WSN,Gm62556,ENSMUSG00000127018,Downregulated,-2.188,2.188,1.95e-05,lncRNA,14,62556
AEC,Inhibitor effect,WSN_PP1 vs WSN,Gm38317,ENSMUSG00000103735,Downregulated,-2.185,2.185,1.97e-05,processed_pseudogene,3,38317
AEC,Inhibitor effect,WSN_PP1 vs WSN,Trpt1,ENSMUSG00000047656,Upregulated,2.344,2.344,2.08e-05,protein_coding,19,tRNA phosphotransferase 1
AEC,Inhibitor effect,WSN_PP1 vs WSN,Gm73368,ENSMUSG00000142087,Downregulated,-7.225,7.225,2.09e-05,lncRNA,5,73368
AEC,Inhibitor effect,WSN_PP1 vs WSN,Cep85l,ENSMUSG00000038594,Downregulated,-2.181,2.181,2.14e-05,protein_coding,10,centrosomal protein 85-like
AEC,Inhibitor effect,WSN_PP1 vs WSN,Gm42829,ENSMUSG00000105895,Downregulated,-3.275,3.275,2.29e-05,lncRNA,5,predicted gene 42829
AEC,Inhibitor effect,WSN_PP1 vs WSN,Ifnlr1,ENSMUSG00000062157,Downregulated,-2.472,2.472,2.39e-05,protein_coding,4,interferon lambda receptor 1
AEC,Inhibitor effect,WSN_PP1 vs WSN,1700006J14Rik,ENSMUSG00000034764,Downregulated,-3.07,3.07,2.52e-05,lncRNA,10,1700006J14 gene
AEC,Inhibitor effect,WSN_PP1 vs WSN,Pax5,ENSMUSG00000014030,Downregulated,-6.809,6.809,2.61e-05,protein_coding,4,paired box 5
AEC,Inhibitor effect,WSN_PP1 vs WSN,Gm42725,ENSMUSG00000105601,Downregulated,-7.184,7.184,2.81e-05,TEC,5,predicted gene 42725
AEC,Inhibitor effect,WSN_PP1 vs WSN,Gm26616,ENSMUSG00000102425,Downregulated,-2.245,2.245,3.00e-05,TEC,1,26616
AEC,Inhibitor effect,WSN_PP1 vs WSN,Gm57309,ENSMUSG00000121070,Downregulated,-5.227,5.227,3.00e-05,lncRNA,5,57309
AEC,Inhibitor effect,WSN_PP1 vs WSN,Gm68105,ENSMUSG00000144172,Downregulated,-7.158,7.158,3.09e-05,lncRNA,10,68105
AEC,Inhibitor effect,WSN_PP1 vs WSN,Trim69,ENSMUSG00000033368,Downregulated,-5.189,5.189,3.09e-05,protein_coding,2,tripartite motif-containing 69
AEC,Inhibitor effect,WSN_PP1 vs WSN,Gm9975,ENSMUSG00000120594,Downregulated,-3.997,3.997,3.13e-05,lncRNA,11,predicted gene 9975
AEC,Inhibitor effect,WSN_PP1 vs WSN,Gm56970,ENSMUSG00000120638,Downregulated,-3.228,3.228,3.13e-05,lncRNA,10,56970
AEC,Inhibitor effect,WSN_PP1 vs WSN,Lratd1,ENSMUSG00000020607,Downregulated,-3.809,3.809,3.14e-05,protein_coding,12,LRAT domain containing 1
AEC,Inhibitor effect,WSN_PP1 vs WSN,Gm57169,ENSMUSG00000121044,Downregulated,-2.677,2.677,3.15e-05,lncRNA,1,57169
AEC,Inhibitor effect,WSN_PP1 vs WSN,Hsh2d,ENSMUSG00000062007,Downregulated,-7.093,7.093,3.17e-05,protein_coding,8,hematopoietic SH2 domain containing
AEC,Inhibitor effect,WSN_PP1 vs WSN,Gbp10,ENSMUSG00000105096,Downregulated,-7.118,7.118,3.35e-05,protein_coding,5,guanylate-binding protein 10
AEC,Inhibitor effect,WSN_PP1 vs WSN,2310001H17Rik,ENSMUSG00000097354,Downregulated,-3.25,3.25,3.36e-05,lncRNA,6,2310001H17 gene
AEC,Inhibitor effect,WSN_PP1 vs WSN,Gm66719,ENSMUSG00000126238,Downregulated,-7.116,7.116,3.36e-05,lncRNA,6,66719
AEC,Inhibitor effect,WSN_PP1 vs WSN,Gm64304,ENSMUSG00000122202,Downregulated,-2.168,2.168,3.62e-05,lncRNA,3,64304
AEC,Inhibitor effect,WSN_PP1 vs WSN,Bmp6,ENSMUSG00000039004,Downregulated,-2.217,2.217,3.96e-05,protein_coding,13,bone morphogenetic protein 6
AEC,Inhibitor effect,WSN_PP1 vs WSN,1700016F12Rik,ENSMUSG00000104955,Downregulated,-7.089,7.089,3.98e-05,lncRNA,5,1700016F12 gene
AEC,Inhibitor effect,WSN_PP1 vs WSN,Filip1,ENSMUSG00000034898,Upregulated,2.799,2.799,3.99e-05,protein_coding,9,filamin A interacting protein 1
AEC,Inhibitor effect,WSN_PP1 vs WSN,Zfp184,ENSMUSG00000006720,Upregulated,2.353,2.353,4.02e-05,protein_coding,13,zinc finger protein 184 (Kruppel-like)
AEC,Inhibitor effect,WSN_PP1 vs WSN,Ccdc194,ENSMUSG00000108900,Downregulated,-7.082,7.082,4.04e-05,protein_coding,8,coiled-coil domain containing 194
AEC,Inhibitor effect,WSN_PP1 vs WSN,Thsd1,ENSMUSG00000031480,Downregulated,-2.304,2.304,4.17e-05,protein_coding,8,"thrombospondin, type I, domain 1"
AEC,Inhibitor effect,WSN_PP1 vs WSN,Gm73173,ENSMUSG00000140346,Downregulated,-2.182,2.182,4.18e-05,lncRNA,5,73173
AEC,Inhibitor effect,WSN_PP1 vs WSN,Inpp4a,ENSMUSG00000026113,Downregulated,-2.056,2.056,4.19e-05,protein_coding,1,"inositol polyphosphate-4-phosphatase, type I"
AEC,Inhibitor effect,WSN_PP1 vs WSN,mt-Te,ENSMUSG00000064369,Downregulated,-6.815,6.815,4.31e-05,Mt_tRNA,MT,mitochondrially encoded tRNA glutamic acid
AEC,Inhibitor effect,WSN_PP1 vs WSN,Gvin-ps7,ENSMUSG00000063286,Downregulated,-7.073,7.073,4.33e-05,transcribed_unprocessed_pseudogene,7,"GTPase, very large interferon inducible, pseudogene 7"
AEC,Inhibitor effect,WSN_PP1 vs WSN,Cdk5r1,ENSMUSG00000048895,Downregulated,-3.916,3.916,4.38e-05,protein_coding,11,"cyclin dependent kinase 5, regulatory subunit 1"
AEC,Inhibitor effect,WSN_PP1 vs WSN,1500015A07Rik,ENSMUSG00000098702,Downregulated,-2.492,2.492,4.60e-05,lncRNA,18,1500015A07 gene
AEC,Inhibitor effect,WSN_PP1 vs WSN,Gm56545,ENSMUSG00000120949,Downregulated,-2.288,2.288,4.62e-05,lncRNA,12,56545
AEC,Inhibitor effect,WSN_PP1 vs WSN,Gm7292,ENSMUSG00000104222,Downregulated,-2.093,2.093,4.75e-05,lncRNA,6,predicted gene 7292
AEC,Inhibitor effect,WSN_PP1 vs WSN,Gm28289,ENSMUSG00000101014,Downregulated,-3.971,3.971,4.85e-05,lncRNA,10,predicted gene 28289
AEC,Inhibitor effect,WSN_PP1 vs WSN,H2-T24,ENSMUSG00000053835,Downregulated,-4.441,4.441,5.08e-05,protein_coding,17,"histocompatibility 2, T region locus 24"
AEC,Inhibitor effect,WSN_PP1 vs WSN,Gm37915,ENSMUSG00000103270,Downregulated,-2.213,2.213,5.08e-05,lncRNA,1,37915
AEC,Inhibitor effect,WSN_PP1 vs WSN,Gm29838,ENSMUSG00000126927,Downregulated,-2.388,2.388,5.39e-05,lncRNA,4,29838
AEC,Inhibitor effect,WSN_PP1 vs WSN,Cacna1h,ENSMUSG00000024112,Downregulated,-3.22,3.22,5.66e-05,protein_coding,17,"calcium channel, voltage-dependent, T type, alpha 1H subunit"
AEC,Inhibitor effect,WSN_PP1 vs WSN,Zscan2,ENSMUSG00000038797,Upregulated,2.314,2.314,5.68e-05,protein_coding,7,zinc finger and SCAN domain containing 2
AEC,Inhibitor effect,WSN_PP1 vs WSN,AA474408,ENSMUSG00000073867,Downregulated,-3.023,3.023,6.07e-05,TEC,7,expressed sequence AA474408
AEC,Inhibitor effect,WSN_PP1 vs WSN,Celsr2,ENSMUSG00000068740,Downregulated,-2.298,2.298,6.15e-05,protein_coding,3,"cadherin, EGF LAG seven-pass G-type receptor 2"
AEC,Inhibitor effect,WSN_PP1 vs WSN,Gbp8,ENSMUSG00000034438,Downregulated,-3.262,3.262,6.28e-05,protein_coding,5,guanylate-binding protein 8
AEC,Inhibitor effect,WSN_PP1 vs WSN,Rrad,ENSMUSG00000031880,Downregulated,-2.45,2.45,7.00e-05,protein_coding,8,Ras-related associated with diabetes
AEC,Inhibitor effect,WSN_PP1 vs WSN,Gm56860,ENSMUSG00000121084,Downregulated,-2.101,2.101,7.00e-05,lncRNA,8,56860
AEC,Inhibitor effect,WSN_PP1 vs WSN,Iqgap2,ENSMUSG00000021676,Downregulated,-2.249,2.249,7.08e-05,protein_coding,13,IQ motif containing GTPase activating protein 2
AEC,Inhibitor effect,WSN_PP1 vs WSN,Abi3bp,ENSMUSG00000035258,Downregulated,-3.635,3.635,7.38e-05,protein_coding,16,ABI family member 3 binding protein
AEC,Inhibitor effect,WSN_PP1 vs WSN,Mir155hg,ENSMUSG00000097418,Downregulated,-6.52,6.52,7.39e-05,lncRNA,16,Mir155 host gene (non-protein coding)
AEC,Inhibitor effect,WSN_PP1 vs WSN,Ifit1bl2,ENSMUSG00000067297,Downregulated,-4.981,4.981,7.66e-05,protein_coding,19,interferon induced protein with tetratricopeptide repeats 1B like 2
AEC,Inhibitor effect,WSN_PP1 vs WSN,Cfp,ENSMUSG00000001128,Downregulated,-3.096,3.096,7.69e-05,protein_coding,X,complement factor properdin
AEC,Inhibitor effect,WSN_PP1 vs WSN,Trim30c,ENSMUSG00000078616,Downregulated,-6.484,6.484,7.99e-05,protein_coding,7,tripartite motif-containing 30C
AEC,Inhibitor effect,WSN_PP1 vs WSN,Gdpgp1,ENSMUSG00000050973,Downregulated,-2.424,2.424,8.01e-05,protein_coding,7,GDP-D-glucose phosphorylase 1
AEC,Inhibitor effect,WSN_PP1 vs WSN,Gm10390,ENSMUSG00000097368,Downregulated,-2.679,2.679,8.41e-05,lncRNA,5,predicted gene 10390
AEC,Inhibitor effect,WSN_PP1 vs WSN,Acod1,ENSMUSG00000022126,Downregulated,-3.907,3.907,9.53e-05,protein_coding,14,aconitate decarboxylase 1
AEC,Inhibitor effect,WSN_PP1 vs WSN,Heatr9,ENSMUSG00000018925,Downregulated,-6.855,6.855,1.01e-04,protein_coding,11,HEAT repeat containing 9
AEC,Inhibitor effect,WSN_PP1 vs WSN,Gm72022,ENSMUSG00000126048,Downregulated,-2.323,2.323,1.03e-04,lncRNA,7,72022
AEC,Inhibitor effect,WSN_PP1 vs WSN,H2-Q5,ENSMUSG00000055413,Downregulated,-4.953,4.953,1.04e-04,protein_coding,17,"histocompatibility 2, Q region locus 5"
AEC,Inhibitor effect,WSN_PP1 vs WSN,Tnfsf4,ENSMUSG00000026700,Downregulated,-3.856,3.856,1.05e-04,protein_coding,1,"tumor necrosis factor (ligand) superfamily, member 4"
AEC,Inhibitor effect,WSN_PP1 vs WSN,Mb,ENSMUSG00000018893,Downregulated,-3.249,3.249,1.08e-04,protein_coding,15,myoglobin
AEC,Inhibitor effect,WSN_PP1 vs WSN,Gp5,ENSMUSG00000047953,Downregulated,-6.81,6.81,1.09e-04,protein_coding,16,glycoprotein 5 platelet
AEC,Inhibitor effect,WSN_PP1 vs WSN,Calhm5,ENSMUSG00000049872,Upregulated,2.519,2.519,1.09e-04,protein_coding,10,calcium homeostasis modulator family member 5
AEC,Inhibitor effect,WSN_PP1 vs WSN,Zcchc3,ENSMUSG00000074682,Downregulated,-3.224,3.224,1.10e-04,protein_coding,2,"zinc finger, CCHC domain containing 3"
AEC,Inhibitor effect,WSN_PP1 vs WSN,Gm15728,ENSMUSG00000086075,Downregulated,-4.289,4.289,1.11e-04,lncRNA,5,predicted gene 15728
AEC,Inhibitor effect,WSN_PP1 vs WSN,Gm2366,ENSMUSG00000097491,Downregulated,-2.075,2.075,1.19e-04,lncRNA,8,predicted gene 2366
AEC,Inhibitor effect,WSN_PP1 vs WSN,Gm10642,ENSMUSG00000074213,Downregulated,-3.358,3.358,1.19e-04,lncRNA,9,predicted gene 10642
AEC,Inhibitor effect,WSN_PP1 vs WSN,mt-Ta,ENSMUSG00000064347,Downregulated,-6.662,6.662,1.25e-04,Mt_tRNA,MT,mitochondrially encoded tRNA alanine
AEC,Inhibitor effect,WSN_PP1 vs WSN,Gm9768,ENSMUSG00000108391,Downregulated,-2.346,2.346,1.38e-04,TEC,4,predicted gene 9768
AEC,Inhibitor effect,WSN_PP1 vs WSN,Ppp1r26,ENSMUSG00000035829,Downregulated,-2.322,2.322,1.38e-04,protein_coding,2,"protein phosphatase 1, regulatory subunit 26"
AEC,Inhibitor effect,WSN_PP1 vs WSN,Gm74281,ENSMUSG00000141112,Downregulated,-6.708,6.708,1.58e-04,lncRNA,11,74281
AEC,Inhibitor effect,WSN_PP1 vs WSN,Gm52860,ENSMUSG00000134251,Downregulated,-2.434,2.434,1.58e-04,lncRNA,6,52860
AEC,Inhibitor effect,WSN_PP1 vs WSN,Rbpjl,ENSMUSG00000017007,Downregulated,-3.701,3.701,1.60e-04,protein_coding,2,recombination signal binding protein for immunoglobulin kappa J region-like
AEC,Inhibitor effect,WSN_PP1 vs WSN,Ifi214,ENSMUSG00000070501,Downregulated,-6.711,6.711,1.62e-04,protein_coding,1,interferon activated gene 214
AEC,Inhibitor effect,WSN_PP1 vs WSN,Phgr1,ENSMUSG00000046804,Downregulated,-2.445,2.445,1.62e-04,protein_coding,2,proline/histidine/glycine-rich 1
AEC,Inhibitor effect,WSN_PP1 vs WSN,Gm10827,ENSMUSG00000096977,Downregulated,-6.757,6.757,1.62e-04,lncRNA,10,predicted gene 10827
AEC,Inhibitor effect,WSN_PP1 vs WSN,Kdf1,ENSMUSG00000037600,Upregulated,2.014,2.014,1.63e-04,protein_coding,4,keratinocyte differentiation factor 1
AEC,Inhibitor effect,WSN_PP1 vs WSN,Gm67770,ENSMUSG00000141325,Downregulated,-3.008,3.008,1.66e-04,lncRNA,10,67770
AEC,Inhibitor effect,WSN_PP1 vs WSN,Gm59028,ENSMUSG00000127096,Downregulated,-4.782,4.782,1.67e-04,lncRNA,19,59028
AEC,Inhibitor effect,WSN_PP1 vs WSN,Gm12186,ENSMUSG00000084153,Downregulated,-2.586,2.586,1.70e-04,processed_pseudogene,11,predicted gene 12186
AEC,Inhibitor effect,WSN_PP1 vs WSN,Gm20548,ENSMUSG00000092354,Downregulated,-3.298,3.298,1.72e-04,lncRNA,5,predicted gene 20548
AEC,Inhibitor effect,WSN_PP1 vs WSN,4732496C06Rik,ENSMUSG00000108456,Downregulated,-3.193,3.193,1.79e-04,lncRNA,7,4732496C06 gene
AEC,Inhibitor effect,WSN_PP1 vs WSN,mt-Ty,ENSMUSG00000064350,Downregulated,-3.749,3.749,1.79e-04,Mt_tRNA,MT,mitochondrially encoded tRNA tyrosine
AEC,Inhibitor effect,WSN_PP1 vs WSN,Nr6a1,ENSMUSG00000063972,Downregulated,-2.816,2.816,1.81e-04,protein_coding,2,"nuclear receptor subfamily 6, group A, member 1"
AEC,Inhibitor effect,WSN_PP1 vs WSN,Arhgap30,ENSMUSG00000048865,Downregulated,-6.666,6.666,1.87e-04,protein_coding,1,Rho GTPase activating protein 30
AEC,Inhibitor effect,WSN_PP1 vs WSN,Gm27204,ENSMUSG00000098294,Downregulated,-6.669,6.669,1.88e-04,lncRNA,9,predicted gene 27204
AEC,Inhibitor effect,WSN_PP1 vs WSN,9330175E14Rik,ENSMUSG00000097194,Downregulated,-6.254,6.254,1.91e-04,lncRNA,8,9330175E14 gene
AEC,Inhibitor effect,WSN_PP1 vs WSN,Gm56234,ENSMUSG00002075951,Upregulated,2.1,2.1,2.00e-04,miRNA,5,56234
AEC,Inhibitor effect,WSN_PP1 vs WSN,Nlgn1,ENSMUSG00000063887,Downregulated,-3.786,3.786,2.00e-04,protein_coding,3,neuroligin 1
AEC,Inhibitor effect,WSN_PP1 vs WSN,Gm67819,ENSMUSG00000124616,Downregulated,-6.631,6.631,2.09e-04,lncRNA,9,67819
AEC,Inhibitor effect,WSN_PP1 vs WSN,Phyhip,ENSMUSG00000003469,Upregulated,3.155,3.155,2.11e-04,protein_coding,14,phytanoyl-CoA hydroxylase interacting protein
AEC,Inhibitor effect,WSN_PP1 vs WSN,Gm43909,ENSMUSG00000108126,Upregulated,2.028,2.028,2.13e-04,TEC,6,43909
AEC,Inhibitor effect,WSN_PP1 vs WSN,Itpr3os,ENSMUSG00000086898,Downregulated,-2.365,2.365,2.23e-04,lncRNA,17,"inositol 1,4,5-triphosphate receptor 3, opposite strand"
AEC,Inhibitor effect,WSN_PP1 vs WSN,Gm14471,ENSMUSG00000084892,Downregulated,-2.318,2.318,2.25e-04,lncRNA,2,predicted gene 14471
AEC,Inhibitor effect,WSN_PP1 vs WSN,Stard9,ENSMUSG00000033705,Downregulated,-2.282,2.282,2.42e-04,protein_coding,2,StAR related lipid transfer domain containing 9
AEC,Inhibitor effect,WSN_PP1 vs WSN,Icam4,ENSMUSG00000001014,Downregulated,-2.264,2.264,2.53e-04,protein_coding,9,"intercellular adhesion molecule 4, Landsteiner-Wiener blood group"
AEC,Inhibitor effect,WSN_PP1 vs WSN,Gm47439,ENSMUSG00000112860,Downregulated,-2.665,2.665,2.57e-04,lncRNA,12,47439
AEC,Inhibitor effect,WSN_PP1 vs WSN,Ppp1r3b,ENSMUSG00000046794,Downregulated,-2.079,2.079,2.65e-04,protein_coding,8,"protein phosphatase 1, regulatory subunit 3B"
AEC,Inhibitor effect,WSN_PP1 vs WSN,Gm26592,ENSMUSG00000097535,Downregulated,-4.14,4.14,2.66e-04,lncRNA,9,26592
AEC,Inhibitor effect,WSN_PP1 vs WSN,Ppp1r3c,ENSMUSG00000067279,Upregulated,6.051,6.051,2.79e-04,protein_coding,19,"protein phosphatase 1, regulatory subunit 3C"
AEC,Inhibitor effect,WSN_PP1 vs WSN,Amigo3,ENSMUSG00000032593,Downregulated,-2.397,2.397,2.93e-04,protein_coding,9,adhesion molecule with Ig like domain 3
AEC,Inhibitor effect,WSN_PP1 vs WSN,Kcnb1,ENSMUSG00000050556,Downregulated,-2.715,2.715,2.93e-04,protein_coding,2,"potassium voltage gated channel, Shab-related subfamily, member 1"
AEC,Inhibitor effect,WSN_PP1 vs WSN,Gcg,ENSMUSG00000000394,Downregulated,-6.556,6.556,2.95e-04,protein_coding,2,glucagon
AEC,Inhibitor effect,WSN_PP1 vs WSN,Gm73272,ENSMUSG00000132411,Downregulated,-2.309,2.309,3.34e-04,lncRNA,11,73272
AEC,Inhibitor effect,WSN_PP1 vs WSN,Shld1,ENSMUSG00000044991,Upregulated,2.085,2.085,3.42e-04,protein_coding,2,shieldin complex subunit 1
AEC,Inhibitor effect,WSN_PP1 vs WSN,Dock2,ENSMUSG00000020143,Downregulated,-6.541,6.541,3.43e-04,protein_coding,11,dedicator of cyto-kinesis 2
AEC,Inhibitor effect,WSN_PP1 vs WSN,Gm43814,ENSMUSG00000104654,Downregulated,-6.501,6.501,3.47e-04,TEC,9,predicted gene 43814
AEC,Inhibitor effect,WSN_PP1 vs WSN,Bbs12,ENSMUSG00000051444,Downregulated,-3.063,3.063,3.49e-04,protein_coding,3,Bardet-Biedl syndrome 12
AEC,Inhibitor effect,WSN_PP1 vs WSN,Tslp,ENSMUSG00000024379,Downregulated,-3.762,3.762,3.49e-04,protein_coding,18,thymic stromal lymphopoietin
AEC,Inhibitor effect,WSN_PP1 vs WSN,Cavin4,ENSMUSG00000028348,Downregulated,-3.359,3.359,3.52e-04,protein_coding,4,caveolae associated 4
AEC,Inhibitor effect,WSN_PP1 vs WSN,4732419C18Rik,ENSMUSG00000097203,Downregulated,-6.494,6.494,3.62e-04,lncRNA,8,4732419C18 gene
AEC,Inhibitor effect,WSN_PP1 vs WSN,B930036N10Rik,ENSMUSG00000091993,Downregulated,-2.75,2.75,3.95e-04,lncRNA,1,B930036N10 gene
AEC,Inhibitor effect,WSN_PP1 vs WSN,Grhl3,ENSMUSG00000037188,Downregulated,-2.98,2.98,4.01e-04,protein_coding,4,grainyhead like transcription factor 3
AEC,Inhibitor effect,WSN_PP1 vs WSN,Gm56857,ENSMUSG00000120635,Upregulated,3.828,3.828,4.08e-04,lncRNA,8,56857
AEC,Inhibitor effect,WSN_PP1 vs WSN,Gm71939,ENSMUSG00000131889,Downregulated,-2.448,2.448,4.22e-04,lncRNA,5,71939
AEC,Inhibitor effect,WSN_PP1 vs WSN,Gm71101,ENSMUSG00000142041,Downregulated,-2.359,2.359,4.49e-04,lncRNA,1,71101
AEC,Inhibitor effect,WSN_PP1 vs WSN,Gm33023,ENSMUSG00000110652,Downregulated,-2.955,2.955,4.54e-04,lncRNA,8,33023
AEC,Inhibitor effect,WSN_PP1 vs WSN,Gm11670,ENSMUSG00000086268,Downregulated,-4.592,4.592,4.67e-04,lncRNA,11,predicted gene 11670
AEC,Inhibitor effect,WSN_PP1 vs WSN,Lrp3,ENSMUSG00000001802,Downregulated,-3.013,3.013,4.73e-04,protein_coding,7,low density lipoprotein receptor-related protein 3
AEC,Inhibitor effect,WSN_PP1 vs WSN,Taar1,ENSMUSG00000056379,Downregulated,-6.414,6.414,4.97e-04,protein_coding,10,trace amine-associated receptor 1
AEC,Inhibitor effect,WSN_PP1 vs WSN,Gm16617,ENSMUSG00000097633,Downregulated,-2.153,2.153,5.06e-04,lncRNA,14,16617
AEC,Inhibitor effect,WSN_PP1 vs WSN,Prr15l,ENSMUSG00000047040,Upregulated,2.581,2.581,5.12e-04,protein_coding,11,proline rich 15-like
AEC,Inhibitor effect,WSN_PP1 vs WSN,Gm15832,ENSMUSG00000085894,Downregulated,-4.018,4.018,5.15e-04,lncRNA,1,predicted gene 15832
AEC,Inhibitor effect,WSN_PP1 vs WSN,Cngb3,ENSMUSG00000056494,Downregulated,-6.374,6.374,5.20e-04,protein_coding,4,cyclic nucleotide gated channel beta 3
AEC,Inhibitor effect,WSN_PP1 vs WSN,Gm66468,ENSMUSG00000121924,Downregulated,-4.44,4.44,5.41e-04,transcribed_unitary_pseudogene,4,66468
AEC,Inhibitor effect,WSN_PP1 vs WSN,Ifi203-ps,ENSMUSG00000090222,Downregulated,-5.914,5.914,5.48e-04,transcribed_unprocessed_pseudogene,1,"interferon activated gene 203, pseudogene"
AEC,Inhibitor effect,WSN_PP1 vs WSN,Masp2,ENSMUSG00000028979,Downregulated,-2.143,2.143,5.48e-04,protein_coding,4,MBL associated serine protease 2
AEC,Inhibitor effect,WSN_PP1 vs WSN,Gm44040,ENSMUSG00000107458,Downregulated,-2.146,2.146,5.58e-04,lncRNA,6,44040
AEC,Inhibitor effect,WSN_PP1 vs WSN,Six1,ENSMUSG00000051367,Upregulated,2.866,2.866,5.69e-04,protein_coding,12,sine oculis-related homeobox 1
AEC,Inhibitor effect,WSN_PP1 vs WSN,Hey1,ENSMUSG00000040289,Upregulated,2.148,2.148,5.76e-04,protein_coding,3,hairy/enhancer-of-split related with YRPW motif 1
AEC,Inhibitor effect,WSN_PP1 vs WSN,Gm63245,ENSMUSG00000143067,Downregulated,-6.333,6.333,5.79e-04,lncRNA,15,63245
AEC,Inhibitor effect,WSN_PP1 vs WSN,6430550D23Rik,ENSMUSG00000074646,Downregulated,-2.155,2.155,5.92e-04,protein_coding,2,6430550D23 gene
AEC,Inhibitor effect,WSN_PP1 vs WSN,5330438I03Rik,ENSMUSG00000091393,Downregulated,-2.298,2.298,5.99e-04,lncRNA,1,5330438I03 gene
AEC,Inhibitor effect,WSN_PP1 vs WSN,Gm33774,ENSMUSG00000131032,Downregulated,-2.785,2.785,6.00e-04,lncRNA,1,33774
AEC,Inhibitor effect,WSN_PP1 vs WSN,Gm13822,ENSMUSG00000087477,Downregulated,-5.89,5.89,6.33e-04,lncRNA,5,predicted gene 13822
AEC,Inhibitor effect,WSN_PP1 vs WSN,Gm59048,ENSMUSG00000128352,Downregulated,-6.331,6.331,6.57e-04,lncRNA,19,59048
AEC,Inhibitor effect,WSN_PP1 vs WSN,Il20rb,ENSMUSG00000044244,Downregulated,-4.5,4.5,6.59e-04,protein_coding,9,interleukin 20 receptor beta
AEC,Inhibitor effect,WSN_PP1 vs WSN,Atp2a3,ENSMUSG00000020788,Downregulated,-3.384,3.384,6.62e-04,protein_coding,11,"ATPase, Ca++ transporting, ubiquitous"
AEC,Inhibitor effect,WSN_PP1 vs WSN,Ifi206,ENSMUSG00000037849,Downregulated,-6.323,6.323,6.73e-04,protein_coding,1,interferon activated gene 206
AEC,Inhibitor effect,WSN_PP1 vs WSN,Gm4739,ENSMUSG00000112808,Upregulated,5.372,5.372,6.75e-04,processed_pseudogene,10,predicted gene 4739
AEC,Inhibitor effect,WSN_PP1 vs WSN,Gm65972,ENSMUSG00000122465,Downregulated,-2.775,2.775,6.77e-04,lncRNA,10,65972
AEC,Inhibitor effect,WSN_PP1 vs WSN,Shank2,ENSMUSG00000037541,Downregulated,-2.267,2.267,7.01e-04,protein_coding,7,SH3 and multiple ankyrin repeat domains 2
AEC,Inhibitor effect,WSN_PP1 vs WSN,Il6ra,ENSMUSG00000027947,Downregulated,-2.788,2.788,7.06e-04,protein_coding,3,"interleukin 6 receptor, alpha"
AEC,Inhibitor effect,WSN_PP1 vs WSN,Gm60935,ENSMUSG00000141408,Upregulated,2.087,2.087,7.06e-04,lncRNA,12,60935
AEC,Inhibitor effect,WSN_PP1 vs WSN,6720470G18Rik,ENSMUSG00000120018,Downregulated,-2.671,2.671,7.25e-04,lncRNA,13,6720470G18 gene
AEC,Inhibitor effect,WSN_PP1 vs WSN,6030442K20Rik,ENSMUSG00000097760,Downregulated,-2.889,2.889,7.25e-04,lncRNA,1,6030442K20 gene
AEC,Inhibitor effect,WSN_PP1 vs WSN,Rgcc,ENSMUSG00000022018,Upregulated,2.035,2.035,7.30e-04,protein_coding,14,regulator of cell cycle
AEC,Inhibitor effect,WSN_PP1 vs WSN,Gm26801,ENSMUSG00000097892,Downregulated,-3.077,3.077,7.42e-04,lncRNA,1,26801
AEC,Inhibitor effect,WSN_PP1 vs WSN,Spmap1,ENSMUSG00000018543,Downregulated,-6.281,6.281,7.48e-04,protein_coding,11,sperm microtubule associated protein 1
AEC,Inhibitor effect,WSN_PP1 vs WSN,Sh3gl2,ENSMUSG00000028488,Upregulated,5.049,5.049,7.62e-04,protein_coding,4,SH3-domain GRB2-like 2
AEC,Inhibitor effect,WSN_PP1 vs WSN,Dthd1,ENSMUSG00000090326,Downregulated,-2.339,2.339,7.68e-04,protein_coding,5,death domain containing 1
AEC,Inhibitor effect,WSN_PP1 vs WSN,Satb2,ENSMUSG00000038331,Downregulated,-2.868,2.868,7.75e-04,protein_coding,1,special AT-rich sequence binding protein 2
AEC,Inhibitor effect,WSN_PP1 vs WSN,Pglyrp3,ENSMUSG00000042244,Downregulated,-2.321,2.321,7.75e-04,protein_coding,3,peptidoglycan recognition protein 3
AEC,Inhibitor effect,WSN_PP1 vs WSN,Vmn2r79,ENSMUSG00000090362,Downregulated,-6.218,6.218,7.77e-04,protein_coding,7,"vomeronasal 2, receptor 79"
AEC,Inhibitor effect,WSN_PP1 vs WSN,Gm56697,ENSMUSG00000120225,Downregulated,-3.685,3.685,7.94e-04,lncRNA,15,56697
AEC,Inhibitor effect,WSN_PP1 vs WSN,Klf15,ENSMUSG00000030087,Upregulated,2.588,2.588,8.09e-04,protein_coding,6,Kruppel-like transcription factor 15
AEC,Inhibitor effect,WSN_PP1 vs WSN,Gm72603,ENSMUSG00000128213,Downregulated,-2.177,2.177,8.10e-04,lncRNA,11,72603
AEC,Inhibitor effect,WSN_PP1 vs WSN,Cd69,ENSMUSG00000030156,Downregulated,-6.226,6.226,8.18e-04,protein_coding,6,CD69 antigen
AEC,Inhibitor effect,WSN_PP1 vs WSN,Slfn10,ENSMUSG00000072621,Downregulated,-6.279,6.279,8.27e-04,protein_coding,11,schlafen 10
AEC,Inhibitor effect,WSN_PP1 vs WSN,Zfp709,ENSMUSG00000056019,Downregulated,-2.074,2.074,8.44e-04,protein_coding,8,zinc finger protein 709
AEC,Inhibitor effect,WSN_PP1 vs WSN,Terb1,ENSMUSG00000052616,Upregulated,2.939,2.939,8.61e-04,protein_coding,8,telomere repeat binding bouquet formation protein 1
AEC,Inhibitor effect,WSN_PP1 vs WSN,Zfp40,ENSMUSG00000002617,Upregulated,2.303,2.303,8.94e-04,protein_coding,17,zinc finger protein 40
AEC,Inhibitor effect,WSN_PP1 vs WSN,Prss8,ENSMUSG00000030800,Upregulated,2.17,2.17,9.03e-04,protein_coding,7,serine protease 8 (prostasin)
AEC,Inhibitor effect,WSN_PP1 vs WSN,Dusp9,ENSMUSG00000031383,Upregulated,2.093,2.093,9.22e-04,protein_coding,X,dual specificity phosphatase 9
AEC,Inhibitor effect,WSN_PP1 vs WSN,Pex10,ENSMUSG00000029047,Upregulated,2.023,2.023,9.36e-04,protein_coding,4,peroxisomal biogenesis factor 10
AEC,Inhibitor effect,WSN_PP1 vs WSN,Zfp1001,ENSMUSG00000095315,Upregulated,2.218,2.218,9.44e-04,protein_coding,2,zinc finger protein 1001
AEC,Inhibitor effect,WSN_PP1 vs WSN,Gm1070,ENSMUSG00000121300,Downregulated,-4.499,4.499,9.49e-04,lncRNA,6,predicted gene 1070
AEC,Inhibitor effect,WSN_PP1 vs WSN,Gm20663,ENSMUSG00000093378,Downregulated,-6.26,6.26,9.54e-04,lncRNA,7,predicted gene 20663
AEC,Inhibitor effect,WSN_PP1 vs WSN,Ccdc65,ENSMUSG00000003354,Upregulated,2.456,2.456,1.02e-03,protein_coding,15,coiled-coil domain containing 65
AEC,Inhibitor effect,WSN_PP1 vs WSN,Krt16,ENSMUSG00000053797,Downregulated,-3.912,3.912,1.02e-03,protein_coding,11,keratin 16
AEC,Inhibitor effect,WSN_PP1 vs WSN,Gjc2,ENSMUSG00000043448,Downregulated,-6.124,6.124,1.03e-03,protein_coding,11,"gap junction protein, gamma 2"
AEC,Inhibitor effect,WSN_PP1 vs WSN,Gm57069,ENSMUSG00000120228,Downregulated,-2.217,2.217,1.05e-03,lncRNA,4,57069
AEC,Inhibitor effect,WSN_PP1 vs WSN,Bicdl2,ENSMUSG00000043782,Upregulated,3.415,3.415,1.07e-03,protein_coding,17,BICD family like cargo adaptor 2
AEC,Inhibitor effect,WSN_PP1 vs WSN,Gm49482,ENSMUSG00000116308,Downregulated,-5.678,5.678,1.08e-03,lncRNA,15,49482
AEC,Inhibitor effect,WSN_PP1 vs WSN,Gpr160,ENSMUSG00000037661,Upregulated,3.076,3.076,1.09e-03,protein_coding,3,G protein-coupled receptor 160
AEC,Inhibitor effect,WSN_PP1 vs WSN,Fli1,ENSMUSG00000016087,Downregulated,-4.369,4.369,1.11e-03,protein_coding,9,Friend leukemia integration 1
AEC,Inhibitor effect,WSN_PP1 vs WSN,Gm71783,ENSMUSG00000123840,Downregulated,-2.54,2.54,1.15e-03,lncRNA,7,71783
AEC,Inhibitor effect,WSN_PP1 vs WSN,2810403D21Rik,ENSMUSG00000086629,Upregulated,2.251,2.251,1.19e-03,lncRNA,X,2810403D21 gene
AEC,Inhibitor effect,WSN_PP1 vs WSN,Gm72766,ENSMUSG00000137094,Upregulated,3.507,3.507,1.24e-03,lncRNA,5,72766
AEC,Inhibitor effect,WSN_PP1 vs WSN,Gm44075,ENSMUSG00000108068,Downregulated,-5.597,5.597,1.25e-03,processed_pseudogene,6,44075
AEC,Inhibitor effect,WSN_PP1 vs WSN,Pygm,ENSMUSG00000032648,Downregulated,-2.662,2.662,1.30e-03,protein_coding,19,muscle glycogen phosphorylase
AEC,Inhibitor effect,WSN_PP1 vs WSN,Nxpe3,ENSMUSG00000075033,Downregulated,-2.657,2.657,1.32e-03,protein_coding,16,"neurexophilin and PC-esterase domain family, member 3"
AEC,Inhibitor effect,WSN_PP1 vs WSN,Gm27206,ENSMUSG00000098889,Downregulated,-3.225,3.225,1.33e-03,lncRNA,2,predicted gene 27206
AEC,Inhibitor effect,WSN_PP1 vs WSN,Gm35558,ENSMUSG00000113662,Downregulated,-3.603,3.603,1.34e-03,TEC,12,35558
AEC,Inhibitor effect,WSN_PP1 vs WSN,Pik3r6,ENSMUSG00000046207,Upregulated,2.171,2.171,1.36e-03,protein_coding,11,phosphoinositide-3-kinase regulatory subunit 5
AEC,Inhibitor effect,WSN_PP1 vs WSN,Gm4240,ENSMUSG00000115025,Downregulated,-5.592,5.592,1.37e-03,processed_pseudogene,14,predicted gene 4240
AEC,Inhibitor effect,WSN_PP1 vs WSN,H2-Q6,ENSMUSG00000073409,Downregulated,-6.131,6.131,1.41e-03,protein_coding,17,"histocompatibility 2, Q region locus 6"
AEC,Inhibitor effect,WSN_PP1 vs WSN,Gm66463,ENSMUSG00000127520,Downregulated,-5.659,5.659,1.42e-03,lncRNA,10,66463
AEC,Inhibitor effect,WSN_PP1 vs WSN,Gm61171,ENSMUSG00000143491,Downregulated,-2.5,2.5,1.43e-03,lncRNA,12,61171
AEC,Inhibitor effect,WSN_PP1 vs WSN,4930455H04Rik,ENSMUSG00000080907,Upregulated,2.829,2.829,1.48e-03,protein_coding,3,4930455H04 gene
AEC,Inhibitor effect,WSN_PP1 vs WSN,D630044L22Rik,ENSMUSG00000097405,Downregulated,-2.005,2.005,1.49e-03,lncRNA,17,gene D630044L22 gene
AEC,Inhibitor effect,WSN_PP1 vs WSN,Piwil4,ENSMUSG00000036912,Downregulated,-2.329,2.329,1.52e-03,protein_coding,9,piwi-like RNA-mediated gene silencing 4
AEC,Inhibitor effect,WSN_PP1 vs WSN,Gm75144,ENSMUSG00000133127,Downregulated,-3.006,3.006,1.54e-03,lncRNA,2,75144
AEC,Inhibitor effect,WSN_PP1 vs WSN,Hmgcs2,ENSMUSG00000027875,Upregulated,2.6,2.6,1.55e-03,protein_coding,3,3-hydroxy-3-methylglutaryl-Coenzyme A synthase 2
AEC,Inhibitor effect,WSN_PP1 vs WSN,Gm73232,ENSMUSG00000140717,Downregulated,-6.115,6.115,1.55e-03,lncRNA,5,73232
AEC,Inhibitor effect,WSN_PP1 vs WSN,Havcr2,ENSMUSG00000020399,Downregulated,-2.571,2.571,1.55e-03,protein_coding,11,hepatitis A virus cellular receptor 2
AEC,Inhibitor effect,WSN_PP1 vs WSN,Gm56842,ENSMUSG00000120101,Downregulated,-5.944,5.944,1.56e-03,lncRNA,8,56842
AEC,Inhibitor effect,WSN_PP1 vs WSN,C030034L19Rik,ENSMUSG00000097365,Downregulated,-3.98,3.98,1.58e-03,lncRNA,3,C030034L19 gene
AEC,Inhibitor effect,WSN_PP1 vs WSN,Fbxo39,ENSMUSG00000070388,Downregulated,-6.063,6.063,1.58e-03,protein_coding,11,F-box protein 39
AEC,Inhibitor effect,WSN_PP1 vs WSN,Ifi44l,ENSMUSG00000039146,Downregulated,-4.334,4.334,1.59e-03,protein_coding,3,interferon-induced protein 44 like
AEC,Inhibitor effect,WSN_PP1 vs WSN,Gm62623,ENSMUSG00000127940,Downregulated,-2.161,2.161,1.59e-03,lncRNA,14,62623
AEC,Inhibitor effect,WSN_PP1 vs WSN,Magef1,ENSMUSG00000121787,Downregulated,-2.84,2.84,1.59e-03,lncRNA,16,MAGE family member F1
AEC,Inhibitor effect,WSN_PP1 vs WSN,Cadps2,ENSMUSG00000017978,Downregulated,-2.144,2.144,1.61e-03,protein_coding,6,Ca2+-dependent activator protein for secretion 2
AEC,Inhibitor effect,WSN_PP1 vs WSN,Maml3,ENSMUSG00000061143,Downregulated,-3.148,3.148,1.64e-03,protein_coding,3,mastermind like transcriptional coactivator 3
AEC,Inhibitor effect,WSN_PP1 vs WSN,Gm49004,ENSMUSG00000115823,Upregulated,2.291,2.291,1.66e-03,lncRNA,14,49004
AEC,Inhibitor effect,WSN_PP1 vs WSN,Syt2,ENSMUSG00000026452,Downregulated,-5.531,5.531,1.69e-03,protein_coding,1,synaptotagmin II
AEC,Inhibitor effect,WSN_PP1 vs WSN,Gm37499,ENSMUSG00000103901,Downregulated,-5.663,5.663,1.80e-03,TEC,2,37499
AEC,Inhibitor effect,WSN_PP1 vs WSN,Zfp566,ENSMUSG00000078768,Upregulated,2.209,2.209,1.82e-03,protein_coding,7,zinc finger protein 566
AEC,Inhibitor effect,WSN_PP1 vs WSN,Spats1,ENSMUSG00000023935,Downregulated,-3.148,3.148,1.84e-03,protein_coding,17,"spermatogenesis associated, serine-rich 1"
AEC,Inhibitor effect,WSN_PP1 vs WSN,Gm46040,ENSMUSG00000141762,Downregulated,-2.136,2.136,1.89e-03,lncRNA,8,46040
AEC,Inhibitor effect,WSN_PP1 vs WSN,Hspb9,ENSMUSG00000017832,Downregulated,-3.76,3.76,1.89e-03,protein_coding,11,"heat shock protein, alpha-crystallin-related, B9"
AEC,Inhibitor effect,WSN_PP1 vs WSN,4930533I22Rik,ENSMUSG00000093535,Downregulated,-2.969,2.969,1.89e-03,lncRNA,6,4930533I22 gene
AEC,Inhibitor effect,WSN_PP1 vs WSN,Myt1l,ENSMUSG00000061911,Downregulated,-6.02,6.02,1.90e-03,protein_coding,12,myelin transcription factor 1-like
AEC,Inhibitor effect,WSN_PP1 vs WSN,Gm63266,ENSMUSG00000136578,Downregulated,-3.243,3.243,1.90e-03,lncRNA,14,63266
AEC,Inhibitor effect,WSN_PP1 vs WSN,ENSMUSG00000130980,ENSMUSG00000130980,Downregulated,-6.005,6.005,1.91e-03,lncRNA,18,"novel transcript, antisense to RP24-406O24.1"
AEC,Inhibitor effect,WSN_PP1 vs WSN,Gm59140,ENSMUSG00000132030,Downregulated,-6.013,6.013,1.92e-03,lncRNA,19,59140
AEC,Inhibitor effect,WSN_PP1 vs WSN,Gm60874,ENSMUSG00000141122,Downregulated,-6.048,6.048,1.95e-03,lncRNA,12,60874
AEC,Inhibitor effect,WSN_PP1 vs WSN,Casp1,ENSMUSG00000025888,Downregulated,-2.18,2.18,1.96e-03,protein_coding,9,caspase 1
AEC,Inhibitor effect,WSN_PP1 vs WSN,Calhm6,ENSMUSG00000046031,Downregulated,-5.95,5.95,2.07e-03,protein_coding,10,calcium homeostasis modulator family member 6
AEC,Inhibitor effect,WSN_PP1 vs WSN,Gm61460,ENSMUSG00000140962,Downregulated,-2.454,2.454,2.07e-03,lncRNA,13,61460
AEC,Inhibitor effect,WSN_PP1 vs WSN,Tnxb,ENSMUSG00000033327,Downregulated,-3.639,3.639,2.08e-03,protein_coding,17,tenascin XB
AEC,Inhibitor effect,WSN_PP1 vs WSN,Gm47861,ENSMUSG00000112144,Downregulated,-3.145,3.145,2.17e-03,lncRNA,6,47861
AEC,Inhibitor effect,WSN_PP1 vs WSN,H2-K2,ENSMUSG00000121503,Upregulated,2.231,2.231,2.21e-03,lncRNA,17,"histocompatibility 2, K region locus 2"
AEC,Inhibitor effect,WSN_PP1 vs WSN,Gm48488,ENSMUSG00000114433,Downregulated,-5.233,5.233,2.25e-03,lncRNA,13,48488
AEC,Inhibitor effect,WSN_PP1 vs WSN,Gm16048,ENSMUSG00000087411,Downregulated,-2.911,2.911,2.29e-03,lncRNA,3,predicted gene 16048
AEC,Inhibitor effect,WSN_PP1 vs WSN,Adora2a,ENSMUSG00000020178,Downregulated,-5.401,5.401,2.32e-03,protein_coding,10,adenosine A2a receptor
AEC,Inhibitor effect,WSN_PP1 vs WSN,Ttc9b,ENSMUSG00000007944,Downregulated,-2.534,2.534,2.35e-03,protein_coding,7,tetratricopeptide repeat domain 9B
AEC,Inhibitor effect,WSN_PP1 vs WSN,Gm68043,ENSMUSG00000143816,Downregulated,-2.138,2.138,2.35e-03,lncRNA,10,68043
AEC,Inhibitor effect,WSN_PP1 vs WSN,Gm57366,ENSMUSG00000120851,Downregulated,-5.749,5.749,2.37e-03,lncRNA,11,57366
AEC,Inhibitor effect,WSN_PP1 vs WSN,Gm73855,ENSMUSG00000136719,Downregulated,-2.133,2.133,2.49e-03,lncRNA,11,73855
AEC,Inhibitor effect,WSN_PP1 vs WSN,Gm28370,ENSMUSG00000099478,Downregulated,-5.802,5.802,2.52e-03,lncRNA,12,predicted gene 28370
AEC,Inhibitor effect,WSN_PP1 vs WSN,Lmo2,ENSMUSG00000032698,Downregulated,-2.797,2.797,2.52e-03,protein_coding,2,LIM domain only 2
AEC,Inhibitor effect,WSN_PP1 vs WSN,Adamtsl3,ENSMUSG00000070469,Downregulated,-2.62,2.62,2.54e-03,protein_coding,7,ADAMTS-like 3
AEC,Inhibitor effect,WSN_PP1 vs WSN,Gm69744,ENSMUSG00000142507,Upregulated,2.017,2.017,2.55e-03,lncRNA,9,69744
AEC,Inhibitor effect,WSN_PP1 vs WSN,Iapp,ENSMUSG00000041681,Downregulated,-4.27,4.27,2.61e-03,protein_coding,6,islet amyloid polypeptide
AEC,Inhibitor effect,WSN_PP1 vs WSN,Gm59521,ENSMUSG00000126304,Downregulated,-3.386,3.386,2.63e-03,lncRNA,12,59521
AEC,Inhibitor effect,WSN_PP1 vs WSN,Lingo1,ENSMUSG00000049556,Downregulated,-2.167,2.167,2.63e-03,protein_coding,9,leucine rich repeat and Ig domain containing 1
AEC,Inhibitor effect,WSN_PP1 vs WSN,Skp2,ENSMUSG00000054115,Downregulated,-2.219,2.219,2.65e-03,protein_coding,15,S-phase kinase-associated protein 2
AEC,Inhibitor effect,WSN_PP1 vs WSN,Sh2d6,ENSMUSG00000052631,Downregulated,-5.888,5.888,2.71e-03,protein_coding,6,SH2 domain containing 6
AEC,Inhibitor effect,WSN_PP1 vs WSN,Rab43,ENSMUSG00000030055,Downregulated,-2.056,2.056,2.72e-03,protein_coding,6,"RAB43, member RAS oncogene family"
AEC,Inhibitor effect,WSN_PP1 vs WSN,Ifi209,ENSMUSG00000043263,Downregulated,-3.714,3.714,2.75e-03,protein_coding,1,interferon activated gene 209
AEC,Inhibitor effect,WSN_PP1 vs WSN,Smad9,ENSMUSG00000027796,Upregulated,2.222,2.222,2.78e-03,protein_coding,3,SMAD family member 9
AEC,Inhibitor effect,WSN_PP1 vs WSN,Gm13961,ENSMUSG00000084094,Upregulated,3.568,3.568,2.79e-03,processed_pseudogene,2,predicted gene 13961
AEC,Inhibitor effect,WSN_PP1 vs WSN,Gm42538,ENSMUSG00000106137,Downregulated,-2.523,2.523,2.79e-03,lncRNA,3,predicted gene 42538
AEC,Inhibitor effect,WSN_PP1 vs WSN,Gm44065,ENSMUSG00000107502,Downregulated,-2.482,2.482,2.83e-03,TEC,6,44065
AEC,Inhibitor effect,WSN_PP1 vs WSN,Gapdhs,ENSMUSG00000061099,Upregulated,2.176,2.176,2.89e-03,protein_coding,7,"glyceraldehyde-3-phosphate dehydrogenase, spermatogenic"
AEC,Inhibitor effect,WSN_PP1 vs WSN,Ptprcap,ENSMUSG00000045826,Downregulated,-5.824,5.824,2.89e-03,protein_coding,19,protein tyrosine phosphatase receptor type C polypeptide-associated protein
AEC,Inhibitor effect,WSN_PP1 vs WSN,Ccl4,ENSMUSG00000018930,Downregulated,-2.325,2.325,2.90e-03,protein_coding,11,C-C motif chemokine ligand 4
AEC,Inhibitor effect,WSN_PP1 vs WSN,Gm18782,ENSMUSG00000109367,Downregulated,-5.801,5.801,2.96e-03,processed_pseudogene,7,18782
AEC,Inhibitor effect,WSN_PP1 vs WSN,Ccl11,ENSMUSG00000020676,Downregulated,-5.875,5.875,3.02e-03,protein_coding,11,C-C motif chemokine ligand 11
AEC,Inhibitor effect,WSN_PP1 vs WSN,Gm34455,ENSMUSG00000118107,Downregulated,-5.89,5.89,3.07e-03,lncRNA,17,34455
AEC,Inhibitor effect,WSN_PP1 vs WSN,4930599N23Rik,ENSMUSG00000073144,Downregulated,-2.716,2.716,3.11e-03,lncRNA,6,4930599N23 gene
AEC,Inhibitor effect,WSN_PP1 vs WSN,Gm20402,ENSMUSG00000092405,Downregulated,-2.398,2.398,3.13e-03,lncRNA,3,predicted gene 20402
AEC,Inhibitor effect,WSN_PP1 vs WSN,Ms4a4c,ENSMUSG00000024675,Downregulated,-5.809,5.809,3.15e-03,protein_coding,19,"membrane-spanning 4-domains, subfamily A, member 4C"
AEC,Inhibitor effect,WSN_PP1 vs WSN,Timeless,ENSMUSG00000039994,Downregulated,-4.073,4.073,3.17e-03,protein_coding,10,timeless circadian clock 1
AEC,Inhibitor effect,WSN_PP1 vs WSN,Gzmm,ENSMUSG00000054206,Downregulated,-2.988,2.988,3.32e-03,protein_coding,10,granzyme M (lymphocyte met-ase 1)
AEC,Inhibitor effect,WSN_PP1 vs WSN,Ampd1,ENSMUSG00000070385,Downregulated,-4.172,4.172,3.37e-03,protein_coding,3,adenosine monophosphate deaminase 1
AEC,Inhibitor effect,WSN_PP1 vs WSN,Gm65507,ENSMUSG00000134914,Downregulated,-3.305,3.305,3.38e-03,lncRNA,3,65507
AEC,Inhibitor effect,WSN_PP1 vs WSN,Gm38158,ENSMUSG00000103367,Downregulated,-2.027,2.027,3.42e-03,processed_pseudogene,1,38158
AEC,Inhibitor effect,WSN_PP1 vs WSN,Gm43069,ENSMUSG00000107179,Downregulated,-2.304,2.304,3.50e-03,lncRNA,5,predicted gene 43069
AEC,Inhibitor effect,WSN_PP1 vs WSN,Naip6,ENSMUSG00000078942,Downregulated,-5.864,5.864,3.57e-03,protein_coding,13,"NLR family, apoptosis inhibitory protein 6"
AEC,Inhibitor effect,WSN_PP1 vs WSN,Gm43197,ENSMUSG00000107215,Downregulated,-4.093,4.093,3.63e-03,TEC,6,predicted gene 43197
AEC,Inhibitor effect,WSN_PP1 vs WSN,Gm43860,ENSMUSG00000106928,Downregulated,-5.179,5.179,3.64e-03,TEC,5,predicted gene 43860
AEC,Inhibitor effect,WSN_PP1 vs WSN,Gm16576,ENSMUSG00000087543,Downregulated,-2.144,2.144,3.65e-03,lncRNA,15,predicted gene 16576
AEC,Inhibitor effect,WSN_PP1 vs WSN,Hspa1l,ENSMUSG00000007033,Downregulated,-3.592,3.592,3.67e-03,protein_coding,17,heat shock protein 1-like
AEC,Inhibitor effect,WSN_PP1 vs WSN,Fam187b,ENSMUSG00000046826,Upregulated,3.074,3.074,3.74e-03,protein_coding,7,"family with sequence similarity 187, member B"
AEC,Inhibitor effect,WSN_PP1 vs WSN,Unc5d,ENSMUSG00000063626,Downregulated,-5.81,5.81,3.84e-03,protein_coding,8,unc-5 netrin receptor D
AEC,Inhibitor effect,WSN_PP1 vs WSN,Apod,ENSMUSG00000022548,Downregulated,-5.228,5.228,3.92e-03,protein_coding,16,apolipoprotein D
AEC,Inhibitor effect,WSN_PP1 vs WSN,Gm16240,ENSMUSG00000089711,Downregulated,-3.84,3.84,4.08e-03,lncRNA,10,predicted gene 16240
AEC,Inhibitor effect,WSN_PP1 vs WSN,Grb7,ENSMUSG00000019312,Upregulated,2.247,2.247,4.10e-03,protein_coding,11,growth factor receptor bound protein 7
AEC,Inhibitor effect,WSN_PP1 vs WSN,Pcdh17,ENSMUSG00000035566,Downregulated,-2.872,2.872,4.10e-03,protein_coding,14,protocadherin 17
AEC,Inhibitor effect,WSN_PP1 vs WSN,Gjc1,ENSMUSG00000034520,Downregulated,-2.746,2.746,4.13e-03,protein_coding,11,"gap junction protein, gamma 1"
AEC,Inhibitor effect,WSN_PP1 vs WSN,Peg12,ENSMUSG00000070526,Downregulated,-2.451,2.451,4.16e-03,protein_coding,7,paternally expressed 12
AEC,Inhibitor effect,WSN_PP1 vs WSN,Aff3,ENSMUSG00000037138,Downregulated,-2.081,2.081,4.18e-03,protein_coding,1,"AF4/FMR2 family, member 3"
AEC,Inhibitor effect,WSN_PP1 vs WSN,Gm44899,ENSMUSG00000109008,Downregulated,-5.152,5.152,4.20e-03,lncRNA,7,predicted gene 44899
AEC,Inhibitor effect,WSN_PP1 vs WSN,Lrrc4,ENSMUSG00000049939,Downregulated,-4.03,4.03,4.26e-03,protein_coding,6,leucine rich repeat containing 4
AEC,Inhibitor effect,WSN_PP1 vs WSN,Gm45769,ENSMUSG00000107838,Downregulated,-3.982,3.982,4.27e-03,TEC,6,predicted gene 45769
AEC,Inhibitor effect,WSN_PP1 vs WSN,Serpina3f,ENSMUSG00000066363,Downregulated,-5.746,5.746,4.39e-03,protein_coding,12,"serine (or cysteine) peptidase inhibitor, clade A, member 3F"
AEC,Inhibitor effect,WSN_PP1 vs WSN,Gm50130,ENSMUSG00000118021,Downregulated,-4.925,4.925,4.39e-03,lncRNA,19,50130
AEC,Inhibitor effect,WSN_PP1 vs WSN,Shank3,ENSMUSG00000022623,Downregulated,-2.722,2.722,4.39e-03,protein_coding,15,SH3 and multiple ankyrin repeat domains 3
AEC,Inhibitor effect,WSN_PP1 vs WSN,Sele,ENSMUSG00000026582,Downregulated,-3.107,3.107,4.40e-03,protein_coding,1,"selectin, endothelial cell"
AEC,Inhibitor effect,WSN_PP1 vs WSN,Gm54907,ENSMUSG00002076814,Downregulated,-2.469,2.469,4.40e-03,miRNA,8,54907
AEC,Inhibitor effect,WSN_PP1 vs WSN,Gbp11,ENSMUSG00000092021,Downregulated,-5.75,5.75,4.41e-03,protein_coding,5,guanylate binding protein 11
AEC,Inhibitor effect,WSN_PP1 vs WSN,Ccl9,ENSMUSG00000019122,Downregulated,-3.227,3.227,4.48e-03,protein_coding,11,C-C motif chemokine ligand 9
AEC,Inhibitor effect,WSN_PP1 vs WSN,Gm12216,ENSMUSG00000081769,Downregulated,-4.062,4.062,4.52e-03,lncRNA,11,predicted gene 12216
AEC,Inhibitor effect,WSN_PP1 vs WSN,Gm59871,ENSMUSG00000132326,Downregulated,-5.489,5.489,4.60e-03,lncRNA,12,59871
AEC,Inhibitor effect,WSN_PP1 vs WSN,D630039A03Rik,ENSMUSG00000052117,Downregulated,-3.123,3.123,4.65e-03,protein_coding,4,D630039A03 gene
AEC,Inhibitor effect,WSN_PP1 vs WSN,Gm73925,ENSMUSG00000137128,Downregulated,-2.002,2.002,4.67e-03,lncRNA,11,73925
AEC,Inhibitor effect,WSN_PP1 vs WSN,Gm7609,ENSMUSG00000079457,Downregulated,-5.74,5.74,4.73e-03,protein_coding,1,predicted pseudogene 7609
AEC,Inhibitor effect,WSN_PP1 vs WSN,Slamf8,ENSMUSG00000053318,Downregulated,-2.822,2.822,4.78e-03,protein_coding,1,SLAM family member 8
AEC,Inhibitor effect,WSN_PP1 vs WSN,Muc5ac,ENSMUSG00000037974,Downregulated,-5.666,5.666,4.78e-03,protein_coding,7,"mucin 5, subtypes A and C, tracheobronchial/gastric"
AEC,Inhibitor effect,WSN_PP1 vs WSN,Gm43196,ENSMUSG00000107017,Downregulated,-5.734,5.734,4.79e-03,TEC,6,predicted gene 43196
AEC,Inhibitor effect,WSN_PP1 vs WSN,Serpina3g,ENSMUSG00000041481,Downregulated,-2.967,2.967,4.84e-03,protein_coding,12,"serine (or cysteine) peptidase inhibitor, clade A, member 3G"
AEC,Inhibitor effect,WSN_PP1 vs WSN,Gm49595,ENSMUSG00000116823,Downregulated,-2.784,2.784,4.89e-03,lncRNA,16,49595
AEC,Inhibitor effect,WSN_PP1 vs WSN,Hpgd,ENSMUSG00000031613,Upregulated,3.68,3.68,4.92e-03,protein_coding,8,hydroxyprostaglandin dehydrogenase 15 (NAD)
AEC,Inhibitor effect,WSN_PP1 vs WSN,Zfp607a,ENSMUSG00000020420,Upregulated,2.459,2.459,4.92e-03,protein_coding,7,zinc finger protein 607A
AEC,Inhibitor effect,WSN_PP1 vs WSN,Gm64841,ENSMUSG00000125578,Downregulated,-5.68,5.68,4.97e-03,lncRNA,8,64841
AEC,Inhibitor effect,WSN_PP1 vs WSN,Thsd7b,ENSMUSG00000042581,Downregulated,-5.108,5.108,5.00e-03,protein_coding,1,"thrombospondin, type I, domain containing 7B"
AM,Infection response,WSN vs mock,Lif,ENSMUSG00000034394,Upregulated,6.297,6.297,1.26e-87,protein_coding,11,leukemia inhibitory factor
AM,Infection response,WSN vs mock,Coq8a,ENSMUSG00000026489,Upregulated,4.92,4.92,1.12e-51,protein_coding,1,coenzyme Q8A
AM,Infection response,WSN vs mock,Gm15270,ENSMUSG00000087400,Upregulated,4.937,4.937,9.14e-45,lncRNA,10,predicted gene 15270
AM,Infection response,WSN vs mock,Mt1,ENSMUSG00000031765,Upregulated,4.963,4.963,7.60e-44,protein_coding,8,metallothionein 1
AM,Infection response,WSN vs mock,Cxcl14,ENSMUSG00000021508,Upregulated,4.765,4.765,2.56e-43,protein_coding,13,C-X-C motif chemokine ligand 14
AM,Infection response,WSN vs mock,Inhba,ENSMUSG00000041324,Upregulated,5.304,5.304,4.80e-43,protein_coding,13,inhibin beta-A
AM,Infection response,WSN vs mock,Ccn2,ENSMUSG00000019997,Upregulated,4.901,4.901,8.42e-41,protein_coding,10,cellular communication network factor 2
AM,Infection response,WSN vs mock,Tgm2,ENSMUSG00000037820,Upregulated,2.761,2.761,1.77e-36,protein_coding,2,"transglutaminase 2, C polypeptide"
AM,Infection response,WSN vs mock,Selenow,ENSMUSG00000041571,Upregulated,3.133,3.133,3.32e-35,protein_coding,7,selenoprotein W
AM,Infection response,WSN vs mock,Best1,ENSMUSG00000037418,Upregulated,5.585,5.585,4.33e-34,protein_coding,19,bestrophin 1
AM,Infection response,WSN vs mock,Egr1,ENSMUSG00000038418,Upregulated,4.076,4.076,2.33e-33,protein_coding,18,early growth response 1
AM,Infection response,WSN vs mock,Gm20412,ENSMUSG00000092283,Upregulated,2.777,2.777,8.74e-32,lncRNA,2,predicted gene 20412
AM,Infection response,WSN vs mock,Timp1,ENSMUSG00000001131,Upregulated,3.086,3.086,5.98e-31,protein_coding,X,tissue inhibitor of metalloproteinase 1
AM,Infection response,WSN vs mock,Thbs1,ENSMUSG00000040152,Upregulated,3.073,3.073,6.18e-30,protein_coding,2,thrombospondin 1
AM,Infection response,WSN vs mock,Gde1,ENSMUSG00000033917,Upregulated,3.118,3.118,6.23e-30,protein_coding,7,glycerophosphodiester phosphodiesterase 1
AM,Infection response,WSN vs mock,Ifnb1,ENSMUSG00000048806,Upregulated,6.739,6.739,2.93e-29,protein_coding,4,"interferon beta 1, fibroblast"
AM,Infection response,WSN vs mock,Ereg,ENSMUSG00000029377,Upregulated,7.027,7.027,7.66e-29,protein_coding,5,epiregulin
AM,Infection response,WSN vs mock,Il6,ENSMUSG00000025746,Upregulated,3.759,3.759,3.16e-28,protein_coding,5,interleukin 6
AM,Infection response,WSN vs mock,Gdf15,ENSMUSG00000038508,Upregulated,3.422,3.422,4.69e-28,protein_coding,8,growth differentiation factor 15
AM,Infection response,WSN vs mock,Hmga1b,ENSMUSG00000078249,Upregulated,2.727,2.727,7.71e-28,protein_coding,11,high mobility group AT-hook 1B
AM,Infection response,WSN vs mock,Vegfa,ENSMUSG00000023951,Upregulated,4.077,4.077,1.34e-27,protein_coding,17,vascular endothelial growth factor A
AM,Infection response,WSN vs mock,Serpine1,ENSMUSG00000037411,Upregulated,4.763,4.763,2.27e-26,protein_coding,5,"serine (or cysteine) peptidase inhibitor, clade E, member 1"
AM,Infection response,WSN vs mock,Rragd,ENSMUSG00000028278,Upregulated,4.613,4.613,2.65e-26,protein_coding,4,Ras-related GTP binding D
AM,Infection response,WSN vs mock,Ptges,ENSMUSG00000050737,Upregulated,3.661,3.661,4.17e-26,protein_coding,2,prostaglandin E synthase
AM,Infection response,WSN vs mock,Cxcr4,ENSMUSG00000045382,Upregulated,4.29,4.29,1.52e-25,protein_coding,1,C-X-C motif chemokine receptor 4
AM,Infection response,WSN vs mock,Gm29233,ENSMUSG00000101859,Upregulated,3.367,3.367,2.07e-25,lncRNA,2,predicted gene 29233
AM,Infection response,WSN vs mock,Pim3,ENSMUSG00000035828,Upregulated,3.357,3.357,1.94e-22,protein_coding,15,proviral integration site 3
AM,Infection response,WSN vs mock,Maf,ENSMUSG00000055435,Downregulated,-2.757,2.757,2.16e-20,protein_coding,8,MAF bZIP transcription factor
AM,Infection response,WSN vs mock,Gm11613,ENSMUSG00000085586,Upregulated,4.556,4.556,8.51e-20,lncRNA,11,predicted gene 11613
AM,Infection response,WSN vs mock,Chst11,ENSMUSG00000034612,Upregulated,3.234,3.234,2.28e-19,protein_coding,10,carbohydrate sulfotransferase 11
AM,Infection response,WSN vs mock,Csrnp1,ENSMUSG00000032515,Upregulated,3.631,3.631,4.29e-19,protein_coding,9,cysteine-serine-rich nuclear protein 1
AM,Infection response,WSN vs mock,Gem,ENSMUSG00000028214,Upregulated,4.557,4.557,1.34e-18,protein_coding,4,GTP binding protein overexpressed in skeletal muscle
AM,Infection response,WSN vs mock,Fblim1,ENSMUSG00000006219,Upregulated,2.689,2.689,1.77e-18,protein_coding,4,filamin binding LIM protein 1
AM,Infection response,WSN vs mock,Serpinb2,ENSMUSG00000062345,Upregulated,4.413,4.413,2.78e-18,protein_coding,1,"serine (or cysteine) peptidase inhibitor, clade B, member 2"
AM,Infection response,WSN vs mock,Hmga1,ENSMUSG00000046711,Upregulated,2.481,2.481,3.48e-18,protein_coding,17,high mobility group AT-hook 1
AM,Infection response,WSN vs mock,Gm57329,ENSMUSG00000120110,Upregulated,6.572,6.572,1.06e-17,lncRNA,11,57329
AM,Infection response,WSN vs mock,Gm36287,ENSMUSG00000113587,Upregulated,3.303,3.303,1.13e-17,lncRNA,12,36287
AM,Infection response,WSN vs mock,Csf2,ENSMUSG00000018916,Upregulated,7.641,7.641,1.30e-17,protein_coding,11,colony stimulating factor 2 (granulocyte-macrophage)
AM,Infection response,WSN vs mock,Hivep3,ENSMUSG00000028634,Upregulated,2.669,2.669,5.67e-17,protein_coding,4,human immunodeficiency virus type I enhancer binding protein 3
AM,Infection response,WSN vs mock,Nr4a2,ENSMUSG00000026826,Upregulated,5.569,5.569,1.35e-16,protein_coding,2,"nuclear receptor subfamily 4, group A, member 2"
AM,Infection response,WSN vs mock,Pgf,ENSMUSG00000004791,Upregulated,4.8,4.8,1.58e-16,protein_coding,12,placental growth factor
AM,Infection response,WSN vs mock,Cd300lf,ENSMUSG00000047798,Upregulated,3.816,3.816,4.10e-16,protein_coding,11,CD300 molecule like family member F
AM,Infection response,WSN vs mock,Il1a,ENSMUSG00000027399,Upregulated,3.02,3.02,6.57e-16,protein_coding,2,interleukin 1 alpha
AM,Infection response,WSN vs mock,Ccn1,ENSMUSG00000028195,Upregulated,2.917,2.917,9.73e-16,protein_coding,3,cellular communication network factor 1
AM,Infection response,WSN vs mock,Gm14023,ENSMUSG00000085498,Upregulated,2.901,2.901,9.73e-16,lncRNA,2,predicted gene 14023
AM,Infection response,WSN vs mock,Pmp22,ENSMUSG00000018217,Upregulated,2.127,2.127,1.14e-15,protein_coding,11,peripheral myelin protein 22
AM,Infection response,WSN vs mock,Ngf,ENSMUSG00000027859,Upregulated,3.989,3.989,3.32e-15,protein_coding,3,nerve growth factor
AM,Infection response,WSN vs mock,Samtor,ENSMUSG00000042742,Downregulated,-3.466,3.466,1.30e-14,protein_coding,6,S-adenosylmethionine sensor upstream of mTORC1
AM,Infection response,WSN vs mock,Gm28513,ENSMUSG00000099568,Upregulated,4.417,4.417,1.97e-14,lncRNA,1,predicted gene 28513
AM,Infection response,WSN vs mock,Pik3cg,ENSMUSG00000020573,Downregulated,-2.095,2.095,3.53e-14,protein_coding,12,"phosphatidylinositol-4,5-bisphosphate 3-kinase catalytic subunit gamma"
AM,Infection response,WSN vs mock,Arl4c,ENSMUSG00000049866,Upregulated,2.687,2.687,4.68e-14,protein_coding,1,ADP-ribosylation factor-like 4C
AM,Infection response,WSN vs mock,Sesn1,ENSMUSG00000038332,Downregulated,-2.972,2.972,5.52e-14,protein_coding,10,sestrin 1
AM,Infection response,WSN vs mock,1700019L13Rik,ENSMUSG00000111639,Upregulated,4.262,4.262,7.15e-14,lncRNA,9,1700019L13 gene
AM,Infection response,WSN vs mock,Nfil3,ENSMUSG00000056749,Upregulated,2.306,2.306,7.15e-14,protein_coding,13,"nuclear factor, interleukin 3, regulated"
AM,Infection response,WSN vs mock,Aqp9,ENSMUSG00000032204,Upregulated,4.246,4.246,1.03e-13,protein_coding,9,aquaporin 9
AM,Infection response,WSN vs mock,Gpr85,ENSMUSG00000048216,Downregulated,-4.847,4.847,1.10e-13,protein_coding,6,G protein-coupled receptor 85
AM,Infection response,WSN vs mock,Gm70772,ENSMUSG00000136117,Upregulated,4.565,4.565,1.28e-13,lncRNA,1,70772
AM,Infection response,WSN vs mock,2310001H17Rik,ENSMUSG00000097354,Upregulated,2.645,2.645,1.57e-13,lncRNA,6,2310001H17 gene
AM,Infection response,WSN vs mock,Phlda1,ENSMUSG00000020205,Upregulated,2.795,2.795,3.18e-13,protein_coding,10,"pleckstrin homology like domain, family A, member 1"
AM,Infection response,WSN vs mock,Cxcl1,ENSMUSG00000029380,Upregulated,3.022,3.022,3.47e-13,protein_coding,5,C-X-C motif chemokine ligand 1
AM,Infection response,WSN vs mock,Il1b,ENSMUSG00000027398,Upregulated,2.425,2.425,5.22e-13,protein_coding,2,interleukin 1 beta
AM,Infection response,WSN vs mock,Idh1,ENSMUSG00000025950,Downregulated,-2.069,2.069,7.91e-13,protein_coding,1,"isocitrate dehydrogenase 1 (NADP+), soluble"
AM,Infection response,WSN vs mock,Gm45236,ENSMUSG00000109357,Upregulated,3.488,3.488,8.84e-13,TEC,7,predicted gene 45236
AM,Infection response,WSN vs mock,Lair1,ENSMUSG00000055541,Downregulated,-2.142,2.142,1.02e-12,protein_coding,7,leukocyte-associated Ig-like receptor 1
AM,Infection response,WSN vs mock,Nr4a1,ENSMUSG00000023034,Upregulated,3.893,3.893,1.22e-12,protein_coding,15,"nuclear receptor subfamily 4, group A, member 1"
AM,Infection response,WSN vs mock,Hilpda,ENSMUSG00000043421,Upregulated,3.603,3.603,1.42e-12,protein_coding,6,hypoxia inducible lipid droplet associated
AM,Infection response,WSN vs mock,Gm13986,ENSMUSG00000087203,Upregulated,3.17,3.17,1.94e-12,lncRNA,2,predicted gene 13986
AM,Infection response,WSN vs mock,Kitl,ENSMUSG00000019966,Downregulated,-3.047,3.047,2.33e-12,protein_coding,10,kit ligand
AM,Infection response,WSN vs mock,Osm,ENSMUSG00000058755,Upregulated,4.495,4.495,3.50e-12,protein_coding,11,oncostatin M
AM,Infection response,WSN vs mock,Cd300lb,ENSMUSG00000063193,Downregulated,-3.911,3.911,4.33e-12,protein_coding,11,CD300 molecule like family member B
AM,Infection response,WSN vs mock,Bace2,ENSMUSG00000040605,Upregulated,4.389,4.389,5.16e-12,protein_coding,16,beta-site APP-cleaving enzyme 2
AM,Infection response,WSN vs mock,Odc1,ENSMUSG00000011179,Upregulated,3.568,3.568,5.68e-12,protein_coding,12,"ornithine decarboxylase, structural 1"
AM,Infection response,WSN vs mock,Sephs2,ENSMUSG00000049091,Downregulated,-2.338,2.338,5.88e-12,protein_coding,7,selenophosphate synthetase 2
AM,Infection response,WSN vs mock,Abcb1a,ENSMUSG00000040584,Upregulated,3.762,3.762,6.10e-12,protein_coding,5,"ATP-binding cassette, sub-family B member 1A"
AM,Infection response,WSN vs mock,Gm15655,ENSMUSG00000086717,Downregulated,-3.25,3.25,7.05e-12,lncRNA,8,predicted gene 15655
AM,Infection response,WSN vs mock,Ptpn6,ENSMUSG00000004266,Downregulated,-2.088,2.088,7.98e-12,protein_coding,6,"protein tyrosine phosphatase, non-receptor type 6"
AM,Infection response,WSN vs mock,Gm15832,ENSMUSG00000085894,Upregulated,5.037,5.037,1.04e-11,lncRNA,1,predicted gene 15832
AM,Infection response,WSN vs mock,Garin1a,ENSMUSG00000079652,Upregulated,11.264,11.264,1.19e-11,protein_coding,6,golgi associated RAB2 interactor 1A
AM,Infection response,WSN vs mock,Rybp,ENSMUSG00000072872,Upregulated,2.32,2.32,1.19e-11,protein_coding,6,RING1 and YY1 binding protein
AM,Infection response,WSN vs mock,Ptprj,ENSMUSG00000025314,Downregulated,-3.097,3.097,1.28e-11,protein_coding,2,protein tyrosine phosphatase receptor type J
AM,Infection response,WSN vs mock,Ptgs2os2,ENSMUSG00000097754,Upregulated,4.287,4.287,1.38e-11,lncRNA,1,"prostaglandin-endoperoxide synthase 2, opposite strand 2"
AM,Infection response,WSN vs mock,Bbc3,ENSMUSG00000002083,Upregulated,2.514,2.514,1.38e-11,protein_coding,7,BCL2 binding component 3
AM,Infection response,WSN vs mock,Cxcl2,ENSMUSG00000058427,Upregulated,2.402,2.402,1.82e-11,protein_coding,5,C-X-C motif chemokine ligand 2
AM,Infection response,WSN vs mock,Ppp1r15a,ENSMUSG00000040435,Upregulated,3.105,3.105,2.28e-11,protein_coding,7,"protein phosphatase 1, regulatory subunit 15A"
AM,Infection response,WSN vs mock,Nr4a3,ENSMUSG00000028341,Upregulated,6.234,6.234,2.79e-11,protein_coding,4,"nuclear receptor subfamily 4, group A, member 3"
AM,Infection response,WSN vs mock,Pik3cd,ENSMUSG00000039936,Downregulated,-2.34,2.34,2.79e-11,protein_coding,4,"phosphatidylinositol-4,5-bisphosphate 3-kinase catalytic subunit delta"
AM,Infection response,WSN vs mock,Gm74745,ENSMUSG00000126405,Upregulated,3.396,3.396,3.20e-11,lncRNA,2,74745
AM,Infection response,WSN vs mock,Ccbe1,ENSMUSG00000046318,Upregulated,3.798,3.798,3.45e-11,protein_coding,18,collagen and calcium binding EGF domains 1
AM,Infection response,WSN vs mock,Tifab,ENSMUSG00000049625,Downregulated,-3.399,3.399,4.24e-11,protein_coding,13,"TRAF-interacting protein with forkhead-associated domain, family member B"
AM,Infection response,WSN vs mock,Scd2,ENSMUSG00000025203,Downregulated,-3.745,3.745,4.62e-11,protein_coding,19,stearoyl-Coenzyme A desaturase 2
AM,Infection response,WSN vs mock,Pi16,ENSMUSG00000024011,Upregulated,7.154,7.154,4.96e-11,protein_coding,17,peptidase inhibitor 16
AM,Infection response,WSN vs mock,Mreg,ENSMUSG00000039395,Upregulated,5.81,5.81,4.96e-11,protein_coding,1,melanoregulin
AM,Infection response,WSN vs mock,9530053H05Rik,ENSMUSG00000141856,Upregulated,2.435,2.435,4.96e-11,lncRNA,19,9530053H05 gene
AM,Infection response,WSN vs mock,Mir155hg,ENSMUSG00000097418,Upregulated,3.078,3.078,5.20e-11,lncRNA,16,Mir155 host gene (non-protein coding)
AM,Infection response,WSN vs mock,Gadd45g,ENSMUSG00000021453,Upregulated,2.377,2.377,5.49e-11,protein_coding,13,growth arrest and DNA-damage-inducible 45 gamma
AM,Infection response,WSN vs mock,Gm65507,ENSMUSG00000134914,Upregulated,3.738,3.738,7.26e-11,lncRNA,3,65507
AM,Infection response,WSN vs mock,Tor4a,ENSMUSG00000059555,Downregulated,-2.024,2.024,7.80e-11,protein_coding,2,"torsin family 4, member A"
AM,Infection response,WSN vs mock,Smim36,ENSMUSG00000110344,Upregulated,4.052,4.052,8.16e-11,protein_coding,11,small integral membrane protein 36
AM,Infection response,WSN vs mock,Gm13571,ENSMUSG00000086196,Upregulated,4.262,4.262,8.32e-11,lncRNA,2,predicted gene 13571
AM,Infection response,WSN vs mock,Arg2,ENSMUSG00000021125,Upregulated,3.288,3.288,9.52e-11,protein_coding,12,arginase type II
AM,Infection response,WSN vs mock,Rnd1,ENSMUSG00000054855,Upregulated,2.983,2.983,1.17e-10,protein_coding,15,Rho family GTPase 1
AM,Infection response,WSN vs mock,Ccl4,ENSMUSG00000018930,Upregulated,3.046,3.046,1.30e-10,protein_coding,11,C-C motif chemokine ligand 4
AM,Infection response,WSN vs mock,Card19,ENSMUSG00000037960,Upregulated,2.176,2.176,1.35e-10,protein_coding,13,"caspase recruitment domain family, member 19"
AM,Infection response,WSN vs mock,Gm47861,ENSMUSG00000112144,Upregulated,3.424,3.424,1.71e-10,lncRNA,6,47861
AM,Infection response,WSN vs mock,Gm28592,ENSMUSG00000100113,Upregulated,2.886,2.886,2.05e-10,lncRNA,10,predicted gene 28592
AM,Infection response,WSN vs mock,Fpr1,ENSMUSG00000045551,Downregulated,-2.068,2.068,2.49e-10,protein_coding,17,formyl peptide receptor 1
AM,Infection response,WSN vs mock,Crlf1,ENSMUSG00000007888,Upregulated,4.248,4.248,2.66e-10,protein_coding,8,cytokine receptor-like factor 1
AM,Infection response,WSN vs mock,Rspo2,ENSMUSG00000051920,Downregulated,-5.222,5.222,3.11e-10,protein_coding,15,R-spondin 2
AM,Infection response,WSN vs mock,Rgs16,ENSMUSG00000026475,Upregulated,3.965,3.965,3.37e-10,protein_coding,1,regulator of G-protein signaling 16
AM,Infection response,WSN vs mock,Thbd,ENSMUSG00000074743,Upregulated,2.488,2.488,4.42e-10,protein_coding,2,thrombomodulin
AM,Infection response,WSN vs mock,Dnah2,ENSMUSG00000005237,Upregulated,5.406,5.406,4.44e-10,protein_coding,11,"dynein, axonemal, heavy chain 2"
AM,Infection response,WSN vs mock,Grem2,ENSMUSG00000050069,Upregulated,4.929,4.929,6.21e-10,protein_coding,1,"gremlin 2, DAN family BMP antagonist"
AM,Infection response,WSN vs mock,Gramd1c,ENSMUSG00000036292,Upregulated,7.91,7.91,6.25e-10,protein_coding,16,GRAM domain containing 1C
AM,Infection response,WSN vs mock,Stat4,ENSMUSG00000062939,Upregulated,3.432,3.432,6.94e-10,protein_coding,1,signal transducer and activator of transcription 4
AM,Infection response,WSN vs mock,Adam33,ENSMUSG00000027318,Upregulated,5.451,5.451,7.40e-10,protein_coding,2,a disintegrin and metallopeptidase domain 33
AM,Infection response,WSN vs mock,Gm40950,ENSMUSG00000135938,Upregulated,2.205,2.205,9.18e-10,lncRNA,13,40950
AM,Infection response,WSN vs mock,Snhg6,ENSMUSG00000098234,Upregulated,2.341,2.341,1.23e-09,lncRNA,1,small nucleolar RNA host gene 6
AM,Infection response,WSN vs mock,Mybpc3,ENSMUSG00000002100,Upregulated,6.213,6.213,1.32e-09,protein_coding,2,"myosin binding protein C, cardiac"
AM,Infection response,WSN vs mock,Gm65021,ENSMUSG00000128887,Upregulated,3.815,3.815,1.35e-09,lncRNA,17,65021
AM,Infection response,WSN vs mock,Gm17501,ENSMUSG00000097183,Upregulated,2.724,2.724,1.42e-09,lncRNA,3,17501
AM,Infection response,WSN vs mock,Sgk1,ENSMUSG00000019970,Upregulated,2.963,2.963,1.43e-09,protein_coding,10,serum/glucocorticoid regulated kinase 1
AM,Infection response,WSN vs mock,H1f0,ENSMUSG00000096210,Upregulated,2.647,2.647,1.80e-09,protein_coding,15,H1.0 linker histone
AM,Infection response,WSN vs mock,Ogn,ENSMUSG00000021390,Downregulated,-4.045,4.045,2.04e-09,protein_coding,13,osteoglycin
AM,Infection response,WSN vs mock,1110019D14Rik,ENSMUSG00000097616,Downregulated,-3.676,3.676,2.32e-09,lncRNA,6,1110019D14 gene
AM,Infection response,WSN vs mock,2310043P16Rik,ENSMUSG00000108732,Downregulated,-2.615,2.615,2.50e-09,TEC,7,2310043P16 gene
AM,Infection response,WSN vs mock,Rai14,ENSMUSG00000022246,Upregulated,2.807,2.807,2.80e-09,protein_coding,15,retinoic acid induced 14
AM,Infection response,WSN vs mock,Dusp4,ENSMUSG00000031530,Upregulated,2.597,2.597,3.66e-09,protein_coding,8,dual specificity phosphatase 4
AM,Infection response,WSN vs mock,Id3,ENSMUSG00000007872,Upregulated,2.527,2.527,4.16e-09,protein_coding,4,inhibitor of DNA binding 3
AM,Infection response,WSN vs mock,Tfec,ENSMUSG00000029553,Downregulated,-3.465,3.465,5.20e-09,protein_coding,6,transcription factor EC
AM,Infection response,WSN vs mock,Ckap2l,ENSMUSG00000048327,Upregulated,3.836,3.836,5.43e-09,protein_coding,2,cytoskeleton associated protein 2-like
AM,Infection response,WSN vs mock,Lmcd1,ENSMUSG00000057604,Upregulated,3.843,3.843,7.01e-09,protein_coding,6,LIM and cysteine-rich domains 1
AM,Infection response,WSN vs mock,Mme,ENSMUSG00000027820,Downregulated,-4.035,4.035,8.01e-09,protein_coding,3,membrane metallo endopeptidase
AM,Infection response,WSN vs mock,Bhlhe40,ENSMUSG00000030103,Upregulated,2.703,2.703,9.46e-09,protein_coding,6,"basic helix-loop-helix family, member e40"
AM,Infection response,WSN vs mock,Lmnb1,ENSMUSG00000024590,Upregulated,3.15,3.15,1.08e-08,protein_coding,18,lamin B1
AM,Infection response,WSN vs mock,2300009A05Rik,ENSMUSG00000032403,Upregulated,2.64,2.64,1.32e-08,protein_coding,9,2300009A05 gene
AM,Infection response,WSN vs mock,Gstt4,ENSMUSG00000009093,Upregulated,4.553,4.553,1.33e-08,protein_coding,10,"glutathione S-transferase, theta 4"
AM,Infection response,WSN vs mock,Gla,ENSMUSG00000031266,Upregulated,2.153,2.153,1.38e-08,protein_coding,X,"galactosidase, alpha"
AM,Infection response,WSN vs mock,Thbs4,ENSMUSG00000021702,Upregulated,23.068,23.068,1.64e-08,protein_coding,13,thrombospondin 4
AM,Infection response,WSN vs mock,Plagl1,ENSMUSG00000019817,Upregulated,3.838,3.838,1.70e-08,protein_coding,10,pleiomorphic adenoma gene-like 1
AM,Infection response,WSN vs mock,Irs2,ENSMUSG00000038894,Upregulated,3.08,3.08,1.70e-08,protein_coding,8,insulin receptor substrate 2
AM,Infection response,WSN vs mock,Pcf11,ENSMUSG00000041328,Upregulated,2.128,2.128,3.05e-08,protein_coding,7,PCF11 cleavage and polyadenylation factor subunit
AM,Infection response,WSN vs mock,Ubash3b,ENSMUSG00000032020,Downregulated,-2.394,2.394,3.11e-08,protein_coding,9,"ubiquitin associated and SH3 domain containing, B"
AM,Infection response,WSN vs mock,Ikzf1,ENSMUSG00000018654,Downregulated,-2.13,2.13,3.16e-08,protein_coding,11,IKAROS family zinc finger 1
AM,Infection response,WSN vs mock,Gm44729,ENSMUSG00000108806,Downregulated,-2.121,2.121,3.26e-08,TEC,7,predicted gene 44729
AM,Infection response,WSN vs mock,Il33,ENSMUSG00000024810,Upregulated,9.619,9.619,3.40e-08,protein_coding,19,interleukin 33
AM,Infection response,WSN vs mock,Lrrc32,ENSMUSG00000090958,Upregulated,2.174,2.174,3.79e-08,protein_coding,7,leucine rich repeat containing 32
AM,Infection response,WSN vs mock,Gm64467,ENSMUSG00000141504,Upregulated,4.473,4.473,3.87e-08,lncRNA,8,64467
AM,Infection response,WSN vs mock,S1pr3,ENSMUSG00000067586,Downregulated,-3.515,3.515,3.89e-08,protein_coding,13,sphingosine-1-phosphate receptor 3
AM,Infection response,WSN vs mock,Adora2b,ENSMUSG00000018500,Upregulated,3.377,3.377,4.67e-08,protein_coding,11,adenosine A2b receptor
AM,Infection response,WSN vs mock,Tmem64,ENSMUSG00000043252,Downregulated,-2.566,2.566,4.67e-08,protein_coding,4,transmembrane protein 64
AM,Infection response,WSN vs mock,Sod3,ENSMUSG00000072941,Upregulated,2.205,2.205,4.67e-08,protein_coding,5,"superoxide dismutase 3, extracellular"
AM,Infection response,WSN vs mock,Sh2d6,ENSMUSG00000052631,Upregulated,5.319,5.319,5.08e-08,protein_coding,6,SH2 domain containing 6
AM,Infection response,WSN vs mock,Ptpro,ENSMUSG00000030223,Downregulated,-4.499,4.499,5.24e-08,protein_coding,6,protein tyrosine phosphatase receptor type O
AM,Infection response,WSN vs mock,Steap4,ENSMUSG00000012428,Downregulated,-3.767,3.767,5.30e-08,protein_coding,5,STEAP family member 4
AM,Infection response,WSN vs mock,Tbx3,ENSMUSG00000018604,Upregulated,4.986,4.986,5.35e-08,protein_coding,5,T-box 3
AM,Infection response,WSN vs mock,Ezr,ENSMUSG00000052397,Upregulated,2.109,2.109,5.50e-08,protein_coding,17,ezrin
AM,Infection response,WSN vs mock,Fnbp1l,ENSMUSG00000039735,Downregulated,-2.747,2.747,5.93e-08,protein_coding,3,formin binding protein 1-like
AM,Infection response,WSN vs mock,ENSMUSG00000121399,ENSMUSG00000121399,Upregulated,2.606,2.606,6.01e-08,lncRNA,11,novel transcript
AM,Infection response,WSN vs mock,Stard4,ENSMUSG00000024378,Downregulated,-3.302,3.302,6.37e-08,protein_coding,18,StAR related lipid transfer domain containing 4
AM,Infection response,WSN vs mock,Cd200r1,ENSMUSG00000022667,Downregulated,-2.398,2.398,9.34e-08,protein_coding,16,CD200 receptor 1
AM,Infection response,WSN vs mock,Kcnk6,ENSMUSG00000046410,Downregulated,-3.958,3.958,9.40e-08,protein_coding,7,"potassium inwardly-rectifying channel, subfamily K, member 6"
AM,Infection response,WSN vs mock,Abca9,ENSMUSG00000041797,Downregulated,-2.408,2.408,9.90e-08,protein_coding,11,"ATP-binding cassette, sub-family A member 9"
AM,Infection response,WSN vs mock,Gm74768,ENSMUSG00000126783,Downregulated,-2.229,2.229,9.94e-08,lncRNA,2,74768
AM,Infection response,WSN vs mock,Armc5,ENSMUSG00000042178,Downregulated,-2.547,2.547,1.06e-07,protein_coding,7,armadillo repeat containing 5
AM,Infection response,WSN vs mock,Pygm,ENSMUSG00000032648,Upregulated,4.639,4.639,1.07e-07,protein_coding,19,muscle glycogen phosphorylase
AM,Infection response,WSN vs mock,Nfam1,ENSMUSG00000058099,Downregulated,-3.284,3.284,1.09e-07,protein_coding,15,Nfat activating molecule with ITAM motif 1
AM,Infection response,WSN vs mock,Rassf4,ENSMUSG00000042129,Downregulated,-2.216,2.216,1.21e-07,protein_coding,6,Ras association (RalGDS/AF-6) domain family member 4
AM,Infection response,WSN vs mock,Dok2,ENSMUSG00000022102,Downregulated,-2.471,2.471,1.31e-07,protein_coding,14,docking protein 2
AM,Infection response,WSN vs mock,Amd1,ENSMUSG00000075232,Downregulated,-2.669,2.669,1.47e-07,protein_coding,10,S-adenosylmethionine decarboxylase 1
AM,Infection response,WSN vs mock,Cyria,ENSMUSG00000020589,Downregulated,-2.363,2.363,1.83e-07,protein_coding,12,CYFIP related Rac1 interactor A
AM,Infection response,WSN vs mock,Garin4,ENSMUSG00000091017,Upregulated,9.269,9.269,1.85e-07,protein_coding,1,golgi associated RAB2 interactor family member 4
AM,Infection response,WSN vs mock,Gm9115,ENSMUSG00000080845,Upregulated,3.88,3.88,1.85e-07,processed_pseudogene,X,predicted gene 9115
AM,Infection response,WSN vs mock,Ptgs2,ENSMUSG00000032487,Upregulated,2.692,2.692,1.85e-07,protein_coding,1,prostaglandin-endoperoxide synthase 2
AM,Infection response,WSN vs mock,Dusp5,ENSMUSG00000034765,Upregulated,2.717,2.717,1.93e-07,protein_coding,19,dual specificity phosphatase 5
AM,Infection response,WSN vs mock,Itga7,ENSMUSG00000025348,Upregulated,5.5,5.5,2.01e-07,protein_coding,10,integrin alpha 7
AM,Infection response,WSN vs mock,Hs6st2,ENSMUSG00000062184,Downregulated,-3.858,3.858,2.01e-07,protein_coding,X,heparan sulfate 6-O-sulfotransferase 2
AM,Infection response,WSN vs mock,Gm20531,ENSMUSG00000092482,Downregulated,-2.082,2.082,2.05e-07,lncRNA,6,predicted gene 20531
AM,Infection response,WSN vs mock,Pim2,ENSMUSG00000031155,Downregulated,-2.908,2.908,2.14e-07,protein_coding,X,proviral integration site 2
AM,Infection response,WSN vs mock,Ccl11,ENSMUSG00000020676,Upregulated,5.238,5.238,2.16e-07,protein_coding,11,C-C motif chemokine ligand 11
AM,Infection response,WSN vs mock,Gm13535,ENSMUSG00000084292,Upregulated,9.204,9.204,2.21e-07,processed_pseudogene,2,predicted gene 13535
AM,Infection response,WSN vs mock,Nxpe5,ENSMUSG00000047592,Downregulated,-2.624,2.624,2.21e-07,protein_coding,5,"neurexophilin and PC-esterase domain family, member 5"
AM,Infection response,WSN vs mock,Cyp26b1,ENSMUSG00000063415,Upregulated,6.118,6.118,2.24e-07,protein_coding,6,"cytochrome P450, family 26, subfamily b, polypeptide 1"
AM,Infection response,WSN vs mock,Id2,ENSMUSG00000020644,Upregulated,2.935,2.935,2.40e-07,protein_coding,12,inhibitor of DNA binding 2
AM,Infection response,WSN vs mock,Arhgef38,ENSMUSG00000040969,Upregulated,8.869,8.869,2.54e-07,protein_coding,3,Rho guanine nucleotide exchange factor 38
AM,Infection response,WSN vs mock,Lhfpl2,ENSMUSG00000045312,Upregulated,2.316,2.316,2.55e-07,protein_coding,13,lipoma HMGIC fusion partner-like 2
AM,Infection response,WSN vs mock,Cdt1,ENSMUSG00000006585,Upregulated,2.461,2.461,2.71e-07,protein_coding,8,chromatin licensing and DNA replication factor 1
AM,Infection response,WSN vs mock,Gm59199,ENSMUSG00000135122,Upregulated,3.051,3.051,2.81e-07,lncRNA,19,59199
AM,Infection response,WSN vs mock,Dcn,ENSMUSG00000019929,Upregulated,4.161,4.161,2.83e-07,protein_coding,10,decorin
AM,Infection response,WSN vs mock,Plxna4os1,ENSMUSG00000086763,Upregulated,3.615,3.615,3.19e-07,lncRNA,6,"plexin A4, opposite strand 1"
AM,Infection response,WSN vs mock,Gm74298,ENSMUSG00000141373,Upregulated,2.053,2.053,3.44e-07,lncRNA,11,74298
AM,Infection response,WSN vs mock,Gm7993,ENSMUSG00000107092,Upregulated,4.011,4.011,3.75e-07,processed_pseudogene,5,predicted gene 7993
AM,Infection response,WSN vs mock,Arrdc3,ENSMUSG00000074794,Upregulated,2.65,2.65,3.82e-07,protein_coding,13,arrestin domain containing 3
AM,Infection response,WSN vs mock,Fap,ENSMUSG00000000392,Upregulated,5.314,5.314,3.83e-07,protein_coding,2,fibroblast activation protein
AM,Infection response,WSN vs mock,A930003A15Rik,ENSMUSG00000075330,Downregulated,-3.79,3.79,3.85e-07,protein_coding,16,A930003A15 gene
AM,Infection response,WSN vs mock,Mat2a,ENSMUSG00000053907,Downregulated,-2.021,2.021,3.98e-07,protein_coding,6,methionine adenosyltransferase 2A
AM,Infection response,WSN vs mock,Tnfrsf12a,ENSMUSG00000023905,Upregulated,2.136,2.136,4.35e-07,protein_coding,17,"tumor necrosis factor receptor superfamily, member 12a"
AM,Infection response,WSN vs mock,Gm56872,ENSMUSG00000121163,Upregulated,3.375,3.375,4.61e-07,lncRNA,8,56872
AM,Infection response,WSN vs mock,Gm40358,ENSMUSG00000142514,Upregulated,9.122,9.122,5.08e-07,lncRNA,6,40358
AM,Infection response,WSN vs mock,Tnfsf15,ENSMUSG00000050395,Upregulated,3.351,3.351,5.08e-07,protein_coding,4,"tumor necrosis factor (ligand) superfamily, member 15"
AM,Infection response,WSN vs mock,4921516A02Rik,ENSMUSG00000112652,Upregulated,2.573,2.573,5.08e-07,lncRNA,10,4921516A02 gene
AM,Infection response,WSN vs mock,Cxcl3,ENSMUSG00000029379,Upregulated,2.821,2.821,5.57e-07,protein_coding,5,C-X-C motif chemokine ligand 3
AM,Infection response,WSN vs mock,Abcg1,ENSMUSG00000024030,Downregulated,-2.122,2.122,5.57e-07,protein_coding,17,ATP binding cassette subfamily G member 1
AM,Infection response,WSN vs mock,Gm41698,ENSMUSG00000123961,Upregulated,3.769,3.769,6.60e-07,lncRNA,18,41698
AM,Infection response,WSN vs mock,Csf3,ENSMUSG00000038067,Upregulated,3.992,3.992,7.00e-07,protein_coding,11,colony stimulating factor 3 (granulocyte)
AM,Infection response,WSN vs mock,Tmem51,ENSMUSG00000040616,Downregulated,-2.725,2.725,7.04e-07,protein_coding,4,transmembrane protein 51
AM,Infection response,WSN vs mock,Nfatc2,ENSMUSG00000027544,Downregulated,-2.35,2.35,7.47e-07,protein_coding,2,"nuclear factor of activated T cells, cytoplasmic, calcineurin dependent 2"
AM,Infection response,WSN vs mock,Tfrc,ENSMUSG00000022797,Downregulated,-3.171,3.171,8.22e-07,protein_coding,16,transferrin receptor
AM,Infection response,WSN vs mock,Hscb,ENSMUSG00000043510,Upregulated,2.24,2.24,8.80e-07,protein_coding,5,HscB iron-sulfur cluster co-chaperone
AM,Infection response,WSN vs mock,Gm66192,ENSMUSG00000141229,Upregulated,4.814,4.814,8.98e-07,lncRNA,3,66192
AM,Infection response,WSN vs mock,Lag3,ENSMUSG00000030124,Upregulated,3.141,3.141,1.10e-06,protein_coding,6,lymphocyte-activation gene 3
AM,Infection response,WSN vs mock,Tlr8,ENSMUSG00000040522,Downregulated,-2.662,2.662,1.20e-06,protein_coding,X,toll-like receptor 8
AM,Infection response,WSN vs mock,Scaper,ENSMUSG00000034007,Upregulated,2.106,2.106,1.45e-06,protein_coding,9,S phase cyclin A-associated protein in the ER
AM,Infection response,WSN vs mock,Saa3,ENSMUSG00000040026,Upregulated,2.208,2.208,1.70e-06,protein_coding,7,serum amyloid A 3
AM,Infection response,WSN vs mock,Ifna4,ENSMUSG00000070904,Upregulated,8.279,8.279,1.84e-06,protein_coding,4,interferon alpha 4
AM,Infection response,WSN vs mock,Nhsl3,ENSMUSG00000050390,Upregulated,2.151,2.151,1.86e-06,protein_coding,4,NHS like 3
AM,Infection response,WSN vs mock,Itga4,ENSMUSG00000027009,Downregulated,-2.928,2.928,1.92e-06,protein_coding,2,integrin alpha 4
AM,Infection response,WSN vs mock,Dram1,ENSMUSG00000020057,Downregulated,-2.466,2.466,1.96e-06,protein_coding,10,DNA-damage regulated autophagy modulator 1
AM,Infection response,WSN vs mock,Colec11,ENSMUSG00000036655,Upregulated,8.625,8.625,2.03e-06,protein_coding,12,collectin sub-family member 11
AM,Infection response,WSN vs mock,Slc46a3,ENSMUSG00000029650,Downregulated,-3.645,3.645,2.07e-06,protein_coding,5,"solute carrier family 46, member 3"
AM,Infection response,WSN vs mock,Lss,ENSMUSG00000033105,Downregulated,-3.653,3.653,2.31e-06,protein_coding,10,lanosterol synthase
AM,Infection response,WSN vs mock,Dpysl2,ENSMUSG00000022048,Downregulated,-2.008,2.008,2.31e-06,protein_coding,14,dihydropyrimidinase-like 2
AM,Infection response,WSN vs mock,Ampd1,ENSMUSG00000070385,Upregulated,8.714,8.714,2.42e-06,protein_coding,3,adenosine monophosphate deaminase 1
AM,Infection response,WSN vs mock,Acat2,ENSMUSG00000023832,Downregulated,-3.86,3.86,2.50e-06,protein_coding,17,acetyl-Coenzyme A acetyltransferase 2
AM,Infection response,WSN vs mock,Nt5e,ENSMUSG00000032420,Upregulated,4.924,4.924,2.61e-06,protein_coding,9,"5' nucleotidase, ecto"
AM,Infection response,WSN vs mock,Eml1,ENSMUSG00000058070,Upregulated,2.718,2.718,2.65e-06,protein_coding,12,echinoderm microtubule associated protein like 1
AM,Infection response,WSN vs mock,Gpr18,ENSMUSG00000050350,Downregulated,-2.444,2.444,2.65e-06,protein_coding,14,G protein-coupled receptor 18
AM,Infection response,WSN vs mock,Sema4c,ENSMUSG00000026121,Downregulated,-2.323,2.323,2.70e-06,protein_coding,1,"sema domain, immunoglobulin domain (Ig), transmembrane domain (TM) and short cytoplasmic domain, (semaphorin) 4C"
AM,Infection response,WSN vs mock,Gm45774,ENSMUSG00000110588,Upregulated,3.766,3.766,2.99e-06,lncRNA,8,predicted gene 45774
AM,Infection response,WSN vs mock,Itgb3,ENSMUSG00000020689,Upregulated,2.469,2.469,3.04e-06,protein_coding,11,integrin beta 3
AM,Infection response,WSN vs mock,4933430I17Rik,ENSMUSG00000058046,Upregulated,2.277,2.277,3.19e-06,protein_coding,4,4933430I17 gene
AM,Infection response,WSN vs mock,Dqx1,ENSMUSG00000009145,Upregulated,6.638,6.638,3.29e-06,protein_coding,6,DEAQ RNA-dependent ATPase
AM,Infection response,WSN vs mock,Tlr4,ENSMUSG00000039005,Downregulated,-2.703,2.703,3.61e-06,protein_coding,4,toll-like receptor 4
AM,Infection response,WSN vs mock,Gm73429,ENSMUSG00000137874,Upregulated,3.614,3.614,3.67e-06,lncRNA,7,73429
AM,Infection response,WSN vs mock,Tmem229b,ENSMUSG00000046157,Downregulated,-2.803,2.803,3.98e-06,protein_coding,12,transmembrane protein 229B
AM,Infection response,WSN vs mock,Tnc,ENSMUSG00000028364,Upregulated,3.796,3.796,4.28e-06,protein_coding,4,tenascin C
AM,Infection response,WSN vs mock,Gm42829,ENSMUSG00000105895,Upregulated,7.885,7.885,4.32e-06,lncRNA,5,predicted gene 42829
AM,Infection response,WSN vs mock,Chrna2,ENSMUSG00000022041,Upregulated,7.971,7.971,4.63e-06,protein_coding,14,cholinergic receptor nicotinic alpha 2 subunit
AM,Infection response,WSN vs mock,Aoc2,ENSMUSG00000078651,Upregulated,4.78,4.78,4.73e-06,protein_coding,11,amine oxidase copper containing 2
AM,Infection response,WSN vs mock,Spry4,ENSMUSG00000024427,Upregulated,3.167,3.167,5.04e-06,protein_coding,18,sprouty RTK signaling antagonist 4
AM,Infection response,WSN vs mock,Adamts5,ENSMUSG00000022894,Downregulated,-2.825,2.825,5.27e-06,protein_coding,16,ADAM metallopeptidase with thrombospondin type 1 motif 5
AM,Infection response,WSN vs mock,Rpl9-ps1,ENSMUSG00000081906,Upregulated,7.724,7.724,5.28e-06,processed_pseudogene,11,"ribosomal protein L9, pseudogene 1"
AM,Infection response,WSN vs mock,Popdc2,ENSMUSG00000022803,Upregulated,6.158,6.158,5.38e-06,protein_coding,16,popeye domain containing 2
AM,Infection response,WSN vs mock,Gm1070,ENSMUSG00000121300,Upregulated,5.041,5.041,5.53e-06,lncRNA,6,predicted gene 1070
AM,Infection response,WSN vs mock,Dusp8,ENSMUSG00000037887,Upregulated,3.824,3.824,5.99e-06,protein_coding,7,dual specificity phosphatase 8
AM,Infection response,WSN vs mock,Plekha6,ENSMUSG00000041757,Upregulated,8.461,8.461,6.11e-06,protein_coding,1,"pleckstrin homology domain containing, family A member 6"
AM,Infection response,WSN vs mock,Lgals4,ENSMUSG00000053964,Upregulated,5.375,5.375,6.12e-06,protein_coding,7,"lectin, galactose binding, soluble 4"
AM,Infection response,WSN vs mock,C430002N11Rik,ENSMUSG00000101581,Upregulated,4.347,4.347,6.33e-06,lncRNA,9,C430002N11 gene
AM,Infection response,WSN vs mock,Oit3,ENSMUSG00000009654,Upregulated,2.732,2.732,6.41e-06,protein_coding,10,oncoprotein induced transcript 3
AM,Infection response,WSN vs mock,Rhov,ENSMUSG00000034226,Upregulated,3.763,3.763,6.69e-06,protein_coding,2,ras homolog family member V
AM,Infection response,WSN vs mock,Gm64270,ENSMUSG00000138015,Upregulated,3.534,3.534,6.71e-06,lncRNA,8,64270
AM,Infection response,WSN vs mock,Epb41l4aos,ENSMUSG00000087590,Upregulated,2.84,2.84,7.56e-06,lncRNA,18,"erythrocyte membrane protein band 4.1 like 4a, opposite strand"
AM,Infection response,WSN vs mock,Trib1,ENSMUSG00000032501,Downregulated,-2.391,2.391,7.58e-06,protein_coding,15,tribbles pseudokinase 1
AM,Infection response,WSN vs mock,4933412O06Rik,ENSMUSG00000113960,Upregulated,4.809,4.809,7.77e-06,lncRNA,13,4933412O06 gene
AM,Infection response,WSN vs mock,Pfkl,ENSMUSG00000020277,Downregulated,-2.161,2.161,7.77e-06,protein_coding,10,"phosphofructokinase, liver, B-type"
AM,Infection response,WSN vs mock,Slc38a1,ENSMUSG00000023169,Upregulated,2.009,2.009,7.77e-06,protein_coding,15,"solute carrier family 38, member 1"
AM,Infection response,WSN vs mock,S1pr2,ENSMUSG00000043895,Downregulated,-2.161,2.161,8.03e-06,protein_coding,9,sphingosine-1-phosphate receptor 2
AM,Infection response,WSN vs mock,Tlr13,ENSMUSG00000033777,Downregulated,-2.121,2.121,8.13e-06,protein_coding,X,toll-like receptor 13
AM,Infection response,WSN vs mock,Sfn,ENSMUSG00000047281,Upregulated,2.859,2.859,9.80e-06,protein_coding,4,stratifin
AM,Infection response,WSN vs mock,Hspa1a,ENSMUSG00000091971,Upregulated,3.926,3.926,9.86e-06,protein_coding,17,heat shock protein 1A
AM,Infection response,WSN vs mock,Fmo1,ENSMUSG00000040181,Downregulated,-5.287,5.287,1.01e-05,protein_coding,1,flavin containing monooxygenase 1
AM,Infection response,WSN vs mock,Ifna5,ENSMUSG00000096682,Upregulated,7.79,7.79,1.02e-05,protein_coding,4,interferon alpha 5
AM,Infection response,WSN vs mock,Mcmdc2,ENSMUSG00000046101,Upregulated,3.117,3.117,1.11e-05,protein_coding,1,minichromosome maintenance domain containing 2
AM,Infection response,WSN vs mock,Gna15,ENSMUSG00000034792,Downregulated,-2.89,2.89,1.14e-05,protein_coding,10,"guanine nucleotide binding protein, alpha 15"
AM,Infection response,WSN vs mock,Oasl1,ENSMUSG00000041827,Upregulated,2.436,2.436,1.14e-05,protein_coding,5,2'-5' oligoadenylate synthetase-like 1
AM,Infection response,WSN vs mock,Gm46603,ENSMUSG00000117592,Upregulated,8.429,8.429,1.17e-05,lncRNA,17,46603
AM,Infection response,WSN vs mock,Egr2,ENSMUSG00000037868,Upregulated,2.088,2.088,1.18e-05,protein_coding,10,early growth response 2
AM,Infection response,WSN vs mock,Ifitm10,ENSMUSG00000045777,Upregulated,7.785,7.785,1.22e-05,protein_coding,7,interferon induced transmembrane protein 10
AM,Infection response,WSN vs mock,Ccn5,ENSMUSG00000027656,Downregulated,-3.845,3.845,1.27e-05,protein_coding,2,cellular communication network factor 5
AM,Infection response,WSN vs mock,Idi1,ENSMUSG00000058258,Downregulated,-4.74,4.74,1.38e-05,protein_coding,13,isopentenyl-diphosphate delta isomerase
AM,Infection response,WSN vs mock,Cdk5r1,ENSMUSG00000048895,Upregulated,4.127,4.127,1.38e-05,protein_coding,11,"cyclin dependent kinase 5, regulatory subunit 1"
AM,Infection response,WSN vs mock,Cyp51,ENSMUSG00000001467,Downregulated,-3.789,3.789,1.38e-05,protein_coding,5,"cytochrome P450, family 51"
AM,Infection response,WSN vs mock,Rgs14,ENSMUSG00000052087,Downregulated,-2.606,2.606,1.41e-05,protein_coding,13,regulator of G-protein signaling 14
AM,Infection response,WSN vs mock,Serpinb1a,ENSMUSG00000044734,Downregulated,-3.362,3.362,1.43e-05,protein_coding,13,"serine (or cysteine) peptidase inhibitor, clade B, member 1a"
AM,Infection response,WSN vs mock,Sort1,ENSMUSG00000068747,Downregulated,-2.218,2.218,1.45e-05,protein_coding,3,sortilin 1
AM,Infection response,WSN vs mock,1500015A07Rik,ENSMUSG00000098702,Upregulated,3.865,3.865,1.59e-05,lncRNA,18,1500015A07 gene
AM,Infection response,WSN vs mock,Sqle,ENSMUSG00000022351,Downregulated,-3.524,3.524,1.60e-05,protein_coding,15,squalene epoxidase
AM,Infection response,WSN vs mock,Il20rb,ENSMUSG00000044244,Upregulated,2.363,2.363,1.69e-05,protein_coding,9,interleukin 20 receptor beta
AM,Infection response,WSN vs mock,Tarm1,ENSMUSG00000053338,Upregulated,2.376,2.376,1.76e-05,protein_coding,7,"T cell-interacting, activating receptor on myeloid cells 1"
AM,Infection response,WSN vs mock,Trdc,ENSMUSG00000104876,Upregulated,5.543,5.543,1.79e-05,TR_C_gene,14,"T cell receptor delta, constant region"
AM,Infection response,WSN vs mock,Fosl1,ENSMUSG00000024912,Upregulated,2.297,2.297,1.88e-05,protein_coding,19,fos-like antigen 1
AM,Infection response,WSN vs mock,Cpne9,ENSMUSG00000030270,Upregulated,8.119,8.119,1.91e-05,protein_coding,6,copine family member IX
AM,Infection response,WSN vs mock,Igsf9,ENSMUSG00000037995,Upregulated,2.939,2.939,2.07e-05,protein_coding,1,"immunoglobulin superfamily, member 9"
AM,Infection response,WSN vs mock,Tmem25,ENSMUSG00000002032,Upregulated,8.129,8.129,2.20e-05,protein_coding,9,transmembrane protein 25
AM,Infection response,WSN vs mock,Ica1,ENSMUSG00000062995,Upregulated,3.09,3.09,2.40e-05,protein_coding,6,islet cell autoantigen 1
AM,Infection response,WSN vs mock,Gm43351,ENSMUSG00000105769,Upregulated,3.093,3.093,2.46e-05,lncRNA,3,predicted gene 43351
AM,Infection response,WSN vs mock,Stac3,ENSMUSG00000040287,Upregulated,5.617,5.617,2.47e-05,protein_coding,10,SH3 and cysteine rich domain 3
AM,Infection response,WSN vs mock,Gm39286,ENSMUSG00000142668,Upregulated,8.125,8.125,2.62e-05,lncRNA,8,39286
AM,Infection response,WSN vs mock,Kdm6b,ENSMUSG00000018476,Upregulated,3.14,3.14,2.66e-05,protein_coding,11,KDM1 lysine (K)-specific demethylase 6B
AM,Infection response,WSN vs mock,Gpr15lg,ENSMUSG00000096001,Upregulated,7.438,7.438,2.73e-05,protein_coding,14,G protein coupled receptor 15 ligand
AM,Infection response,WSN vs mock,Tirap,ENSMUSG00000032041,Downregulated,-2.086,2.086,3.12e-05,protein_coding,9,toll-interleukin 1 receptor (TIR) domain-containing adaptor protein
AM,Infection response,WSN vs mock,Ddit4,ENSMUSG00000020108,Upregulated,2.004,2.004,3.21e-05,protein_coding,10,DNA-damage-inducible transcript 4
AM,Infection response,WSN vs mock,Lrig1,ENSMUSG00000030029,Upregulated,2.285,2.285,3.21e-05,protein_coding,6,leucine-rich repeats and immunoglobulin-like domains 1
AM,Infection response,WSN vs mock,Gcg,ENSMUSG00000000394,Upregulated,8.046,8.046,3.29e-05,protein_coding,2,glucagon
AM,Infection response,WSN vs mock,Gm48065,ENSMUSG00000111116,Upregulated,2.905,2.905,3.41e-05,lncRNA,10,48065
AM,Infection response,WSN vs mock,Clec5a,ENSMUSG00000029915,Downregulated,-3.51,3.51,3.50e-05,protein_coding,6,"C-type lectin domain family 5, member a"
AM,Infection response,WSN vs mock,Insl6,ENSMUSG00000050957,Upregulated,2.406,2.406,3.59e-05,protein_coding,19,insulin-like 6
AM,Infection response,WSN vs mock,Gm49774,ENSMUSG00000116657,Upregulated,4.064,4.064,3.68e-05,lncRNA,17,49774
AM,Infection response,WSN vs mock,Azin1,ENSMUSG00000037458,Downregulated,-2.199,2.199,3.68e-05,protein_coding,15,antizyme inhibitor 1
AM,Infection response,WSN vs mock,Has1,ENSMUSG00000003665,Upregulated,5.96,5.96,3.79e-05,protein_coding,17,hyaluronan synthase 1
AM,Infection response,WSN vs mock,Tlr1,ENSMUSG00000044827,Downregulated,-2.638,2.638,4.11e-05,protein_coding,5,toll-like receptor 1
AM,Infection response,WSN vs mock,Gm35034,ENSMUSG00000140822,Upregulated,7.955,7.955,4.24e-05,lncRNA,4,35034
AM,Infection response,WSN vs mock,Evpl,ENSMUSG00000034282,Upregulated,8.112,8.112,4.70e-05,protein_coding,11,envoplakin
AM,Infection response,WSN vs mock,Cfh,ENSMUSG00000026365,Downregulated,-3.499,3.499,4.72e-05,protein_coding,1,complement component factor h
AM,Infection response,WSN vs mock,Cd180,ENSMUSG00000021624,Downregulated,-2.405,2.405,4.75e-05,protein_coding,13,CD180 antigen
AM,Infection response,WSN vs mock,Plac9,ENSMUSG00000095304,Downregulated,-2.133,2.133,4.84e-05,protein_coding,14,placenta specific 9
AM,Infection response,WSN vs mock,Marchf1,ENSMUSG00000036469,Downregulated,-2.462,2.462,4.85e-05,protein_coding,8,membrane associated ring-CH-type finger 1
AM,Infection response,WSN vs mock,Cdh24,ENSMUSG00000059674,Upregulated,5.375,5.375,5.04e-05,protein_coding,14,cadherin-like 24
AM,Infection response,WSN vs mock,Tbc1d13,ENSMUSG00000039678,Downregulated,-2.393,2.393,5.08e-05,protein_coding,2,"TBC1 domain family, member 13"
AM,Infection response,WSN vs mock,Pdxk,ENSMUSG00000032788,Upregulated,2.308,2.308,5.11e-05,protein_coding,10,"pyridoxal (pyridoxine, vitamin B6) kinase"
AM,Infection response,WSN vs mock,Ciart,ENSMUSG00000038550,Upregulated,3.088,3.088,5.21e-05,protein_coding,3,circadian associated repressor of transcription
AM,Infection response,WSN vs mock,Spmap1,ENSMUSG00000018543,Upregulated,7.843,7.843,5.34e-05,protein_coding,11,sperm microtubule associated protein 1
AM,Infection response,WSN vs mock,Slc35g1,ENSMUSG00000044026,Downregulated,-4.342,4.342,5.40e-05,protein_coding,19,"solute carrier family 35, member G1"
AM,Infection response,WSN vs mock,Tm4sf1,ENSMUSG00000027800,Upregulated,2.265,2.265,5.46e-05,protein_coding,3,transmembrane 4 superfamily member 1
AM,Infection response,WSN vs mock,Lgr6,ENSMUSG00000042793,Upregulated,4.666,4.666,5.75e-05,protein_coding,1,leucine-rich repeat-containing G protein-coupled receptor 6
AM,Infection response,WSN vs mock,Clcf1,ENSMUSG00000040663,Upregulated,2.827,2.827,5.78e-05,protein_coding,19,cardiotrophin-like cytokine factor 1
AM,Infection response,WSN vs mock,Gm20544,ENSMUSG00000092569,Upregulated,5.25,5.25,6.01e-05,lncRNA,18,predicted gene 20544
AM,Infection response,WSN vs mock,A930007I19Rik,ENSMUSG00000097855,Upregulated,2.269,2.269,6.23e-05,lncRNA,19,A930007I19 gene
AM,Infection response,WSN vs mock,9530062K07Rik,ENSMUSG00000108030,Upregulated,5.736,5.736,6.38e-05,lncRNA,6,9530062K07 gene
AM,Infection response,WSN vs mock,Mrc1,ENSMUSG00000026712,Downregulated,-2.786,2.786,6.41e-05,protein_coding,2,"mannose receptor, C type 1"
AM,Infection response,WSN vs mock,Ccr3,ENSMUSG00000035448,Downregulated,-2.8,2.8,7.06e-05,protein_coding,9,C-C motif chemokine receptor 3
AM,Infection response,WSN vs mock,Mybl1,ENSMUSG00000025912,Upregulated,3.004,3.004,7.44e-05,protein_coding,1,myeloblastosis oncogene-like 1
AM,Infection response,WSN vs mock,Tmprss2,ENSMUSG00000000385,Upregulated,7.268,7.268,7.54e-05,protein_coding,16,"transmembrane protease, serine 2"
AM,Infection response,WSN vs mock,Hspa1b,ENSMUSG00000090877,Upregulated,3.186,3.186,7.56e-05,protein_coding,17,heat shock protein 1B
AM,Infection response,WSN vs mock,Astl,ENSMUSG00000050468,Upregulated,7.935,7.935,8.17e-05,protein_coding,2,astacin like metalloendopeptidase
AM,Infection response,WSN vs mock,Myo1a,ENSMUSG00000025401,Upregulated,7.999,7.999,8.25e-05,protein_coding,10,myosin IA
AM,Infection response,WSN vs mock,Dnah10,ENSMUSG00000038011,Upregulated,7.999,7.999,8.32e-05,protein_coding,5,"dynein, axonemal, heavy chain 10"
AM,Infection response,WSN vs mock,Gm38985,ENSMUSG00000141766,Upregulated,3.518,3.518,8.42e-05,lncRNA,11,38985
AM,Infection response,WSN vs mock,Il7r,ENSMUSG00000003882,Upregulated,2.335,2.335,8.50e-05,protein_coding,15,interleukin 7 receptor
AM,Infection response,WSN vs mock,Msmo1,ENSMUSG00000031604,Downregulated,-3.497,3.497,8.69e-05,protein_coding,8,methylsterol monoxygenase 1
AM,Infection response,WSN vs mock,Carmil2,ENSMUSG00000050357,Upregulated,3.822,3.822,8.73e-05,protein_coding,8,capping protein regulator and myosin 1 linker 2
AM,Infection response,WSN vs mock,Sgk3,ENSMUSG00000025915,Downregulated,-3.164,3.164,8.75e-05,protein_coding,1,serum/glucocorticoid regulated kinase 3
AM,Infection response,WSN vs mock,Gm56706,ENSMUSG00000120755,Upregulated,5.654,5.654,9.14e-05,lncRNA,15,56706
AM,Infection response,WSN vs mock,Gm13889,ENSMUSG00000087006,Upregulated,5.716,5.716,9.83e-05,protein_coding,2,predicted gene 13889
AM,Infection response,WSN vs mock,Islr2,ENSMUSG00000051243,Upregulated,7.601,7.601,9.95e-05,protein_coding,9,immunoglobulin superfamily containing leucine-rich repeat 2
AM,Infection response,WSN vs mock,Gm56791,ENSMUSG00000120717,Upregulated,3.961,3.961,9.95e-05,lncRNA,3,56791
AM,Infection response,WSN vs mock,Il23a,ENSMUSG00000025383,Upregulated,7.495,7.495,1.01e-04,protein_coding,10,"interleukin 23, alpha subunit p19"
AM,Infection response,WSN vs mock,Gm30712,ENSMUSG00000124148,Downregulated,-2.51,2.51,1.10e-04,lncRNA,8,30712
AM,Infection response,WSN vs mock,Gm16759,ENSMUSG00000086539,Upregulated,2.442,2.442,1.16e-04,lncRNA,9,16759
AM,Infection response,WSN vs mock,Tnfrsf9,ENSMUSG00000028965,Upregulated,2.911,2.911,1.17e-04,protein_coding,4,"tumor necrosis factor receptor superfamily, member 9"
AM,Infection response,WSN vs mock,Syt7,ENSMUSG00000024743,Upregulated,3.935,3.935,1.18e-04,protein_coding,19,synaptotagmin VII
AM,Infection response,WSN vs mock,Gm36738,ENSMUSG00000116097,Upregulated,2.791,2.791,1.23e-04,lncRNA,15,36738
AM,Infection response,WSN vs mock,Mmp27,ENSMUSG00000070323,Downregulated,-2.832,2.832,1.25e-04,protein_coding,9,matrix metallopeptidase 27
AM,Infection response,WSN vs mock,Cmtm6,ENSMUSG00000032434,Downregulated,-3.009,3.009,1.29e-04,protein_coding,9,CKLF-like MARVEL transmembrane domain containing 6
AM,Infection response,WSN vs mock,Il1rl1,ENSMUSG00000026069,Upregulated,6.216,6.216,1.30e-04,protein_coding,1,interleukin 1 receptor-like 1
AM,Infection response,WSN vs mock,Phf7,ENSMUSG00000021902,Upregulated,2.177,2.177,1.30e-04,protein_coding,14,PHD finger protein 7
AM,Infection response,WSN vs mock,Adam12,ENSMUSG00000054555,Upregulated,3.683,3.683,1.31e-04,protein_coding,7,ADAM metallopeptidase domain 12
AM,Infection response,WSN vs mock,Hmcn2,ENSMUSG00000055632,Upregulated,3.327,3.327,1.31e-04,protein_coding,2,hemicentin 2
AM,Infection response,WSN vs mock,Gm49598,ENSMUSG00000116712,Downregulated,-3.746,3.746,1.33e-04,lncRNA,16,49598
AM,Infection response,WSN vs mock,Gm57159,ENSMUSG00000121154,Upregulated,2.227,2.227,1.34e-04,lncRNA,4,57159
AM,Infection response,WSN vs mock,H2-K2,ENSMUSG00000121503,Upregulated,2.793,2.793,1.38e-04,lncRNA,17,"histocompatibility 2, K region locus 2"
AM,Infection response,WSN vs mock,Matn3,ENSMUSG00000020583,Upregulated,7.555,7.555,1.38e-04,protein_coding,12,matrilin 3
AM,Infection response,WSN vs mock,Dlgap5,ENSMUSG00000037544,Upregulated,2.66,2.66,1.41e-04,protein_coding,14,DLG associated protein 5
AM,Infection response,WSN vs mock,Cpm,ENSMUSG00000020183,Upregulated,7.021,7.021,1.41e-04,protein_coding,10,carboxypeptidase M
AM,Infection response,WSN vs mock,Ptprcap,ENSMUSG00000045826,Upregulated,3.606,3.606,1.42e-04,protein_coding,19,protein tyrosine phosphatase receptor type C polypeptide-associated protein
AM,Infection response,WSN vs mock,Pgap1,ENSMUSG00000073678,Downregulated,-2.105,2.105,1.46e-04,protein_coding,1,post-GPI attachment to proteins 1
AM,Infection response,WSN vs mock,Evi2a,ENSMUSG00000078771,Downregulated,-2.256,2.256,1.48e-04,protein_coding,11,ecotropic viral integration site 2a
AM,Infection response,WSN vs mock,Gm56727,ENSMUSG00000121075,Upregulated,2.096,2.096,1.49e-04,lncRNA,15,56727
AM,Infection response,WSN vs mock,2900060B14Rik,ENSMUSG00000107722,Upregulated,7.95,7.95,1.49e-04,lncRNA,1,2900060B14 gene
AM,Infection response,WSN vs mock,Ifna2,ENSMUSG00000078354,Upregulated,6.966,6.966,1.49e-04,protein_coding,4,interferon alpha 2
AM,Infection response,WSN vs mock,Gm9975,ENSMUSG00000120594,Upregulated,4.635,4.635,1.49e-04,lncRNA,11,predicted gene 9975
AM,Infection response,WSN vs mock,Htr2a,ENSMUSG00000034997,Upregulated,2.314,2.314,1.49e-04,protein_coding,14,5-hydroxytryptamine (serotonin) receptor 2A
AM,Infection response,WSN vs mock,Gm10382,ENSMUSG00000072612,Upregulated,2.499,2.499,1.59e-04,lncRNA,5,predicted gene 10382
AM,Infection response,WSN vs mock,Sfrp1,ENSMUSG00000031548,Downregulated,-2.971,2.971,1.59e-04,protein_coding,8,secreted frizzled-related protein 1
AM,Infection response,WSN vs mock,Slc16a3,ENSMUSG00000025161,Downregulated,-2.997,2.997,1.62e-04,protein_coding,11,"solute carrier family 16 (monocarboxylic acid transporters), member 3"
AM,Infection response,WSN vs mock,Gm64317,ENSMUSG00000139343,Downregulated,-2.85,2.85,1.63e-04,lncRNA,8,64317
AM,Infection response,WSN vs mock,Gm57137,ENSMUSG00000121059,Downregulated,-2.635,2.635,1.65e-04,lncRNA,4,57137
AM,Infection response,WSN vs mock,Hspb1,ENSMUSG00000004951,Upregulated,3.144,3.144,1.75e-04,protein_coding,5,heat shock protein 1
AM,Infection response,WSN vs mock,Gm33439,ENSMUSG00000132371,Upregulated,3.385,3.385,1.76e-04,lncRNA,10,33439
AM,Infection response,WSN vs mock,Slc16a12,ENSMUSG00000009378,Upregulated,4.746,4.746,1.76e-04,protein_coding,19,"solute carrier family 16 (monocarboxylic acid transporters), member 12"
AM,Infection response,WSN vs mock,2900024J01Rik,ENSMUSG00000135675,Upregulated,7.609,7.609,1.80e-04,lncRNA,1,2900024J01 gene
AM,Infection response,WSN vs mock,Smad7,ENSMUSG00000025880,Upregulated,2.925,2.925,1.82e-04,protein_coding,18,SMAD family member 7
AM,Infection response,WSN vs mock,AA474408,ENSMUSG00000073867,Upregulated,5.542,5.542,1.82e-04,TEC,7,expressed sequence AA474408
AM,Infection response,WSN vs mock,Fdps,ENSMUSG00000059743,Downregulated,-2.823,2.823,1.97e-04,protein_coding,3,farnesyl diphosphate synthetase
AM,Infection response,WSN vs mock,Dhcr24,ENSMUSG00000034926,Downregulated,-3.422,3.422,1.99e-04,protein_coding,4,24-dehydrocholesterol reductase
AM,Infection response,WSN vs mock,Gpr35,ENSMUSG00000026271,Upregulated,2.958,2.958,2.04e-04,protein_coding,1,G protein-coupled receptor 35
AM,Infection response,WSN vs mock,Mfap5,ENSMUSG00000030116,Upregulated,2.631,2.631,2.06e-04,protein_coding,6,microfibrillar associated protein 5
AM,Infection response,WSN vs mock,Chaf1b,ENSMUSG00000022945,Upregulated,2.452,2.452,2.06e-04,protein_coding,16,"chromatin assembly factor 1, subunit B"
AM,Infection response,WSN vs mock,Srms,ENSMUSG00000027579,Upregulated,7.35,7.35,2.11e-04,protein_coding,2,src-related kinase lacking C-terminal regulatory tyrosine and N-terminal myristylation sites
AM,Infection response,WSN vs mock,Tspan13,ENSMUSG00000020577,Upregulated,2.143,2.143,2.11e-04,protein_coding,12,tetraspanin 13
AM,Infection response,WSN vs mock,Tex30,ENSMUSG00000026049,Downregulated,-2.092,2.092,2.29e-04,protein_coding,1,testis expressed 30
AM,Infection response,WSN vs mock,Gm56633,ENSMUSG00000120136,Upregulated,5.729,5.729,2.31e-04,lncRNA,19,56633
AM,Infection response,WSN vs mock,Mertk,ENSMUSG00000014361,Downregulated,-2.059,2.059,2.36e-04,protein_coding,2,MER proto-oncogene tyrosine kinase
AM,Infection response,WSN vs mock,Mt2,ENSMUSG00000031762,Upregulated,3.437,3.437,2.38e-04,protein_coding,8,metallothionein 2
AM,Infection response,WSN vs mock,Gm17709,ENSMUSG00000091952,Upregulated,2.783,2.783,2.43e-04,processed_pseudogene,8,17709
AM,Infection response,WSN vs mock,Hmga2,ENSMUSG00000056758,Upregulated,2.278,2.278,2.53e-04,protein_coding,10,high mobility group AT-hook 2
AM,Infection response,WSN vs mock,Glis3,ENSMUSG00000052942,Upregulated,2.274,2.274,2.57e-04,protein_coding,19,GLIS family zinc finger 3
AM,Infection response,WSN vs mock,Eif1-ps2,ENSMUSG00000114179,Upregulated,2.497,2.497,2.61e-04,processed_pseudogene,13,"eukaryotic translation initiation factor 1, pseudogene 2"
AM,Infection response,WSN vs mock,Ccdc154,ENSMUSG00000059562,Upregulated,7.612,7.612,2.64e-04,protein_coding,17,coiled-coil domain containing 154
AM,Infection response,WSN vs mock,Gm20481,ENSMUSG00000092609,Upregulated,3.42,3.42,2.65e-04,lncRNA,17,predicted gene 20481
AM,Infection response,WSN vs mock,Tnip3,ENSMUSG00000044162,Downregulated,-2.142,2.142,2.65e-04,protein_coding,6,TNFAIP3 interacting protein 3
AM,Infection response,WSN vs mock,Tchh,ENSMUSG00000052415,Upregulated,6.833,6.833,2.68e-04,protein_coding,3,trichohyalin
AM,Infection response,WSN vs mock,Rab39,ENSMUSG00000055069,Downregulated,-3.538,3.538,2.74e-04,protein_coding,9,"RAB39, member RAS oncogene family"
AM,Infection response,WSN vs mock,8030451A03Rik,ENSMUSG00000073821,Upregulated,3.409,3.409,2.74e-04,lncRNA,4,8030451A03 gene
AM,Infection response,WSN vs mock,Gdnf,ENSMUSG00000022144,Upregulated,3.629,3.629,2.82e-04,protein_coding,15,glial cell line derived neurotrophic factor
AM,Infection response,WSN vs mock,Hbegf,ENSMUSG00000024486,Upregulated,3.369,3.369,2.83e-04,protein_coding,18,heparin-binding EGF-like growth factor
AM,Infection response,WSN vs mock,Lrrc14,ENSMUSG00000033728,Downregulated,-2.124,2.124,2.83e-04,protein_coding,15,leucine rich repeat containing 14
AM,Infection response,WSN vs mock,U90926,ENSMUSG00000029409,Upregulated,3.27,3.27,2.83e-04,protein_coding,5,cDNA sequence U90926
AM,Infection response,WSN vs mock,Phyhd1,ENSMUSG00000079484,Upregulated,3.103,3.103,2.89e-04,protein_coding,2,phytanoyl-CoA dioxygenase domain containing 1
AM,Infection response,WSN vs mock,Chrdl1,ENSMUSG00000031283,Downregulated,-3.471,3.471,3.01e-04,protein_coding,X,chordin-like 1
AM,Infection response,WSN vs mock,Gm15708,ENSMUSG00000086894,Upregulated,2.786,2.786,3.01e-04,lncRNA,5,predicted gene 15708
AM,Infection response,WSN vs mock,Gm60877,ENSMUSG00000141161,Upregulated,6.573,6.573,3.03e-04,lncRNA,12,60877
AM,Infection response,WSN vs mock,Ccr7,ENSMUSG00000037944,Upregulated,3.092,3.092,3.07e-04,protein_coding,11,C-C motif chemokine receptor 7
AM,Infection response,WSN vs mock,Gm48780,ENSMUSG00000111929,Upregulated,4.825,4.825,3.08e-04,lncRNA,12,48780
AM,Infection response,WSN vs mock,Col6a1,ENSMUSG00000001119,Downregulated,-2.025,2.025,3.14e-04,protein_coding,10,"collagen, type VI, alpha 1"
AM,Infection response,WSN vs mock,Adra1a,ENSMUSG00000045875,Upregulated,2.3,2.3,3.16e-04,protein_coding,14,"adrenergic receptor, alpha 1a"
AM,Infection response,WSN vs mock,Mrnip,ENSMUSG00000020381,Upregulated,3.019,3.019,3.36e-04,protein_coding,11,MRN complex interacting protein
AM,Infection response,WSN vs mock,Panx1,ENSMUSG00000031934,Downregulated,-2.041,2.041,3.37e-04,protein_coding,9,pannexin 1
AM,Infection response,WSN vs mock,Arfip1,ENSMUSG00000074513,Downregulated,-2.029,2.029,3.39e-04,protein_coding,3,ARF interacting protein 1
AM,Infection response,WSN vs mock,Psd,ENSMUSG00000037126,Upregulated,2.003,2.003,3.39e-04,protein_coding,19,pleckstrin and Sec7 domain containing
AM,Infection response,WSN vs mock,A530013C23Rik,ENSMUSG00000006462,Upregulated,3.731,3.731,3.44e-04,lncRNA,2,A530013C23 gene
AM,Infection response,WSN vs mock,Snn,ENSMUSG00000037972,Downregulated,-3.77,3.77,3.51e-04,protein_coding,16,stannin
AM,Infection response,WSN vs mock,Snhg8,ENSMUSG00000104960,Upregulated,2.176,2.176,3.67e-04,lncRNA,3,small nucleolar RNA host gene 8
AM,Infection response,WSN vs mock,Gm64946,ENSMUSG00000128619,Upregulated,3.002,3.002,3.69e-04,lncRNA,3,64946
AM,Infection response,WSN vs mock,D6Ertd527e,ENSMUSG00000090891,Upregulated,7.289,7.289,3.88e-04,lncRNA,6,"DNA segment, Chr 6, ERATO Doi 527, expressed"
AM,Infection response,WSN vs mock,Gm26944,ENSMUSG00000098066,Upregulated,2.413,2.413,3.88e-04,lncRNA,7,26944
AM,Infection response,WSN vs mock,Wfikkn1,ENSMUSG00000071192,Upregulated,5.597,5.597,3.92e-04,protein_coding,17,"WAP, FS, Ig, KU, and NTR-containing protein 1"
AM,Infection response,WSN vs mock,D17H6S56E-5,ENSMUSG00000120992,Downregulated,-2.586,2.586,3.92e-04,protein_coding,17,"DNA segment, Chr 17, human D6S56E 5"
AM,Infection response,WSN vs mock,Gm9260,ENSMUSG00000106239,Upregulated,4.464,4.464,3.93e-04,processed_pseudogene,12,predicted gene 9260
AM,Infection response,WSN vs mock,Dck,ENSMUSG00000029366,Downregulated,-2.053,2.053,3.95e-04,protein_coding,5,deoxycytidine kinase
AM,Infection response,WSN vs mock,Dkk3,ENSMUSG00000030772,Downregulated,-2.939,2.939,4.05e-04,protein_coding,7,dickkopf WNT signaling pathway inhibitor 3
AM,Infection response,WSN vs mock,Gm31657,ENSMUSG00000131091,Downregulated,-2.739,2.739,4.15e-04,lncRNA,13,31657
AM,Infection response,WSN vs mock,Ifi47,ENSMUSG00000078920,Downregulated,-2.874,2.874,4.15e-04,protein_coding,11,interferon gamma inducible protein 47
AM,Infection response,WSN vs mock,Gm31718,ENSMUSG00000110697,Upregulated,3.889,3.889,4.15e-04,lncRNA,8,31718
AM,Infection response,WSN vs mock,Gm49482,ENSMUSG00000116308,Downregulated,-3.296,3.296,4.15e-04,lncRNA,15,49482
AM,Infection response,WSN vs mock,Pik3r6,ENSMUSG00000046207,Downregulated,-2.163,2.163,4.25e-04,protein_coding,11,phosphoinositide-3-kinase regulatory subunit 5
AM,Infection response,WSN vs mock,Gfpt2,ENSMUSG00000020363,Upregulated,3.612,3.612,4.40e-04,protein_coding,11,glutamine fructose-6-phosphate transaminase 2
AM,Infection response,WSN vs mock,Klk1b22,ENSMUSG00000060177,Upregulated,3.012,3.012,4.49e-04,protein_coding,7,kallikrein 1-related peptidase b22
AM,Infection response,WSN vs mock,Foxc1,ENSMUSG00000050295,Downregulated,-2.682,2.682,4.49e-04,protein_coding,13,forkhead box C1
AM,Infection response,WSN vs mock,Trp53rka,ENSMUSG00000039725,Downregulated,-2.272,2.272,4.58e-04,protein_coding,2,transformation related protein 53 regulating kinase A
AM,Infection response,WSN vs mock,Col6a2,ENSMUSG00000020241,Downregulated,-2.276,2.276,4.67e-04,protein_coding,10,"collagen, type VI, alpha 2"
AM,Infection response,WSN vs mock,Gm66466,ENSMUSG00000142857,Upregulated,7.127,7.127,4.74e-04,lncRNA,3,66466
AM,Infection response,WSN vs mock,Sh2d5,ENSMUSG00000045349,Upregulated,6.73,6.73,4.79e-04,protein_coding,4,SH2 domain containing 5
AM,Infection response,WSN vs mock,Pde4d,ENSMUSG00000021699,Upregulated,2.555,2.555,4.82e-04,protein_coding,13,"phosphodiesterase 4D, cAMP specific"
AM,Infection response,WSN vs mock,Gm73364,ENSMUSG00000133212,Upregulated,7.054,7.054,4.82e-04,lncRNA,11,73364
AM,Infection response,WSN vs mock,Mmp10,ENSMUSG00000047562,Upregulated,6.719,6.719,4.87e-04,protein_coding,9,matrix metallopeptidase 10
AM,Infection response,WSN vs mock,Gm4952,ENSMUSG00000071633,Upregulated,6.576,6.576,4.94e-04,protein_coding,19,predicted gene 4952
AM,Infection response,WSN vs mock,Heatr9,ENSMUSG00000018925,Upregulated,2.96,2.96,4.94e-04,protein_coding,11,HEAT repeat containing 9
AM,Infection response,WSN vs mock,Dclk1,ENSMUSG00000027797,Downregulated,-2.944,2.944,5.04e-04,protein_coding,3,doublecortin-like kinase 1
AM,Infection response,WSN vs mock,Gm32834,ENSMUSG00000112959,Downregulated,-4.601,4.601,5.15e-04,lncRNA,13,32834
AM,Infection response,WSN vs mock,Gm31482,ENSMUSG00000143958,Upregulated,3.524,3.524,5.15e-04,lncRNA,12,31482
AM,Infection response,WSN vs mock,Trim69,ENSMUSG00000033368,Upregulated,4.545,4.545,5.24e-04,protein_coding,2,tripartite motif-containing 69
AM,Infection response,WSN vs mock,Kctd12b,ENSMUSG00000041633,Downregulated,-3.042,3.042,5.32e-04,protein_coding,X,potassium channel tetramerisation domain containing 12b
AM,Infection response,WSN vs mock,Gm13391,ENSMUSG00000086109,Upregulated,4.257,4.257,5.41e-04,lncRNA,2,predicted gene 13391
AM,Infection response,WSN vs mock,Kdm6bos,ENSMUSG00000085178,Upregulated,3.095,3.095,5.63e-04,lncRNA,11,"KDM1 lysine (K)-specific demethylase 6B, opposite strand"
AM,Infection response,WSN vs mock,Pdpn,ENSMUSG00000028583,Upregulated,2.465,2.465,6.06e-04,protein_coding,4,podoplanin
AM,Infection response,WSN vs mock,Gm28294,ENSMUSG00000101840,Upregulated,3.111,3.111,6.19e-04,lncRNA,1,predicted gene 28294
AM,Infection response,WSN vs mock,Cptp,ENSMUSG00000029073,Downregulated,-2.098,2.098,6.21e-04,protein_coding,4,ceramide-1-phosphate transfer protein
AM,Infection response,WSN vs mock,Gm38383,ENSMUSG00000102591,Downregulated,-2.288,2.288,6.29e-04,TEC,2,38383
AM,Infection response,WSN vs mock,Klra3,ENSMUSG00000067591,Upregulated,2.085,2.085,6.48e-04,protein_coding,6,"killer cell lectin-like receptor, subfamily A, member 3"
AM,Infection response,WSN vs mock,Sh2b2,ENSMUSG00000005057,Upregulated,2.022,2.022,6.72e-04,protein_coding,5,SH2B adaptor protein 2
AM,Infection response,WSN vs mock,Efnb2,ENSMUSG00000001300,Upregulated,3.135,3.135,6.83e-04,protein_coding,8,ephrin B2
AM,Infection response,WSN vs mock,Casp12,ENSMUSG00000025887,Downregulated,-3.097,3.097,6.83e-04,protein_coding,9,caspase 12
AM,Infection response,WSN vs mock,Lifr,ENSMUSG00000054263,Downregulated,-2.377,2.377,6.83e-04,protein_coding,15,LIF receptor alpha
AM,Infection response,WSN vs mock,0610040F04Rik,ENSMUSG00000087341,Upregulated,2.852,2.852,7.03e-04,lncRNA,6,0610040F04 gene
AM,Infection response,WSN vs mock,Cyp1a1,ENSMUSG00000032315,Upregulated,7.233,7.233,7.07e-04,protein_coding,9,"cytochrome P450, family 1, subfamily a, polypeptide 1"
AM,Infection response,WSN vs mock,Tuba1a,ENSMUSG00000072235,Downregulated,-2.28,2.28,7.11e-04,protein_coding,15,"tubulin, alpha 1A"
AM,Infection response,WSN vs mock,Cbr2,ENSMUSG00000025150,Downregulated,-3.185,3.185,7.19e-04,protein_coding,11,carbonyl reductase 2
AM,Infection response,WSN vs mock,Snhg12,ENSMUSG00000086290,Upregulated,2.125,2.125,7.37e-04,lncRNA,4,small nucleolar RNA host gene 12
AM,Infection response,WSN vs mock,Gm56781,ENSMUSG00000120405,Upregulated,3.874,3.874,7.37e-04,lncRNA,3,56781
AM,Infection response,WSN vs mock,Serpina3g,ENSMUSG00000041481,Downregulated,-3.032,3.032,7.47e-04,protein_coding,12,"serine (or cysteine) peptidase inhibitor, clade A, member 3G"
AM,Infection response,WSN vs mock,Soat2,ENSMUSG00000023045,Upregulated,2.575,2.575,7.92e-04,protein_coding,15,sterol O-acyltransferase 2
AM,Infection response,WSN vs mock,Gm57309,ENSMUSG00000121070,Upregulated,5.103,5.103,7.95e-04,lncRNA,5,57309
AM,Infection response,WSN vs mock,Txlnb,ENSMUSG00000039891,Upregulated,2.822,2.822,7.95e-04,protein_coding,10,taxilin beta
AM,Infection response,WSN vs mock,Igfbp6,ENSMUSG00000023046,Upregulated,4.181,4.181,7.97e-04,protein_coding,15,insulin-like growth factor binding protein 6
AM,Infection response,WSN vs mock,Sim1,ENSMUSG00000019913,Upregulated,6.97,6.97,8.12e-04,protein_coding,10,single-minded family bHLH transcription factor 1
AM,Infection response,WSN vs mock,Gm16576,ENSMUSG00000087543,Upregulated,3.894,3.894,8.12e-04,lncRNA,15,predicted gene 16576
AM,Infection response,WSN vs mock,Gng4,ENSMUSG00000021303,Upregulated,6.208,6.208,8.29e-04,protein_coding,13,"guanine nucleotide binding protein (G protein), gamma 4"
AM,Infection response,WSN vs mock,Arfgef3,ENSMUSG00000019852,Upregulated,3.401,3.401,8.29e-04,protein_coding,10,ARFGEF family member 3
AM,Infection response,WSN vs mock,Ulbp1,ENSMUSG00000079685,Downregulated,-2.685,2.685,8.37e-04,protein_coding,10,UL16 binding protein 1
AM,Infection response,WSN vs mock,Rgs1,ENSMUSG00000026358,Upregulated,2.644,2.644,8.45e-04,protein_coding,1,regulator of G-protein signaling 1
AM,Infection response,WSN vs mock,Calhm4,ENSMUSG00000039508,Upregulated,6.663,6.663,9.09e-04,protein_coding,10,calcium homeostasis modulator family member 4
AM,Infection response,WSN vs mock,Tulp2,ENSMUSG00000023467,Upregulated,2.693,2.693,9.61e-04,protein_coding,7,TUB like protein 2
AM,Infection response,WSN vs mock,Lbp,ENSMUSG00000016024,Upregulated,2.895,2.895,9.71e-04,protein_coding,2,lipopolysaccharide binding protein
AM,Infection response,WSN vs mock,Ctsc,ENSMUSG00000030560,Downregulated,-2.09,2.09,9.73e-04,protein_coding,7,cathepsin C
AM,Infection response,WSN vs mock,Fosb,ENSMUSG00000003545,Upregulated,4.475,4.475,9.76e-04,protein_coding,7,FBJ osteosarcoma oncogene B
AM,Infection response,WSN vs mock,Tbr1,ENSMUSG00000035033,Upregulated,7.177,7.177,1.00e-03,protein_coding,2,T-box brain transcription factor 1
AM,Infection response,WSN vs mock,4921511I17Rik,ENSMUSG00000114136,Downregulated,-2.577,2.577,1.02e-03,lncRNA,12,4921511I17 gene
AM,Infection response,WSN vs mock,Rasl11a,ENSMUSG00000029641,Upregulated,3.592,3.592,1.05e-03,protein_coding,5,"RAS-like, family 11, member A"
AM,Infection response,WSN vs mock,Il11,ENSMUSG00000004371,Upregulated,10.61,10.61,1.05e-03,protein_coding,7,interleukin 11
AM,Infection response,WSN vs mock,Chil6,ENSMUSG00000027902,Upregulated,7.229,7.229,1.06e-03,protein_coding,3,chitinase-like 6
AM,Infection response,WSN vs mock,ENSMUSG00000135654,ENSMUSG00000135654,Upregulated,4.81,4.81,1.06e-03,lncRNA,5,novel transcript
AM,Infection response,WSN vs mock,Gm26759,ENSMUSG00000097060,Upregulated,2.169,2.169,1.10e-03,lncRNA,8,26759
AM,Infection response,WSN vs mock,Gpr84,ENSMUSG00000063234,Downregulated,-3.039,3.039,1.10e-03,protein_coding,15,G protein-coupled receptor 84
AM,Infection response,WSN vs mock,Gpr171,ENSMUSG00000050075,Upregulated,2.558,2.558,1.10e-03,protein_coding,3,G protein-coupled receptor 171
AM,Infection response,WSN vs mock,Kcnh1,ENSMUSG00000058248,Upregulated,6.948,6.948,1.14e-03,protein_coding,1,"potassium voltage-gated channel, subfamily H (eag-related), member 1"
AM,Infection response,WSN vs mock,Gm69061,ENSMUSG00000135730,Upregulated,7.327,7.327,1.14e-03,lncRNA,9,69061
AM,Infection response,WSN vs mock,Slit3,ENSMUSG00000056427,Upregulated,3.006,3.006,1.15e-03,protein_coding,11,slit guidance ligand 3
AM,Infection response,WSN vs mock,Inka1,ENSMUSG00000042106,Downregulated,-2.333,2.333,1.19e-03,protein_coding,9,inka box actin regulator 1
AM,Infection response,WSN vs mock,Cyp2ab1,ENSMUSG00000022818,Upregulated,7.066,7.066,1.19e-03,protein_coding,16,"cytochrome P450, family 2, subfamily ab, polypeptide 1"
AM,Infection response,WSN vs mock,Ramp3,ENSMUSG00000041046,Upregulated,6.653,6.653,1.19e-03,protein_coding,11,receptor (calcitonin) activity modifying protein 3
AM,Infection response,WSN vs mock,Slpi,ENSMUSG00000017002,Upregulated,2.886,2.886,1.20e-03,protein_coding,2,secretory leukocyte peptidase inhibitor
AM,Infection response,WSN vs mock,P2ry13,ENSMUSG00000036362,Downregulated,-3.993,3.993,1.23e-03,protein_coding,3,"purinergic receptor P2Y, G-protein coupled 13"
AM,Infection response,WSN vs mock,E330020D12Rik,ENSMUSG00000073538,Upregulated,7.106,7.106,1.24e-03,lncRNA,1,Riken cDNA E330020D12 gene
AM,Infection response,WSN vs mock,Gm12121,ENSMUSG00000086243,Upregulated,6.945,6.945,1.28e-03,lncRNA,11,predicted gene 12121
AM,Infection response,WSN vs mock,Gm49662,ENSMUSG00000116961,Upregulated,6.235,6.235,1.28e-03,lncRNA,16,49662
AM,Infection response,WSN vs mock,Gm49544,ENSMUSG00000116262,Upregulated,2.878,2.878,1.28e-03,lncRNA,15,49544
AM,Infection response,WSN vs mock,H2bc21,ENSMUSG00000068854,Upregulated,3.192,3.192,1.28e-03,protein_coding,3,H2B clustered histone 21
AM,Infection response,WSN vs mock,Gm69486,ENSMUSG00000122848,Upregulated,6.72,6.72,1.31e-03,lncRNA,1,69486
AM,Infection response,WSN vs mock,Tcim,ENSMUSG00000056313,Upregulated,5.538,5.538,1.32e-03,protein_coding,8,transcriptional and immune response regulator
AM,Infection response,WSN vs mock,Cck,ENSMUSG00000032532,Upregulated,7.34,7.34,1.34e-03,protein_coding,9,cholecystokinin
AM,Infection response,WSN vs mock,Tnxb,ENSMUSG00000033327,Upregulated,4.482,4.482,1.38e-03,protein_coding,17,tenascin XB
AM,Infection response,WSN vs mock,Tcap,ENSMUSG00000007877,Upregulated,6.439,6.439,1.39e-03,protein_coding,11,titin-cap
AM,Infection response,WSN vs mock,Tox2,ENSMUSG00000074607,Upregulated,4.909,4.909,1.39e-03,protein_coding,2,TOX high mobility group box family member 2
AM,Infection response,WSN vs mock,Xkr8,ENSMUSG00000037752,Downregulated,-2.549,2.549,1.43e-03,protein_coding,4,X-linked Kx blood group related 8
AM,Infection response,WSN vs mock,Gm47079,ENSMUSG00000110790,Downregulated,-2.43,2.43,1.43e-03,lncRNA,9,47079
AM,Infection response,WSN vs mock,Gm3841,ENSMUSG00000100236,Upregulated,7.244,7.244,1.43e-03,processed_pseudogene,1,predicted gene 3841
AM,Infection response,WSN vs mock,Spmip6,ENSMUSG00000028441,Upregulated,7.148,7.148,1.43e-03,protein_coding,4,sperm microtubule inner protein 6
AM,Infection response,WSN vs mock,Eda2r,ENSMUSG00000034457,Downregulated,-2.802,2.802,1.44e-03,protein_coding,X,ectodysplasin A2 receptor
AM,Infection response,WSN vs mock,Gm3734,ENSMUSG00000117780,Upregulated,7.174,7.174,1.47e-03,lncRNA,18,predicted gene 3734
AM,Infection response,WSN vs mock,Aacs,ENSMUSG00000029482,Downregulated,-2.067,2.067,1.48e-03,protein_coding,5,acetoacetyl-CoA synthetase
AM,Infection response,WSN vs mock,Gm49077,ENSMUSG00000115546,Downregulated,-2.013,2.013,1.48e-03,lncRNA,15,49077
AM,Infection response,WSN vs mock,Gm54266,ENSMUSG00000120187,Upregulated,6.355,6.355,1.49e-03,lncRNA,4,54266
AM,Infection response,WSN vs mock,Icam1,ENSMUSG00000037405,Downregulated,-2.312,2.312,1.51e-03,protein_coding,9,intercellular adhesion molecule 1
AM,Infection response,WSN vs mock,Slamf6,ENSMUSG00000015314,Upregulated,2.377,2.377,1.51e-03,protein_coding,1,SLAM family member 6
AM,Infection response,WSN vs mock,Aph1c,ENSMUSG00000053040,Upregulated,2.04,2.04,1.58e-03,protein_coding,9,"aph1 homolog C, gamma secretase subunit"
AM,Infection response,WSN vs mock,Cyp7a1,ENSMUSG00000028240,Upregulated,6.662,6.662,1.59e-03,protein_coding,4,"cytochrome P450, family 7, subfamily a, polypeptide 1"
AM,Infection response,WSN vs mock,4933432I03Rik,ENSMUSG00000114980,Upregulated,4.305,4.305,1.59e-03,lncRNA,14,4933432I03 gene
AM,Infection response,WSN vs mock,Piga,ENSMUSG00000031381,Downregulated,-2.855,2.855,1.59e-03,protein_coding,X,"phosphatidylinositol glycan anchor biosynthesis, class A"
AM,Infection response,WSN vs mock,Bnip3,ENSMUSG00000078566,Downregulated,-2.447,2.447,1.59e-03,protein_coding,7,BCL2/adenovirus E1B interacting protein 3
AM,Infection response,WSN vs mock,Ccdc163,ENSMUSG00000028689,Upregulated,2.426,2.426,1.61e-03,protein_coding,4,coiled-coil domain containing 163
AM,Infection response,WSN vs mock,Itga2b,ENSMUSG00000034664,Upregulated,2.928,2.928,1.66e-03,protein_coding,11,integrin alpha 2b
AM,Infection response,WSN vs mock,Jpt2,ENSMUSG00000024165,Downregulated,-2.391,2.391,1.68e-03,protein_coding,17,Jupiter microtubule associated homolog 2
AM,Infection response,WSN vs mock,Gpr141,ENSMUSG00000053101,Downregulated,-3.095,3.095,1.68e-03,protein_coding,13,G protein-coupled receptor 141
AM,Infection response,WSN vs mock,Mettl21a,ENSMUSG00000025956,Downregulated,-2.217,2.217,1.69e-03,protein_coding,1,"methyltransferase 21A, HSPA lysine"
AM,Infection response,WSN vs mock,Pla2g4f,ENSMUSG00000046971,Upregulated,7.124,7.124,1.70e-03,protein_coding,2,"phospholipase A2, group IVF"
AM,Infection response,WSN vs mock,Ptgs2os,ENSMUSG00000097028,Upregulated,4.446,4.446,1.70e-03,lncRNA,1,"prostaglandin-endoperoxide synthase 2, opposite strand"
AM,Infection response,WSN vs mock,Gm62523,ENSMUSG00000126491,Downregulated,-2.351,2.351,1.71e-03,lncRNA,14,62523
AM,Infection response,WSN vs mock,Nox1,ENSMUSG00000031257,Downregulated,-3.074,3.074,1.73e-03,protein_coding,X,NADPH oxidase 1
AM,Infection response,WSN vs mock,Gm11482,ENSMUSG00000086817,Upregulated,3.083,3.083,1.73e-03,lncRNA,4,predicted gene 11482
AM,Infection response,WSN vs mock,Lilra5,ENSMUSG00000070873,Downregulated,-2.228,2.228,1.74e-03,protein_coding,7,"leukocyte immunoglobulin-like receptor, subfamily A (with TM domain), member 5"
AM,Infection response,WSN vs mock,Cxcl5,ENSMUSG00000029371,Upregulated,2.415,2.415,1.74e-03,protein_coding,5,C-X-C motif chemokine ligand 5
AM,Infection response,WSN vs mock,Scimp,ENSMUSG00000057135,Downregulated,-3.561,3.561,1.75e-03,protein_coding,11,SLP adaptor and CSK interacting membrane protein
AM,Infection response,WSN vs mock,Syt13,ENSMUSG00000027220,Downregulated,-2.378,2.378,1.75e-03,protein_coding,2,synaptotagmin XIII
AM,Infection response,WSN vs mock,Cerkl,ENSMUSG00000075256,Downregulated,-2.202,2.202,1.75e-03,protein_coding,2,ceramide kinase-like
AM,Infection response,WSN vs mock,BC025920,ENSMUSG00000074862,Upregulated,4.103,4.103,1.77e-03,protein_coding,10,cDNA sequence BC025920
AM,Infection response,WSN vs mock,Sfrp2,ENSMUSG00000027996,Downregulated,-3.165,3.165,1.79e-03,protein_coding,3,secreted frizzled-related protein 2
AM,Infection response,WSN vs mock,Cacnb4,ENSMUSG00000017412,Upregulated,2.77,2.77,1.82e-03,protein_coding,2,"calcium channel, voltage-dependent, beta 4 subunit"
AM,Infection response,WSN vs mock,Dffa,ENSMUSG00000028974,Downregulated,-2.178,2.178,1.83e-03,protein_coding,4,"DNA fragmentation factor, alpha subunit"
AM,Infection response,WSN vs mock,Cfap70,ENSMUSG00000039543,Upregulated,7.197,7.197,1.84e-03,protein_coding,14,cilia and flagella associated protein 70
AM,Infection response,WSN vs mock,S100a4,ENSMUSG00000001020,Downregulated,-2.591,2.591,1.84e-03,protein_coding,3,S100 calcium binding protein A4
AM,Infection response,WSN vs mock,Fam241a,ENSMUSG00000050549,Downregulated,-2.621,2.621,1.87e-03,protein_coding,3,"family with sequence similarity 241, member A"
AM,Infection response,WSN vs mock,Dhcr7,ENSMUSG00000058454,Downregulated,-2.078,2.078,1.87e-03,protein_coding,7,7-dehydrocholesterol reductase
AM,Infection response,WSN vs mock,Gm31812,ENSMUSG00000109599,Upregulated,3.292,3.292,1.91e-03,lncRNA,1,31812
AM,Infection response,WSN vs mock,Gm5431,ENSMUSG00000058163,Downregulated,-2.157,2.157,1.94e-03,protein_coding,11,predicted gene 5431
AM,Infection response,WSN vs mock,Tst,ENSMUSG00000044986,Upregulated,2.908,2.908,2.00e-03,protein_coding,15,"thiosulfate sulfurtransferase, mitochondrial"
AM,Infection response,WSN vs mock,Gm59119,ENSMUSG00000131178,Upregulated,4.617,4.617,2.01e-03,lncRNA,19,59119
AM,Infection response,WSN vs mock,S100a9,ENSMUSG00000056071,Downregulated,-6.573,6.573,2.01e-03,protein_coding,3,S100 calcium binding protein A9 (calgranulin B)
AM,Infection response,WSN vs mock,Gm75789,ENSMUSG00000129055,Upregulated,4.097,4.097,2.02e-03,lncRNA,2,75789
AM,Infection response,WSN vs mock,Orm1,ENSMUSG00000039196,Upregulated,3.587,3.587,2.04e-03,protein_coding,4,orosomucoid 1
AM,Infection response,WSN vs mock,Arhgef37,ENSMUSG00000045094,Downregulated,-3.596,3.596,2.04e-03,protein_coding,18,Rho guanine nucleotide exchange factor 37
AM,Infection response,WSN vs mock,Gm16933,ENSMUSG00000086289,Downregulated,-2.104,2.104,2.06e-03,lncRNA,8,16933
AM,Infection response,WSN vs mock,Sntb1,ENSMUSG00000060429,Downregulated,-2.644,2.644,2.10e-03,protein_coding,15,"syntrophin, basic 1"
AM,Infection response,WSN vs mock,Hexim1,ENSMUSG00000048878,Downregulated,-2.145,2.145,2.10e-03,protein_coding,11,hexamethylene bis-acetamide inducible 1
AM,Infection response,WSN vs mock,BC023719,ENSMUSG00000092365,Upregulated,2.031,2.031,2.16e-03,lncRNA,17,cDNA sequence BC023719
AM,Infection response,WSN vs mock,Pmvk,ENSMUSG00000027952,Downregulated,-2.365,2.365,2.19e-03,protein_coding,3,phosphomevalonate kinase
AM,Infection response,WSN vs mock,Arhgap29,ENSMUSG00000039831,Downregulated,-2.217,2.217,2.21e-03,protein_coding,3,Rho GTPase activating protein 29
AM,Infection response,WSN vs mock,Acp3,ENSMUSG00000032561,Upregulated,3.712,3.712,2.25e-03,protein_coding,9,acid phosphatase 3
AM,Infection response,WSN vs mock,Gm56740,ENSMUSG00000121185,Upregulated,4.592,4.592,2.27e-03,lncRNA,15,56740
AM,Infection response,WSN vs mock,Kcnj10,ENSMUSG00000044708,Downregulated,-3.161,3.161,2.32e-03,protein_coding,1,"potassium inwardly-rectifying channel, subfamily J, member 10"
AM,Infection response,WSN vs mock,Mttp,ENSMUSG00000028158,Upregulated,2.669,2.669,2.34e-03,protein_coding,3,microsomal triglyceride transfer protein
AM,Infection response,WSN vs mock,Cox6a2,ENSMUSG00000030785,Upregulated,2.93,2.93,2.35e-03,protein_coding,7,cytochrome c oxidase subunit 6A2
AM,Infection response,WSN vs mock,Tincr,ENSMUSG00000110218,Upregulated,4.209,4.209,2.37e-03,protein_coding,17,TINCR ubiquitin domain containing
AM,Infection response,WSN vs mock,Zbtb47,ENSMUSG00000013419,Upregulated,2.086,2.086,2.37e-03,protein_coding,9,zinc finger and BTB domain containing 47
AM,Infection response,WSN vs mock,Pde10a,ENSMUSG00000023868,Upregulated,3.73,3.73,2.38e-03,protein_coding,17,phosphodiesterase 10A
AM,Infection response,WSN vs mock,Ifi44l,ENSMUSG00000039146,Downregulated,-3.132,3.132,2.39e-03,protein_coding,3,interferon-induced protein 44 like
AM,Infection response,WSN vs mock,Rab44,ENSMUSG00000064147,Upregulated,6.57,6.57,2.42e-03,protein_coding,17,"RAB44, member RAS oncogene family"
AM,Infection response,WSN vs mock,Gm60849,ENSMUSG00000141002,Upregulated,5.81,5.81,2.42e-03,lncRNA,12,60849
AM,Infection response,WSN vs mock,Gm56861,ENSMUSG00000121091,Downregulated,-2.077,2.077,2.45e-03,lncRNA,8,56861
AM,Infection response,WSN vs mock,Prrg1,ENSMUSG00000047996,Downregulated,-2.399,2.399,2.45e-03,protein_coding,X,proline rich Gla (G-carboxyglutamic acid) 1
AM,Infection response,WSN vs mock,Gm42793,ENSMUSG00000105954,Upregulated,6.434,6.434,2.51e-03,TEC,5,predicted gene 42793
AM,Infection response,WSN vs mock,Phospho1,ENSMUSG00000050860,Upregulated,3.675,3.675,2.81e-03,protein_coding,11,"phosphatase, orphan 1"
AM,Infection response,WSN vs mock,Spn,ENSMUSG00000051457,Downregulated,-2.75,2.75,2.82e-03,protein_coding,7,sialophorin
AM,Infection response,WSN vs mock,F5,ENSMUSG00000026579,Upregulated,3.761,3.761,2.85e-03,protein_coding,1,coagulation factor V
AM,Infection response,WSN vs mock,Gm66825,ENSMUSG00000126966,Upregulated,6.692,6.692,2.87e-03,lncRNA,3,66825
AM,Infection response,WSN vs mock,Slc40a1,ENSMUSG00000025993,Downregulated,-2.038,2.038,2.91e-03,protein_coding,1,"solute carrier family 40 (iron-regulated transporter), member 1"
AM,Infection response,WSN vs mock,Gm19610,ENSMUSG00000107350,Upregulated,6.136,6.136,2.91e-03,lncRNA,5,19610
AM,Infection response,WSN vs mock,F13a1,ENSMUSG00000039109,Downregulated,-5.202,5.202,3.03e-03,protein_coding,13,"coagulation factor XIII, A1 subunit"
AM,Infection response,WSN vs mock,Spred1,ENSMUSG00000027351,Downregulated,-2.01,2.01,3.03e-03,protein_coding,2,"sprouty protein with EVH-1 domain 1, related sequence"
AM,Infection response,WSN vs mock,H2-Q7,ENSMUSG00000060550,Upregulated,2.547,2.547,3.04e-03,protein_coding,17,"histocompatibility 2, Q region locus 7"
AM,Infection response,WSN vs mock,Twist2,ENSMUSG00000007805,Upregulated,3.298,3.298,3.11e-03,protein_coding,1,twist basic helix-loop-helix transcription factor 2
AM,Infection response,WSN vs mock,Gm14024,ENSMUSG00000085485,Upregulated,4.155,4.155,3.13e-03,lncRNA,2,predicted gene 14024
AM,Infection response,WSN vs mock,Nup210l,ENSMUSG00000027939,Upregulated,3.266,3.266,3.15e-03,protein_coding,3,nucleoporin 210-like
AM,Infection response,WSN vs mock,1110038F14Rik,ENSMUSG00000063236,Downregulated,-2.177,2.177,3.16e-03,protein_coding,15,1110038F14 gene
AM,Infection response,WSN vs mock,Mturn,ENSMUSG00000038065,Downregulated,-2.303,2.303,3.36e-03,protein_coding,6,"maturin, neural progenitor differentiation regulator homolog (Xenopus)"
AM,Infection response,WSN vs mock,Dnah1,ENSMUSG00000019027,Upregulated,6.571,6.571,3.36e-03,protein_coding,14,"dynein, axonemal, heavy chain 1"
AM,Infection response,WSN vs mock,Hsd17b7,ENSMUSG00000026675,Downregulated,-2.998,2.998,3.45e-03,protein_coding,1,hydroxysteroid (17-beta) dehydrogenase 7
AM,Infection response,WSN vs mock,Cldn1,ENSMUSG00000022512,Downregulated,-6.02,6.02,3.53e-03,protein_coding,16,claudin 1
AM,Infection response,WSN vs mock,Gm35154,ENSMUSG00000111535,Upregulated,2.356,2.356,3.58e-03,lncRNA,10,35154
AM,Infection response,WSN vs mock,Crip1,ENSMUSG00000006360,Downregulated,-2.784,2.784,3.61e-03,protein_coding,12,cysteine-rich protein 1
AM,Infection response,WSN vs mock,Gm52546,ENSMUSG00000130853,Upregulated,6.209,6.209,3.66e-03,lncRNA,2,52546
AM,Infection response,WSN vs mock,Ldlr,ENSMUSG00000032193,Downregulated,-2.387,2.387,3.66e-03,protein_coding,9,low density lipoprotein receptor
AM,Infection response,WSN vs mock,Tor1aip1,ENSMUSG00000026466,Downregulated,-2.008,2.008,3.67e-03,protein_coding,1,torsin A interacting protein 1
AM,Infection response,WSN vs mock,Gm68912,ENSMUSG00000133932,Downregulated,-2.044,2.044,3.70e-03,lncRNA,9,68912
AM,Infection response,WSN vs mock,Gm21859,ENSMUSG00000095369,Upregulated,4.825,4.825,3.77e-03,lncRNA,16,21859
AM,Infection response,WSN vs mock,Bambi-ps1,ENSMUSG00000081219,Downregulated,-3.175,3.175,3.83e-03,processed_pseudogene,2,"BMP and activin membrane-bound inhibitor, pseudogene (Xenopus laevis)"
AM,Infection response,WSN vs mock,Gm72413,ENSMUSG00000135043,Upregulated,2.391,2.391,3.88e-03,lncRNA,5,72413
AM,Infection response,WSN vs mock,Gm6566,ENSMUSG00000113918,Upregulated,6.845,6.845,3.93e-03,lncRNA,12,predicted gene 6566
AM,Infection response,WSN vs mock,Il13ra2,ENSMUSG00000031289,Upregulated,3.862,3.862,3.94e-03,protein_coding,X,"interleukin 13 receptor, alpha 2"
AM,Infection response,WSN vs mock,Il10,ENSMUSG00000016529,Downregulated,-2.084,2.084,3.95e-03,protein_coding,1,interleukin 10
AM,Infection response,WSN vs mock,Snai2,ENSMUSG00000022676,Downregulated,-3.01,3.01,3.95e-03,protein_coding,16,snail family zinc finger 2
AM,Infection response,WSN vs mock,mt-Ta,ENSMUSG00000064347,Upregulated,3.081,3.081,4.00e-03,Mt_tRNA,MT,mitochondrially encoded tRNA alanine
AM,Infection response,WSN vs mock,Gm71280,ENSMUSG00000122927,Downregulated,-2.035,2.035,4.04e-03,lncRNA,5,71280
AM,Infection response,WSN vs mock,Syt8,ENSMUSG00000031098,Upregulated,4.053,4.053,4.06e-03,protein_coding,7,synaptotagmin VIII
AM,Infection response,WSN vs mock,Plin4,ENSMUSG00000002831,Downregulated,-3.838,3.838,4.28e-03,protein_coding,17,perilipin 4
AM,Infection response,WSN vs mock,Castor1,ENSMUSG00000020424,Upregulated,2.152,2.152,4.36e-03,protein_coding,11,cytosolic arginine sensor for mTORC1 subunit 1
AM,Infection response,WSN vs mock,Tfpi2,ENSMUSG00000029664,Upregulated,4.766,4.766,4.39e-03,protein_coding,6,tissue factor pathway inhibitor 2
AM,Infection response,WSN vs mock,Gm6900,ENSMUSG00000093826,Upregulated,3.154,3.154,4.47e-03,processed_pseudogene,7,predicted gene 6900
AM,Infection response,WSN vs mock,Gm15343,ENSMUSG00000085468,Downregulated,-3.351,3.351,4.49e-03,lncRNA,10,predicted gene 15343
AM,Infection response,WSN vs mock,Mxd4os1,ENSMUSG00000106702,Downregulated,-2.941,2.941,4.50e-03,lncRNA,5,Max dimerization protein 4 opposite strand 1
AM,Infection response,WSN vs mock,BC050972,ENSMUSG00000092131,Upregulated,6.749,6.749,4.54e-03,lncRNA,9,cDNA sequence BC050972
AM,Infection response,WSN vs mock,9130230L23Rik,ENSMUSG00000054598,Upregulated,4.035,4.035,4.54e-03,lncRNA,5,9130230L23 gene
AM,Infection response,WSN vs mock,Avpr1a,ENSMUSG00000020123,Downregulated,-2.564,2.564,4.59e-03,protein_coding,10,arginine vasopressin receptor 1A
AM,Infection response,WSN vs mock,Acsbg1,ENSMUSG00000032281,Upregulated,6.66,6.66,4.65e-03,protein_coding,9,acyl-CoA synthetase bubblegum family member 1
AM,Infection response,WSN vs mock,Zcchc4,ENSMUSG00000029179,Upregulated,2.0,2.0,4.65e-03,protein_coding,5,"zinc finger, CCHC domain containing 4"
AM,Infection response,WSN vs mock,Ifna9,ENSMUSG00000095270,Upregulated,6.099,6.099,4.71e-03,protein_coding,4,interferon alpha 9
AM,Infection response,WSN vs mock,Casr,ENSMUSG00000051980,Upregulated,6.001,6.001,4.72e-03,protein_coding,16,calcium-sensing receptor
AM,Infection response,WSN vs mock,Apol7c,ENSMUSG00000044309,Downregulated,-8.852,8.852,4.74e-03,protein_coding,15,apolipoprotein L 7c
AM,Infection response,WSN vs mock,Gm8696,ENSMUSG00000092557,Upregulated,6.101,6.101,4.76e-03,processed_pseudogene,17,predicted gene 8696
AM,Infection response,WSN vs mock,Gm44899,ENSMUSG00000109008,Upregulated,5.768,5.768,4.78e-03,lncRNA,7,predicted gene 44899
AM,Infection response,WSN vs mock,Gm57409,ENSMUSG00000120826,Downregulated,-2.129,2.129,4.78e-03,lncRNA,11,57409
AM,Infection response,WSN vs mock,Gm60971,ENSMUSG00000139070,Downregulated,-2.742,2.742,4.92e-03,lncRNA,16,60971
AM,Inhibitor effect,WSN_PP1 vs WSN,Gas6,ENSMUSG00000031451,Upregulated,2.957,2.957,4.35e-46,protein_coding,8,growth arrest specific 6
AM,Inhibitor effect,WSN_PP1 vs WSN,Coq8a,ENSMUSG00000026489,Downregulated,-3.644,3.644,1.62e-35,protein_coding,1,coenzyme Q8A
AM,Inhibitor effect,WSN_PP1 vs WSN,Lif,ENSMUSG00000034394,Downregulated,-3.12,3.12,1.12e-34,protein_coding,11,leukemia inhibitory factor
AM,Inhibitor effect,WSN_PP1 vs WSN,Thbs1,ENSMUSG00000040152,Downregulated,-2.733,2.733,9.36e-28,protein_coding,2,thrombospondin 1
AM,Inhibitor effect,WSN_PP1 vs WSN,Saa3,ENSMUSG00000040026,Downregulated,-4.169,4.169,4.43e-27,protein_coding,7,serum amyloid A 3
AM,Inhibitor effect,WSN_PP1 vs WSN,Ccl5,ENSMUSG00000035042,Downregulated,-2.683,2.683,1.50e-26,protein_coding,11,C-C motif chemokine ligand 5
AM,Inhibitor effect,WSN_PP1 vs WSN,Inhba,ENSMUSG00000041324,Downregulated,-3.633,3.633,2.48e-26,protein_coding,13,inhibin beta-A
AM,Inhibitor effect,WSN_PP1 vs WSN,Timp1,ENSMUSG00000001131,Downregulated,-2.621,2.621,4.36e-26,protein_coding,X,tissue inhibitor of metalloproteinase 1
AM,Inhibitor effect,WSN_PP1 vs WSN,Nxpe5,ENSMUSG00000047592,Upregulated,4.598,4.598,2.79e-25,protein_coding,5,"neurexophilin and PC-esterase domain family, member 5"
AM,Inhibitor effect,WSN_PP1 vs WSN,Slamf9,ENSMUSG00000026548,Downregulated,-3.503,3.503,7.41e-24,protein_coding,1,SLAM family member 9
AM,Inhibitor effect,WSN_PP1 vs WSN,Garin1a,ENSMUSG00000079652,Downregulated,-5.814,5.814,2.68e-21,protein_coding,6,golgi associated RAB2 interactor 1A
AM,Inhibitor effect,WSN_PP1 vs WSN,Vegfa,ENSMUSG00000023951,Downregulated,-3.298,3.298,4.10e-21,protein_coding,17,vascular endothelial growth factor A
AM,Inhibitor effect,WSN_PP1 vs WSN,Cxcl14,ENSMUSG00000021508,Downregulated,-2.994,2.994,6.48e-21,protein_coding,13,C-X-C motif chemokine ligand 14
AM,Inhibitor effect,WSN_PP1 vs WSN,Tmem255b,ENSMUSG00000038457,Upregulated,2.963,2.963,1.17e-20,protein_coding,8,transmembrane protein 255B
AM,Inhibitor effect,WSN_PP1 vs WSN,Selenow,ENSMUSG00000041571,Downregulated,-2.171,2.171,6.70e-20,protein_coding,7,selenoprotein W
AM,Inhibitor effect,WSN_PP1 vs WSN,Fos,ENSMUSG00000021250,Downregulated,-3.572,3.572,1.47e-19,protein_coding,12,FBJ osteosarcoma oncogene
AM,Inhibitor effect,WSN_PP1 vs WSN,Ms4a14,ENSMUSG00000099398,Downregulated,-2.626,2.626,4.71e-19,protein_coding,19,"membrane-spanning 4-domains, subfamily A, member 14"
AM,Inhibitor effect,WSN_PP1 vs WSN,Gm29233,ENSMUSG00000101859,Downregulated,-2.684,2.684,8.97e-19,lncRNA,2,predicted gene 29233
AM,Inhibitor effect,WSN_PP1 vs WSN,Steap4,ENSMUSG00000012428,Upregulated,5.394,5.394,5.45e-18,protein_coding,5,STEAP family member 4
AM,Inhibitor effect,WSN_PP1 vs WSN,Txnip,ENSMUSG00000038393,Downregulated,-2.666,2.666,5.94e-18,protein_coding,3,thioredoxin interacting protein
AM,Inhibitor effect,WSN_PP1 vs WSN,Zfp36l2,ENSMUSG00000045817,Downregulated,-2.369,2.369,5.94e-18,protein_coding,17,"zinc finger protein 36, C3H type-like 2"
AM,Inhibitor effect,WSN_PP1 vs WSN,Mrc1,ENSMUSG00000026712,Upregulated,4.876,4.876,3.38e-17,protein_coding,2,"mannose receptor, C type 1"
AM,Inhibitor effect,WSN_PP1 vs WSN,Ereg,ENSMUSG00000029377,Downregulated,-4.007,4.007,3.88e-17,protein_coding,5,epiregulin
AM,Inhibitor effect,WSN_PP1 vs WSN,Zmiz1,ENSMUSG00000007817,Downregulated,-2.377,2.377,4.98e-17,protein_coding,14,"zinc finger, MIZ-type containing 1"
AM,Inhibitor effect,WSN_PP1 vs WSN,Dcn,ENSMUSG00000019929,Downregulated,-6.071,6.071,7.78e-17,protein_coding,10,decorin
AM,Inhibitor effect,WSN_PP1 vs WSN,Slc9a9,ENSMUSG00000031129,Upregulated,3.112,3.112,4.14e-16,protein_coding,9,"solute carrier family 9 (sodium/hydrogen exchanger), member 9"
AM,Inhibitor effect,WSN_PP1 vs WSN,Marco,ENSMUSG00000026390,Downregulated,-3.556,3.556,1.46e-15,protein_coding,1,macrophage receptor with collagenous structure
AM,Inhibitor effect,WSN_PP1 vs WSN,C3,ENSMUSG00000024164,Downregulated,-2.2,2.2,1.46e-15,protein_coding,17,complement component 3
AM,Inhibitor effect,WSN_PP1 vs WSN,Gm70814,ENSMUSG00000136871,Downregulated,-3.618,3.618,2.22e-15,lncRNA,1,70814
AM,Inhibitor effect,WSN_PP1 vs WSN,Agrn,ENSMUSG00000041936,Downregulated,-3.36,3.36,5.18e-15,protein_coding,4,agrin
AM,Inhibitor effect,WSN_PP1 vs WSN,Impact,ENSMUSG00000024423,Downregulated,-2.492,2.492,8.46e-15,protein_coding,18,"impact, RWD domain protein"
AM,Inhibitor effect,WSN_PP1 vs WSN,Bbc3,ENSMUSG00000002083,Downregulated,-2.806,2.806,1.62e-14,protein_coding,7,BCL2 binding component 3
AM,Inhibitor effect,WSN_PP1 vs WSN,Fcgrt,ENSMUSG00000003420,Upregulated,2.326,2.326,2.40e-14,protein_coding,7,Fc fragment of IgG receptor and transporter
AM,Inhibitor effect,WSN_PP1 vs WSN,Gda,ENSMUSG00000058624,Upregulated,2.577,2.577,4.05e-14,protein_coding,19,guanine deaminase
AM,Inhibitor effect,WSN_PP1 vs WSN,Sort1,ENSMUSG00000068747,Upregulated,3.304,3.304,5.07e-14,protein_coding,3,sortilin 1
AM,Inhibitor effect,WSN_PP1 vs WSN,Lilra5,ENSMUSG00000070873,Upregulated,4.397,4.397,5.12e-14,protein_coding,7,"leukocyte immunoglobulin-like receptor, subfamily A (with TM domain), member 5"
AM,Inhibitor effect,WSN_PP1 vs WSN,Hsph1,ENSMUSG00000029657,Downregulated,-2.239,2.239,5.13e-14,protein_coding,5,heat shock 105kDa/110kDa protein 1
AM,Inhibitor effect,WSN_PP1 vs WSN,Ephx1,ENSMUSG00000038776,Upregulated,3.41,3.41,5.15e-14,protein_coding,1,"epoxide hydrolase 1, microsomal"
AM,Inhibitor effect,WSN_PP1 vs WSN,Irf2bp2,ENSMUSG00000051495,Downregulated,-4.166,4.166,8.07e-14,protein_coding,8,interferon regulatory factor 2 binding protein 2
AM,Inhibitor effect,WSN_PP1 vs WSN,Pros1,ENSMUSG00000022912,Upregulated,2.025,2.025,9.58e-14,protein_coding,16,protein S (alpha)
AM,Inhibitor effect,WSN_PP1 vs WSN,Rragd,ENSMUSG00000028278,Downregulated,-2.89,2.89,1.13e-13,protein_coding,4,Ras-related GTP binding D
AM,Inhibitor effect,WSN_PP1 vs WSN,Selp,ENSMUSG00000026580,Upregulated,4.48,4.48,1.68e-13,protein_coding,1,"selectin, platelet"
AM,Inhibitor effect,WSN_PP1 vs WSN,Gm11613,ENSMUSG00000085586,Downregulated,-3.357,3.357,3.43e-13,lncRNA,11,predicted gene 11613
AM,Inhibitor effect,WSN_PP1 vs WSN,Irf7,ENSMUSG00000025498,Downregulated,-2.068,2.068,3.43e-13,protein_coding,7,interferon regulatory factor 7
AM,Inhibitor effect,WSN_PP1 vs WSN,Cav2,ENSMUSG00000000058,Upregulated,2.22,2.22,3.93e-13,protein_coding,6,caveolin 2
AM,Inhibitor effect,WSN_PP1 vs WSN,Xist,ENSMUSG00000086503,Downregulated,-5.415,5.415,3.97e-13,lncRNA,X,inactive X specific transcripts
AM,Inhibitor effect,WSN_PP1 vs WSN,Smg1,ENSMUSG00000030655,Downregulated,-2.275,2.275,3.97e-13,protein_coding,7,SMG1 nonsense mediated mRNA decay associated PI3K related kinase
AM,Inhibitor effect,WSN_PP1 vs WSN,Lpl,ENSMUSG00000015568,Upregulated,2.081,2.081,5.03e-13,protein_coding,8,lipoprotein lipase
AM,Inhibitor effect,WSN_PP1 vs WSN,Hfe,ENSMUSG00000006611,Upregulated,2.009,2.009,6.31e-13,protein_coding,13,homeostatic iron regulator
AM,Inhibitor effect,WSN_PP1 vs WSN,Gm17334,ENSMUSG00000091191,Upregulated,3.802,3.802,8.11e-13,TEC,11,17334
AM,Inhibitor effect,WSN_PP1 vs WSN,Irf1,ENSMUSG00000018899,Upregulated,3.768,3.768,8.43e-13,protein_coding,11,interferon regulatory factor 1
AM,Inhibitor effect,WSN_PP1 vs WSN,Rapgef5,ENSMUSG00000041992,Downregulated,-2.893,2.893,9.35e-13,protein_coding,12,Rap guanine nucleotide exchange factor (GEF) 5
AM,Inhibitor effect,WSN_PP1 vs WSN,Fbln2,ENSMUSG00000064080,Downregulated,-2.456,2.456,9.73e-13,protein_coding,6,fibulin 2
AM,Inhibitor effect,WSN_PP1 vs WSN,Itga5,ENSMUSG00000000555,Downregulated,-2.212,2.212,1.03e-12,protein_coding,15,integrin alpha 5 (fibronectin receptor alpha)
AM,Inhibitor effect,WSN_PP1 vs WSN,Igfbp7,ENSMUSG00000036256,Downregulated,-2.317,2.317,1.20e-12,protein_coding,5,insulin-like growth factor binding protein 7
AM,Inhibitor effect,WSN_PP1 vs WSN,Fcna,ENSMUSG00000026938,Upregulated,4.773,4.773,1.25e-12,protein_coding,2,ficolin A
AM,Inhibitor effect,WSN_PP1 vs WSN,Rab3d,ENSMUSG00000019066,Upregulated,2.298,2.298,1.36e-12,protein_coding,9,"RAB3D, member RAS oncogene family"
AM,Inhibitor effect,WSN_PP1 vs WSN,Cers5,ENSMUSG00000023021,Upregulated,2.15,2.15,1.58e-12,protein_coding,15,ceramide synthase 5
AM,Inhibitor effect,WSN_PP1 vs WSN,Gramd1c,ENSMUSG00000036292,Downregulated,-5.331,5.331,2.09e-12,protein_coding,16,GRAM domain containing 1C
AM,Inhibitor effect,WSN_PP1 vs WSN,Ppp1r15a,ENSMUSG00000040435,Downregulated,-2.973,2.973,2.62e-12,protein_coding,7,"protein phosphatase 1, regulatory subunit 15A"
AM,Inhibitor effect,WSN_PP1 vs WSN,Acaa2,ENSMUSG00000036880,Upregulated,2.126,2.126,2.71e-12,protein_coding,18,acetyl-CoA acyltransferase 2
AM,Inhibitor effect,WSN_PP1 vs WSN,Gatm,ENSMUSG00000027199,Upregulated,2.105,2.105,3.24e-12,protein_coding,2,glycine amidinotransferase (L-arginine:glycine amidinotransferase)
AM,Inhibitor effect,WSN_PP1 vs WSN,Csf2,ENSMUSG00000018916,Downregulated,-3.138,3.138,3.78e-12,protein_coding,11,colony stimulating factor 2 (granulocyte-macrophage)
AM,Inhibitor effect,WSN_PP1 vs WSN,Irf2bpl,ENSMUSG00000034168,Downregulated,-3.181,3.181,3.88e-12,protein_coding,12,interferon regulatory factor 2 binding protein-like
AM,Inhibitor effect,WSN_PP1 vs WSN,Man1a,ENSMUSG00000003746,Upregulated,2.598,2.598,3.91e-12,protein_coding,10,"mannosidase 1, alpha"
AM,Inhibitor effect,WSN_PP1 vs WSN,Ticam2,ENSMUSG00000056130,Downregulated,-2.384,2.384,5.75e-12,protein_coding,18,TIR domain containing adaptor molecule 2
AM,Inhibitor effect,WSN_PP1 vs WSN,Abca9,ENSMUSG00000041797,Upregulated,2.833,2.833,6.38e-12,protein_coding,11,"ATP-binding cassette, sub-family A member 9"
AM,Inhibitor effect,WSN_PP1 vs WSN,Jmjd1c,ENSMUSG00000037876,Downregulated,-3.712,3.712,6.45e-12,protein_coding,10,jumonji domain containing 1C
AM,Inhibitor effect,WSN_PP1 vs WSN,Mmp27,ENSMUSG00000070323,Upregulated,4.328,4.328,6.53e-12,protein_coding,9,matrix metallopeptidase 27
AM,Inhibitor effect,WSN_PP1 vs WSN,Cfh,ENSMUSG00000026365,Upregulated,5.034,5.034,9.92e-12,protein_coding,1,complement component factor h
AM,Inhibitor effect,WSN_PP1 vs WSN,Clec4n,ENSMUSG00000023349,Upregulated,2.823,2.823,1.21e-11,protein_coding,6,"C-type lectin domain family 4, member n"
AM,Inhibitor effect,WSN_PP1 vs WSN,Nrp1,ENSMUSG00000025810,Upregulated,2.087,2.087,1.61e-11,protein_coding,8,neuropilin 1
AM,Inhibitor effect,WSN_PP1 vs WSN,Sptssa,ENSMUSG00000044408,Upregulated,2.011,2.011,1.85e-11,protein_coding,12,"serine palmitoyltransferase, small subunit A"
AM,Inhibitor effect,WSN_PP1 vs WSN,Phrf1,ENSMUSG00000038611,Downregulated,-2.627,2.627,2.95e-11,protein_coding,7,PHD and ring finger domains 1
AM,Inhibitor effect,WSN_PP1 vs WSN,Serpinb2,ENSMUSG00000062345,Downregulated,-3.124,3.124,4.89e-11,protein_coding,1,"serine (or cysteine) peptidase inhibitor, clade B, member 2"
AM,Inhibitor effect,WSN_PP1 vs WSN,Abcc3,ENSMUSG00000020865,Upregulated,2.199,2.199,5.01e-11,protein_coding,11,"ATP-binding cassette, sub-family C member 3"
AM,Inhibitor effect,WSN_PP1 vs WSN,Cbr2,ENSMUSG00000025150,Upregulated,5.197,5.197,5.02e-11,protein_coding,11,carbonyl reductase 2
AM,Inhibitor effect,WSN_PP1 vs WSN,H1f0,ENSMUSG00000096210,Downregulated,-2.695,2.695,5.39e-11,protein_coding,15,H1.0 linker histone
AM,Inhibitor effect,WSN_PP1 vs WSN,Ikzf1,ENSMUSG00000018654,Upregulated,2.264,2.264,6.11e-11,protein_coding,11,IKAROS family zinc finger 1
AM,Inhibitor effect,WSN_PP1 vs WSN,Gm65552,ENSMUSG00000136869,Downregulated,-2.138,2.138,6.12e-11,lncRNA,17,65552
AM,Inhibitor effect,WSN_PP1 vs WSN,Gm26759,ENSMUSG00000097060,Downregulated,-4.052,4.052,6.73e-11,lncRNA,8,26759
AM,Inhibitor effect,WSN_PP1 vs WSN,Trem2,ENSMUSG00000023992,Upregulated,4.744,4.744,8.14e-11,protein_coding,17,triggering receptor expressed on myeloid cells 2
AM,Inhibitor effect,WSN_PP1 vs WSN,Ak3,ENSMUSG00000024782,Upregulated,2.42,2.42,8.14e-11,protein_coding,19,adenylate kinase 3
AM,Inhibitor effect,WSN_PP1 vs WSN,Xylt2,ENSMUSG00000020868,Downregulated,-2.039,2.039,9.38e-11,protein_coding,11,xylosyltransferase II
AM,Inhibitor effect,WSN_PP1 vs WSN,Gm13986,ENSMUSG00000087203,Downregulated,-2.716,2.716,1.06e-10,lncRNA,2,predicted gene 13986
AM,Inhibitor effect,WSN_PP1 vs WSN,4921516A02Rik,ENSMUSG00000112652,Downregulated,-2.959,2.959,1.18e-10,lncRNA,10,4921516A02 gene
AM,Inhibitor effect,WSN_PP1 vs WSN,Samd8,ENSMUSG00000021770,Downregulated,-2.027,2.027,1.58e-10,protein_coding,14,sterile alpha motif domain containing 8
AM,Inhibitor effect,WSN_PP1 vs WSN,Crlf1,ENSMUSG00000007888,Downregulated,-4.641,4.641,1.60e-10,protein_coding,8,cytokine receptor-like factor 1
AM,Inhibitor effect,WSN_PP1 vs WSN,Pi16,ENSMUSG00000024011,Downregulated,-9.001,9.001,1.96e-10,protein_coding,17,peptidase inhibitor 16
AM,Inhibitor effect,WSN_PP1 vs WSN,Gm57329,ENSMUSG00000120110,Downregulated,-2.96,2.96,2.21e-10,lncRNA,11,57329
AM,Inhibitor effect,WSN_PP1 vs WSN,Gm12522,ENSMUSG00000074281,Upregulated,2.842,2.842,2.38e-10,lncRNA,3,predicted gene 12522
AM,Inhibitor effect,WSN_PP1 vs WSN,Dennd4a,ENSMUSG00000053641,Downregulated,-2.979,2.979,2.70e-10,protein_coding,9,DENN domain containing 4A
AM,Inhibitor effect,WSN_PP1 vs WSN,Zbtb18,ENSMUSG00000063659,Downregulated,-2.212,2.212,3.21e-10,protein_coding,1,zinc finger and BTB domain containing 18
AM,Inhibitor effect,WSN_PP1 vs WSN,Thbd,ENSMUSG00000074743,Downregulated,-2.313,2.313,3.27e-10,protein_coding,2,thrombomodulin
AM,Inhibitor effect,WSN_PP1 vs WSN,Arid1a,ENSMUSG00000007880,Downregulated,-2.525,2.525,3.75e-10,protein_coding,4,AT-rich interaction domain 1A
AM,Inhibitor effect,WSN_PP1 vs WSN,Myo9b,ENSMUSG00000004677,Downregulated,-2.82,2.82,4.89e-10,protein_coding,8,myosin IXb
AM,Inhibitor effect,WSN_PP1 vs WSN,Csf1r,ENSMUSG00000024621,Upregulated,2.13,2.13,5.46e-10,protein_coding,18,colony stimulating factor 1 receptor
AM,Inhibitor effect,WSN_PP1 vs WSN,Mnt,ENSMUSG00000000282,Downregulated,-3.581,3.581,5.68e-10,protein_coding,11,max binding protein
AM,Inhibitor effect,WSN_PP1 vs WSN,Hadh,ENSMUSG00000027984,Upregulated,2.494,2.494,6.03e-10,protein_coding,3,hydroxyacyl-Coenzyme A dehydrogenase
AM,Inhibitor effect,WSN_PP1 vs WSN,Flcn,ENSMUSG00000032633,Downregulated,-2.612,2.612,7.01e-10,protein_coding,11,folliculin
AM,Inhibitor effect,WSN_PP1 vs WSN,Gstt4,ENSMUSG00000009093,Downregulated,-5.666,5.666,7.82e-10,protein_coding,10,"glutathione S-transferase, theta 4"
AM,Inhibitor effect,WSN_PP1 vs WSN,Osm,ENSMUSG00000058755,Downregulated,-3.682,3.682,8.07e-10,protein_coding,11,oncostatin M
AM,Inhibitor effect,WSN_PP1 vs WSN,Gm15441,ENSMUSG00000074398,Downregulated,-2.738,2.738,9.64e-10,lncRNA,3,predicted gene 15441
AM,Inhibitor effect,WSN_PP1 vs WSN,Gm15675,ENSMUSG00000086825,Downregulated,-5.066,5.066,1.01e-09,lncRNA,1,predicted gene 15675
AM,Inhibitor effect,WSN_PP1 vs WSN,Nr4a2,ENSMUSG00000026826,Downregulated,-3.383,3.383,1.07e-09,protein_coding,2,"nuclear receptor subfamily 4, group A, member 2"
AM,Inhibitor effect,WSN_PP1 vs WSN,Mrtfa,ENSMUSG00000042292,Downregulated,-2.856,2.856,1.26e-09,protein_coding,15,myocardin related transcription factor A
AM,Inhibitor effect,WSN_PP1 vs WSN,Bahd1,ENSMUSG00000040007,Downregulated,-2.254,2.254,1.30e-09,protein_coding,2,bromo adjacent homology domain containing 1
AM,Inhibitor effect,WSN_PP1 vs WSN,Nr4a1,ENSMUSG00000023034,Downregulated,-3.102,3.102,1.32e-09,protein_coding,15,"nuclear receptor subfamily 4, group A, member 1"
AM,Inhibitor effect,WSN_PP1 vs WSN,Tnfsf13,ENSMUSG00000089669,Upregulated,3.92,3.92,1.49e-09,protein_coding,11,"tumor necrosis factor (ligand) superfamily, member 13"
AM,Inhibitor effect,WSN_PP1 vs WSN,Zmynd8,ENSMUSG00000039671,Downregulated,-3.693,3.693,1.70e-09,protein_coding,2,"zinc finger, MYND-type containing 8"
AM,Inhibitor effect,WSN_PP1 vs WSN,Slc13a3,ENSMUSG00000018459,Downregulated,-2.567,2.567,1.70e-09,protein_coding,2,"solute carrier family 13 (sodium-dependent dicarboxylate transporter), member 3"
AM,Inhibitor effect,WSN_PP1 vs WSN,Itgal,ENSMUSG00000030830,Downregulated,-2.169,2.169,1.70e-09,protein_coding,7,integrin alpha L
AM,Inhibitor effect,WSN_PP1 vs WSN,Mllt6,ENSMUSG00000038437,Downregulated,-2.597,2.597,2.11e-09,protein_coding,11,"myeloid/lymphoid or mixed-lineage leukemia; translocated to, 6"
AM,Inhibitor effect,WSN_PP1 vs WSN,Acadm,ENSMUSG00000062908,Upregulated,2.038,2.038,2.44e-09,protein_coding,3,"acyl-Coenzyme A dehydrogenase, medium chain"
AM,Inhibitor effect,WSN_PP1 vs WSN,Aif1,ENSMUSG00000024397,Downregulated,-2.447,2.447,2.57e-09,protein_coding,17,allograft inflammatory factor 1
AM,Inhibitor effect,WSN_PP1 vs WSN,Rassf2,ENSMUSG00000027339,Downregulated,-2.136,2.136,2.64e-09,protein_coding,2,Ras association (RalGDS/AF-6) domain family member 2
AM,Inhibitor effect,WSN_PP1 vs WSN,Mospd3,ENSMUSG00000037221,Upregulated,2.333,2.333,2.77e-09,protein_coding,5,motile sperm domain containing 3
AM,Inhibitor effect,WSN_PP1 vs WSN,Crip1,ENSMUSG00000006360,Upregulated,4.624,4.624,3.02e-09,protein_coding,12,cysteine-rich protein 1
AM,Inhibitor effect,WSN_PP1 vs WSN,Cryl1,ENSMUSG00000021947,Upregulated,2.12,2.12,3.14e-09,protein_coding,14,"crystallin, lambda 1"
AM,Inhibitor effect,WSN_PP1 vs WSN,Gm65021,ENSMUSG00000128887,Downregulated,-3.686,3.686,3.75e-09,lncRNA,17,65021
AM,Inhibitor effect,WSN_PP1 vs WSN,Zbtb7a,ENSMUSG00000035011,Downregulated,-2.062,2.062,3.77e-09,protein_coding,10,zinc finger and BTB domain containing 7a
AM,Inhibitor effect,WSN_PP1 vs WSN,Pdxk,ENSMUSG00000032788,Downregulated,-2.893,2.893,4.61e-09,protein_coding,10,"pyridoxal (pyridoxine, vitamin B6) kinase"
AM,Inhibitor effect,WSN_PP1 vs WSN,Foxo3,ENSMUSG00000048756,Downregulated,-2.497,2.497,7.26e-09,protein_coding,10,forkhead box O3
AM,Inhibitor effect,WSN_PP1 vs WSN,Npl,ENSMUSG00000042684,Upregulated,2.913,2.913,7.41e-09,protein_coding,1,N-acetylneuraminate pyruvate lyase
AM,Inhibitor effect,WSN_PP1 vs WSN,Phf12,ENSMUSG00000037791,Downregulated,-2.636,2.636,7.41e-09,protein_coding,11,PHD finger protein 12
AM,Inhibitor effect,WSN_PP1 vs WSN,Mad2l1,ENSMUSG00000029910,Upregulated,2.724,2.724,7.51e-09,protein_coding,6,MAD2 mitotic arrest deficient-like 1
AM,Inhibitor effect,WSN_PP1 vs WSN,Eif4e3,ENSMUSG00000093661,Upregulated,2.222,2.222,8.01e-09,protein_coding,6,eukaryotic translation initiation factor 4E member 3
AM,Inhibitor effect,WSN_PP1 vs WSN,Setd5,ENSMUSG00000034269,Downregulated,-2.441,2.441,8.73e-09,protein_coding,6,SET domain containing 5
AM,Inhibitor effect,WSN_PP1 vs WSN,Zfp811,ENSMUSG00000055202,Downregulated,-4.216,4.216,9.86e-09,protein_coding,17,zinc finger protein 811
AM,Inhibitor effect,WSN_PP1 vs WSN,Trf,ENSMUSG00000032554,Upregulated,3.806,3.806,9.96e-09,protein_coding,9,transferrin
AM,Inhibitor effect,WSN_PP1 vs WSN,1700017B05Rik,ENSMUSG00000032300,Downregulated,-2.395,2.395,1.07e-08,protein_coding,9,1700017B05 gene
AM,Inhibitor effect,WSN_PP1 vs WSN,Fgr,ENSMUSG00000028874,Upregulated,3.282,3.282,1.25e-08,protein_coding,4,"FGR proto-oncogene, Src family tyrosine kinase"
AM,Inhibitor effect,WSN_PP1 vs WSN,Casc3,ENSMUSG00000078676,Downregulated,-2.392,2.392,1.26e-08,protein_coding,11,exon junction complex subunit
AM,Inhibitor effect,WSN_PP1 vs WSN,Arhgap27,ENSMUSG00000034255,Downregulated,-4.933,4.933,1.34e-08,protein_coding,11,Rho GTPase activating protein 27
AM,Inhibitor effect,WSN_PP1 vs WSN,Adam33,ENSMUSG00000027318,Downregulated,-4.65,4.65,1.53e-08,protein_coding,2,a disintegrin and metallopeptidase domain 33
AM,Inhibitor effect,WSN_PP1 vs WSN,Ifna4,ENSMUSG00000070904,Upregulated,2.295,2.295,1.59e-08,protein_coding,4,interferon alpha 4
AM,Inhibitor effect,WSN_PP1 vs WSN,Sting1,ENSMUSG00000024349,Upregulated,2.122,2.122,1.60e-08,protein_coding,18,stimulator of interferon response cGAMP interactor 1
AM,Inhibitor effect,WSN_PP1 vs WSN,Lrrc32,ENSMUSG00000090958,Downregulated,-2.059,2.059,1.71e-08,protein_coding,7,leucine rich repeat containing 32
AM,Inhibitor effect,WSN_PP1 vs WSN,Igf1,ENSMUSG00000020053,Upregulated,3.163,3.163,1.86e-08,protein_coding,10,insulin-like growth factor 1
AM,Inhibitor effect,WSN_PP1 vs WSN,Cd55,ENSMUSG00000026399,Downregulated,-2.208,2.208,1.99e-08,protein_coding,1,"CD55 molecule, decay accelerating factor for complement"
AM,Inhibitor effect,WSN_PP1 vs WSN,Mef2d,ENSMUSG00000001419,Downregulated,-2.84,2.84,2.11e-08,protein_coding,3,myocyte enhancer factor 2D
AM,Inhibitor effect,WSN_PP1 vs WSN,Pgd,ENSMUSG00000028961,Upregulated,2.059,2.059,2.22e-08,protein_coding,4,phosphogluconate dehydrogenase
AM,Inhibitor effect,WSN_PP1 vs WSN,Col5a3,ENSMUSG00000004098,Downregulated,-3.986,3.986,2.27e-08,protein_coding,9,"collagen, type V, alpha 3"
AM,Inhibitor effect,WSN_PP1 vs WSN,Tesk2,ENSMUSG00000033985,Downregulated,-3.166,3.166,2.27e-08,protein_coding,4,testis-specific kinase 2
AM,Inhibitor effect,WSN_PP1 vs WSN,Clec10a,ENSMUSG00000000318,Upregulated,3.083,3.083,2.27e-08,protein_coding,11,"C-type lectin domain family 10, member A"
AM,Inhibitor effect,WSN_PP1 vs WSN,Baz2a,ENSMUSG00000040054,Downregulated,-2.652,2.652,2.27e-08,protein_coding,10,"bromodomain adjacent to zinc finger domain, 2A"
AM,Inhibitor effect,WSN_PP1 vs WSN,Stmn1,ENSMUSG00000028832,Upregulated,4.584,4.584,2.56e-08,protein_coding,4,stathmin 1
AM,Inhibitor effect,WSN_PP1 vs WSN,Tnrc18,ENSMUSG00000039477,Downregulated,-3.181,3.181,2.75e-08,protein_coding,5,trinucleotide repeat containing 18
AM,Inhibitor effect,WSN_PP1 vs WSN,Mgst3,ENSMUSG00000026688,Upregulated,3.905,3.905,2.77e-08,protein_coding,1,microsomal glutathione S-transferase 3
AM,Inhibitor effect,WSN_PP1 vs WSN,Gm70772,ENSMUSG00000136117,Downregulated,-3.174,3.174,2.96e-08,lncRNA,1,70772
AM,Inhibitor effect,WSN_PP1 vs WSN,Tob2,ENSMUSG00000048546,Downregulated,-2.128,2.128,3.04e-08,protein_coding,15,"transducer of ERBB2, 2"
AM,Inhibitor effect,WSN_PP1 vs WSN,Per1,ENSMUSG00000020893,Downregulated,-3.528,3.528,3.07e-08,protein_coding,11,period circadian clock 1
AM,Inhibitor effect,WSN_PP1 vs WSN,Sod3,ENSMUSG00000072941,Downregulated,-2.064,2.064,3.17e-08,protein_coding,5,"superoxide dismutase 3, extracellular"
AM,Inhibitor effect,WSN_PP1 vs WSN,Hilpda,ENSMUSG00000043421,Downregulated,-2.627,2.627,3.64e-08,protein_coding,6,hypoxia inducible lipid droplet associated
AM,Inhibitor effect,WSN_PP1 vs WSN,Gm17705,ENSMUSG00000090936,Downregulated,-2.356,2.356,3.64e-08,lncRNA,17,17705
AM,Inhibitor effect,WSN_PP1 vs WSN,Ubd,ENSMUSG00000035186,Upregulated,3.994,3.994,3.68e-08,protein_coding,17,ubiquitin D
AM,Inhibitor effect,WSN_PP1 vs WSN,Srrm2,ENSMUSG00000039218,Downregulated,-2.975,2.975,3.98e-08,protein_coding,17,serine/arginine repetitive matrix 2
AM,Inhibitor effect,WSN_PP1 vs WSN,Mphosph10,ENSMUSG00000030521,Downregulated,-2.731,2.731,4.10e-08,protein_coding,7,M-phase phosphoprotein 10 (U3 small nucleolar ribonucleoprotein)
AM,Inhibitor effect,WSN_PP1 vs WSN,Ogn,ENSMUSG00000021390,Upregulated,3.484,3.484,4.25e-08,protein_coding,13,osteoglycin
AM,Inhibitor effect,WSN_PP1 vs WSN,Plet1,ENSMUSG00000032068,Upregulated,9.657,9.657,5.44e-08,protein_coding,9,placenta expressed transcript 1
AM,Inhibitor effect,WSN_PP1 vs WSN,Lst1,ENSMUSG00000073412,Downregulated,-2.571,2.571,6.19e-08,protein_coding,17,leukocyte specific transcript 1
AM,Inhibitor effect,WSN_PP1 vs WSN,Trp53inp1,ENSMUSG00000028211,Downregulated,-2.059,2.059,7.94e-08,protein_coding,4,transformation related protein 53 inducible nuclear protein 1
AM,Inhibitor effect,WSN_PP1 vs WSN,Sin3a,ENSMUSG00000042557,Downregulated,-2.214,2.214,7.94e-08,protein_coding,9,"transcriptional regulator, SIN3A (yeast)"
AM,Inhibitor effect,WSN_PP1 vs WSN,Selenop,ENSMUSG00000064373,Upregulated,4.065,4.065,9.03e-08,protein_coding,15,selenoprotein P
AM,Inhibitor effect,WSN_PP1 vs WSN,S100a4,ENSMUSG00000001020,Upregulated,3.744,3.744,9.03e-08,protein_coding,3,S100 calcium binding protein A4
AM,Inhibitor effect,WSN_PP1 vs WSN,Ccbe1,ENSMUSG00000046318,Downregulated,-2.846,2.846,9.44e-08,protein_coding,18,collagen and calcium binding EGF domains 1
AM,Inhibitor effect,WSN_PP1 vs WSN,Tnfsf9,ENSMUSG00000035678,Upregulated,2.577,2.577,9.44e-08,protein_coding,17,"tumor necrosis factor (ligand) superfamily, member 9"
AM,Inhibitor effect,WSN_PP1 vs WSN,Gm64234,ENSMUSG00000137183,Upregulated,2.052,2.052,9.56e-08,lncRNA,8,64234
AM,Inhibitor effect,WSN_PP1 vs WSN,Golgb1,ENSMUSG00000034243,Downregulated,-2.515,2.515,9.61e-08,protein_coding,16,golgin B1
AM,Inhibitor effect,WSN_PP1 vs WSN,Clec5a,ENSMUSG00000029915,Upregulated,3.983,3.983,1.04e-07,protein_coding,6,"C-type lectin domain family 5, member a"
AM,Inhibitor effect,WSN_PP1 vs WSN,Sptlc1,ENSMUSG00000021468,Upregulated,2.081,2.081,1.06e-07,protein_coding,13,"serine palmitoyltransferase, long chain base subunit 1"
AM,Inhibitor effect,WSN_PP1 vs WSN,Igsf9,ENSMUSG00000037995,Downregulated,-5.867,5.867,1.07e-07,protein_coding,1,"immunoglobulin superfamily, member 9"
AM,Inhibitor effect,WSN_PP1 vs WSN,Man2b1,ENSMUSG00000005142,Upregulated,2.087,2.087,1.07e-07,protein_coding,8,"mannosidase 2, alpha B1"
AM,Inhibitor effect,WSN_PP1 vs WSN,Mlxip,ENSMUSG00000038342,Downregulated,-2.111,2.111,1.15e-07,protein_coding,5,MLX interacting protein
AM,Inhibitor effect,WSN_PP1 vs WSN,Zfas1,ENSMUSG00000074578,Downregulated,-2.823,2.823,1.28e-07,lncRNA,2,"zinc finger, NFX1-type containing 1, antisense RNA 1"
AM,Inhibitor effect,WSN_PP1 vs WSN,Traf3,ENSMUSG00000021277,Downregulated,-2.25,2.25,1.31e-07,protein_coding,12,TNF receptor-associated factor 3
AM,Inhibitor effect,WSN_PP1 vs WSN,Map3k1,ENSMUSG00000021754,Downregulated,-2.842,2.842,1.34e-07,protein_coding,13,mitogen-activated protein kinase kinase kinase 1
AM,Inhibitor effect,WSN_PP1 vs WSN,Aldoc,ENSMUSG00000017390,Upregulated,4.325,4.325,1.48e-07,protein_coding,11,"aldolase C, fructose-bisphosphate"
AM,Inhibitor effect,WSN_PP1 vs WSN,Mga,ENSMUSG00000033943,Downregulated,-2.454,2.454,1.50e-07,protein_coding,2,MAX gene associated
AM,Inhibitor effect,WSN_PP1 vs WSN,Cd4,ENSMUSG00000023274,Upregulated,2.559,2.559,1.56e-07,protein_coding,6,CD4 antigen
AM,Inhibitor effect,WSN_PP1 vs WSN,Dnase1l1,ENSMUSG00000019088,Upregulated,2.171,2.171,1.57e-07,protein_coding,X,deoxyribonuclease 1-like 1
AM,Inhibitor effect,WSN_PP1 vs WSN,Ifna2,ENSMUSG00000078354,Upregulated,2.707,2.707,1.79e-07,protein_coding,4,interferon alpha 2
AM,Inhibitor effect,WSN_PP1 vs WSN,Dot1l,ENSMUSG00000061589,Downregulated,-2.943,2.943,1.84e-07,protein_coding,10,DOT1 like histone lysine methyltransferase
AM,Inhibitor effect,WSN_PP1 vs WSN,Tnfsf13os,ENSMUSG00000085890,Upregulated,3.18,3.18,2.06e-07,lncRNA,11,"tumor necrosis factor (ligand) superfamily, member 13, opposite strand"
AM,Inhibitor effect,WSN_PP1 vs WSN,Ccdc152,ENSMUSG00000091119,Upregulated,4.08,4.08,2.06e-07,protein_coding,15,coiled-coil domain containing 152
AM,Inhibitor effect,WSN_PP1 vs WSN,Plekhg2,ENSMUSG00000037552,Downregulated,-2.379,2.379,2.12e-07,protein_coding,7,"pleckstrin homology domain containing, family G (with RhoGef domain) member 2"
AM,Inhibitor effect,WSN_PP1 vs WSN,Plekhm1,ENSMUSG00000034247,Downregulated,-2.86,2.86,2.16e-07,protein_coding,11,"pleckstrin homology domain containing, family M (with RUN domain) member 1"
AM,Inhibitor effect,WSN_PP1 vs WSN,Snhg12,ENSMUSG00000086290,Downregulated,-3.011,3.011,2.25e-07,lncRNA,4,small nucleolar RNA host gene 12
AM,Inhibitor effect,WSN_PP1 vs WSN,Kansl1,ENSMUSG00000018412,Downregulated,-2.635,2.635,2.36e-07,protein_coding,11,KAT8 regulatory NSL complex subunit 1
AM,Inhibitor effect,WSN_PP1 vs WSN,Gm15832,ENSMUSG00000085894,Downregulated,-3.432,3.432,2.39e-07,lncRNA,1,predicted gene 15832
AM,Inhibitor effect,WSN_PP1 vs WSN,Chrna2,ENSMUSG00000022041,Downregulated,-3.435,3.435,2.46e-07,protein_coding,14,cholinergic receptor nicotinic alpha 2 subunit
AM,Inhibitor effect,WSN_PP1 vs WSN,Akna,ENSMUSG00000039158,Downregulated,-2.676,2.676,2.55e-07,protein_coding,4,AT-hook transcription factor
AM,Inhibitor effect,WSN_PP1 vs WSN,Garin4,ENSMUSG00000091017,Downregulated,-4.258,4.258,2.81e-07,protein_coding,1,golgi associated RAB2 interactor family member 4
AM,Inhibitor effect,WSN_PP1 vs WSN,Cdc42bpa,ENSMUSG00000026490,Downregulated,-2.241,2.241,3.02e-07,protein_coding,1,CDC42 binding protein kinase alpha
AM,Inhibitor effect,WSN_PP1 vs WSN,Zswim4,ENSMUSG00000035671,Downregulated,-2.034,2.034,3.03e-07,protein_coding,8,zinc finger SWIM-type containing 4
AM,Inhibitor effect,WSN_PP1 vs WSN,Tmco6,ENSMUSG00000006850,Downregulated,-3.562,3.562,3.14e-07,protein_coding,18,transmembrane and coiled-coil domains 6
AM,Inhibitor effect,WSN_PP1 vs WSN,Pan2,ENSMUSG00000005682,Downregulated,-2.754,2.754,3.14e-07,protein_coding,10,PAN2 poly(A) specific ribonuclease subunit
AM,Inhibitor effect,WSN_PP1 vs WSN,Asprv1,ENSMUSG00000033508,Upregulated,4.258,4.258,3.29e-07,protein_coding,6,"aspartic peptidase, retroviral-like 1"
AM,Inhibitor effect,WSN_PP1 vs WSN,Dusp4,ENSMUSG00000031530,Downregulated,-2.128,2.128,3.40e-07,protein_coding,8,dual specificity phosphatase 4
AM,Inhibitor effect,WSN_PP1 vs WSN,Mapk7,ENSMUSG00000001034,Downregulated,-2.53,2.53,3.40e-07,protein_coding,11,mitogen-activated protein kinase 7
AM,Inhibitor effect,WSN_PP1 vs WSN,Mybpc3,ENSMUSG00000002100,Downregulated,-6.612,6.612,3.42e-07,protein_coding,2,"myosin binding protein C, cardiac"
AM,Inhibitor effect,WSN_PP1 vs WSN,Sulf2,ENSMUSG00000006800,Upregulated,2.116,2.116,3.61e-07,protein_coding,2,sulfatase 2
AM,Inhibitor effect,WSN_PP1 vs WSN,Agmo,ENSMUSG00000050103,Upregulated,4.042,4.042,3.87e-07,protein_coding,12,alkylglycerol monooxygenase
AM,Inhibitor effect,WSN_PP1 vs WSN,Rtl5,ENSMUSG00000049191,Downregulated,-2.053,2.053,4.06e-07,protein_coding,X,retrotransposon Gag like 5
AM,Inhibitor effect,WSN_PP1 vs WSN,Cd36,ENSMUSG00000002944,Upregulated,2.112,2.112,4.11e-07,protein_coding,5,CD36 molecule
AM,Inhibitor effect,WSN_PP1 vs WSN,Gm69171,ENSMUSG00000137277,Upregulated,3.766,3.766,4.17e-07,lncRNA,9,69171
AM,Inhibitor effect,WSN_PP1 vs WSN,Rida,ENSMUSG00000022323,Upregulated,2.106,2.106,4.22e-07,protein_coding,15,reactive intermediate imine deaminase A homolog
AM,Inhibitor effect,WSN_PP1 vs WSN,Snrnp25,ENSMUSG00000040767,Upregulated,2.39,2.39,4.60e-07,protein_coding,11,small nuclear ribonucleoprotein 25 (U11/U12)
AM,Inhibitor effect,WSN_PP1 vs WSN,Sh2d6,ENSMUSG00000052631,Downregulated,-4.786,4.786,4.86e-07,protein_coding,6,SH2 domain containing 6
AM,Inhibitor effect,WSN_PP1 vs WSN,Ell,ENSMUSG00000070002,Downregulated,-2.796,2.796,4.86e-07,protein_coding,8,elongation factor RNA polymerase II
AM,Inhibitor effect,WSN_PP1 vs WSN,F13a1,ENSMUSG00000039109,Upregulated,7.312,7.312,4.94e-07,protein_coding,13,"coagulation factor XIII, A1 subunit"
AM,Inhibitor effect,WSN_PP1 vs WSN,Midn,ENSMUSG00000035621,Downregulated,-2.252,2.252,4.94e-07,protein_coding,10,midnolin
AM,Inhibitor effect,WSN_PP1 vs WSN,Mgl2,ENSMUSG00000040950,Upregulated,5.098,5.098,5.56e-07,protein_coding,11,macrophage galactose N-acetyl-galactosamine specific lectin 2
AM,Inhibitor effect,WSN_PP1 vs WSN,Gramd1b,ENSMUSG00000040111,Downregulated,-3.183,3.183,5.68e-07,protein_coding,9,GRAM domain containing 1B
AM,Inhibitor effect,WSN_PP1 vs WSN,Ern1,ENSMUSG00000020715,Downregulated,-2.345,2.345,5.68e-07,protein_coding,11,endoplasmic reticulum to nucleus signalling 1
AM,Inhibitor effect,WSN_PP1 vs WSN,Prkcb,ENSMUSG00000052889,Downregulated,-2.879,2.879,5.96e-07,protein_coding,7,"protein kinase C, beta"
AM,Inhibitor effect,WSN_PP1 vs WSN,Arid3a,ENSMUSG00000019564,Downregulated,-2.593,2.593,5.99e-07,protein_coding,10,AT-rich interaction domain 3A
AM,Inhibitor effect,WSN_PP1 vs WSN,Mgst1,ENSMUSG00000008540,Upregulated,2.918,2.918,6.02e-07,protein_coding,6,microsomal glutathione S-transferase 1
AM,Inhibitor effect,WSN_PP1 vs WSN,Lyz1,ENSMUSG00000069515,Upregulated,2.119,2.119,6.02e-07,protein_coding,10,lysozyme 1
AM,Inhibitor effect,WSN_PP1 vs WSN,Wdfy3,ENSMUSG00000043940,Downregulated,-2.145,2.145,6.09e-07,protein_coding,5,WD repeat and FYVE domain containing 3
AM,Inhibitor effect,WSN_PP1 vs WSN,Il33,ENSMUSG00000024810,Downregulated,-3.21,3.21,6.23e-07,protein_coding,19,interleukin 33
AM,Inhibitor effect,WSN_PP1 vs WSN,Snhg1,ENSMUSG00000108414,Downregulated,-2.932,2.932,6.31e-07,lncRNA,19,small nucleolar RNA host gene 1
AM,Inhibitor effect,WSN_PP1 vs WSN,Pcnx1,ENSMUSG00000021140,Downregulated,-2.077,2.077,6.31e-07,protein_coding,12,pecanex 1
AM,Inhibitor effect,WSN_PP1 vs WSN,Ccl6,ENSMUSG00000018927,Upregulated,2.976,2.976,6.76e-07,protein_coding,11,C-C motif chemokine ligand 6
AM,Inhibitor effect,WSN_PP1 vs WSN,Jpt1,ENSMUSG00000020737,Upregulated,2.146,2.146,7.01e-07,protein_coding,11,Jupiter microtubule associated homolog 1
AM,Inhibitor effect,WSN_PP1 vs WSN,Ssh1,ENSMUSG00000042121,Downregulated,-2.211,2.211,7.48e-07,protein_coding,5,slingshot protein phosphatase 1
AM,Inhibitor effect,WSN_PP1 vs WSN,Gm38204,ENSMUSG00000103676,Upregulated,2.47,2.47,7.57e-07,lncRNA,1,38204
AM,Inhibitor effect,WSN_PP1 vs WSN,Taldo1,ENSMUSG00000025503,Upregulated,2.036,2.036,7.57e-07,protein_coding,7,transaldolase 1
AM,Inhibitor effect,WSN_PP1 vs WSN,Stac2,ENSMUSG00000017400,Upregulated,2.131,2.131,8.04e-07,protein_coding,11,SH3 and cysteine rich domain 2
AM,Inhibitor effect,WSN_PP1 vs WSN,Kitl,ENSMUSG00000019966,Upregulated,2.071,2.071,8.04e-07,protein_coding,10,kit ligand
AM,Inhibitor effect,WSN_PP1 vs WSN,Nabp1,ENSMUSG00000026107,Downregulated,-2.099,2.099,8.15e-07,protein_coding,1,nucleic acid binding protein 1
AM,Inhibitor effect,WSN_PP1 vs WSN,Pygm,ENSMUSG00000032648,Downregulated,-4.246,4.246,8.41e-07,protein_coding,19,muscle glycogen phosphorylase
AM,Inhibitor effect,WSN_PP1 vs WSN,Lmcd1,ENSMUSG00000057604,Downregulated,-3.049,3.049,8.41e-07,protein_coding,6,LIM and cysteine-rich domains 1
AM,Inhibitor effect,WSN_PP1 vs WSN,Cstf2,ENSMUSG00000031256,Upregulated,2.513,2.513,8.51e-07,protein_coding,X,"cleavage stimulation factor, 3' pre-RNA subunit 2"
AM,Inhibitor effect,WSN_PP1 vs WSN,Tns2,ENSMUSG00000037003,Downregulated,-3.726,3.726,8.60e-07,protein_coding,15,tensin 2
AM,Inhibitor effect,WSN_PP1 vs WSN,Gm10602,ENSMUSG00000073985,Upregulated,2.276,2.276,8.75e-07,lncRNA,7,predicted gene 10602
AM,Inhibitor effect,WSN_PP1 vs WSN,Cd9,ENSMUSG00000030342,Upregulated,3.708,3.708,8.89e-07,protein_coding,6,CD9 antigen
AM,Inhibitor effect,WSN_PP1 vs WSN,Wnk2,ENSMUSG00000037989,Downregulated,-5.906,5.906,9.15e-07,protein_coding,13,WNK lysine deficient protein kinase 2
AM,Inhibitor effect,WSN_PP1 vs WSN,Sell,ENSMUSG00000026581,Downregulated,-2.216,2.216,9.43e-07,protein_coding,1,"selectin, lymphocyte"
AM,Inhibitor effect,WSN_PP1 vs WSN,Brd1,ENSMUSG00000022387,Downregulated,-2.619,2.619,9.53e-07,protein_coding,15,bromodomain containing 1
AM,Inhibitor effect,WSN_PP1 vs WSN,Bptf,ENSMUSG00000040481,Downregulated,-2.952,2.952,9.92e-07,protein_coding,11,bromodomain PHD finger transcription factor
AM,Inhibitor effect,WSN_PP1 vs WSN,Lmnb1,ENSMUSG00000024590,Downregulated,-2.542,2.542,1.01e-06,protein_coding,18,lamin B1
AM,Inhibitor effect,WSN_PP1 vs WSN,Rnf25,ENSMUSG00000026171,Downregulated,-2.044,2.044,1.08e-06,protein_coding,1,ring finger protein 25
AM,Inhibitor effect,WSN_PP1 vs WSN,Ncoa6,ENSMUSG00000038369,Downregulated,-2.472,2.472,1.11e-06,protein_coding,2,nuclear receptor coactivator 6
AM,Inhibitor effect,WSN_PP1 vs WSN,Chil3,ENSMUSG00000040809,Upregulated,6.4,6.4,1.14e-06,protein_coding,3,chitinase-like 3
AM,Inhibitor effect,WSN_PP1 vs WSN,Aqp9,ENSMUSG00000032204,Downregulated,-2.41,2.41,1.15e-06,protein_coding,9,aquaporin 9
AM,Inhibitor effect,WSN_PP1 vs WSN,Setd2,ENSMUSG00000044791,Downregulated,-2.505,2.505,1.15e-06,protein_coding,9,SET domain containing 2
AM,Inhibitor effect,WSN_PP1 vs WSN,Racgap1,ENSMUSG00000023015,Upregulated,2.974,2.974,1.19e-06,protein_coding,15,Rac GTPase-activating protein 1
AM,Inhibitor effect,WSN_PP1 vs WSN,Rsrp1,ENSMUSG00000037266,Downregulated,-3.248,3.248,1.20e-06,protein_coding,4,arginine/serine rich protein 1
AM,Inhibitor effect,WSN_PP1 vs WSN,Nop14,ENSMUSG00000036693,Downregulated,-2.062,2.062,1.29e-06,protein_coding,5,NOP14 nucleolar protein
AM,Inhibitor effect,WSN_PP1 vs WSN,Syt7,ENSMUSG00000024743,Downregulated,-5.008,5.008,1.30e-06,protein_coding,19,synaptotagmin VII
AM,Inhibitor effect,WSN_PP1 vs WSN,Gm16548,ENSMUSG00000086593,Upregulated,3.69,3.69,1.38e-06,lncRNA,1,predicted gene 16548
AM,Inhibitor effect,WSN_PP1 vs WSN,H2-T24,ENSMUSG00000053835,Downregulated,-2.402,2.402,1.39e-06,protein_coding,17,"histocompatibility 2, T region locus 24"
AM,Inhibitor effect,WSN_PP1 vs WSN,Maml1,ENSMUSG00000050567,Downregulated,-2.265,2.265,1.44e-06,protein_coding,11,mastermind like transcriptional coactivator 1
AM,Inhibitor effect,WSN_PP1 vs WSN,Glis3,ENSMUSG00000052942,Downregulated,-2.733,2.733,1.51e-06,protein_coding,19,GLIS family zinc finger 3
AM,Inhibitor effect,WSN_PP1 vs WSN,Ppm1n,ENSMUSG00000030402,Downregulated,-4.13,4.13,1.61e-06,protein_coding,7,"protein phosphatase, Mg2+/Mn2+ dependent, 1N (putative)"
AM,Inhibitor effect,WSN_PP1 vs WSN,Gm68762,ENSMUSG00000127797,Downregulated,-2.042,2.042,1.67e-06,lncRNA,4,68762
AM,Inhibitor effect,WSN_PP1 vs WSN,Ifna5,ENSMUSG00000096682,Upregulated,2.14,2.14,1.69e-06,protein_coding,4,interferon alpha 5
AM,Inhibitor effect,WSN_PP1 vs WSN,Bcor,ENSMUSG00000040363,Downregulated,-2.314,2.314,1.71e-06,protein_coding,X,BCL6 interacting corepressor
AM,Inhibitor effect,WSN_PP1 vs WSN,Ptprm,ENSMUSG00000033278,Downregulated,-3.243,3.243,1.73e-06,protein_coding,17,protein tyrosine phosphatase receptor type M
AM,Inhibitor effect,WSN_PP1 vs WSN,Jade2,ENSMUSG00000020387,Downregulated,-2.478,2.478,1.75e-06,protein_coding,11,jade family PHD finger 2
AM,Inhibitor effect,WSN_PP1 vs WSN,Mfge8,ENSMUSG00000030605,Upregulated,2.513,2.513,1.76e-06,protein_coding,7,milk fat globule EGF and factor V/VIII domain containing
AM,Inhibitor effect,WSN_PP1 vs WSN,Atf7ip,ENSMUSG00000030213,Downregulated,-2.61,2.61,1.79e-06,protein_coding,6,activating transcription factor 7 interacting protein
AM,Inhibitor effect,WSN_PP1 vs WSN,Bst2,ENSMUSG00000046718,Downregulated,-2.161,2.161,1.83e-06,protein_coding,8,bone marrow stromal cell antigen 2
AM,Inhibitor effect,WSN_PP1 vs WSN,Zfp516,ENSMUSG00000058881,Downregulated,-2.082,2.082,1.88e-06,protein_coding,18,zinc finger protein 516
AM,Inhibitor effect,WSN_PP1 vs WSN,Stac3,ENSMUSG00000040287,Downregulated,-7.445,7.445,1.90e-06,protein_coding,10,SH3 and cysteine rich domain 3
AM,Inhibitor effect,WSN_PP1 vs WSN,Cenpa,ENSMUSG00000029177,Upregulated,3.297,3.297,1.92e-06,protein_coding,5,centromere protein A
AM,Inhibitor effect,WSN_PP1 vs WSN,Grem2,ENSMUSG00000050069,Downregulated,-3.155,3.155,2.00e-06,protein_coding,1,"gremlin 2, DAN family BMP antagonist"
AM,Inhibitor effect,WSN_PP1 vs WSN,Klf13,ENSMUSG00000052040,Downregulated,-2.055,2.055,2.01e-06,protein_coding,7,Kruppel-like transcription factor 13
AM,Inhibitor effect,WSN_PP1 vs WSN,Gm26728,ENSMUSG00000101162,Upregulated,3.416,3.416,2.02e-06,lncRNA,6,26728
AM,Inhibitor effect,WSN_PP1 vs WSN,Fkbp1b,ENSMUSG00000020635,Upregulated,2.262,2.262,2.05e-06,protein_coding,12,FK506 binding protein 1b
AM,Inhibitor effect,WSN_PP1 vs WSN,Gm72665,ENSMUSG00000131039,Downregulated,-3.368,3.368,2.07e-06,lncRNA,7,72665
AM,Inhibitor effect,WSN_PP1 vs WSN,Slc44a1,ENSMUSG00000028412,Upregulated,3.204,3.204,2.08e-06,protein_coding,4,"solute carrier family 44, member 1"
AM,Inhibitor effect,WSN_PP1 vs WSN,Maoa,ENSMUSG00000025037,Upregulated,2.226,2.226,2.08e-06,protein_coding,X,monoamine oxidase A
AM,Inhibitor effect,WSN_PP1 vs WSN,Fcnaos,ENSMUSG00000052403,Upregulated,4.04,4.04,2.12e-06,lncRNA,2,"ficolin A, opposite strand"
AM,Inhibitor effect,WSN_PP1 vs WSN,Dgkz,ENSMUSG00000040479,Downregulated,-3.068,3.068,2.20e-06,protein_coding,2,diacylglycerol kinase zeta
AM,Inhibitor effect,WSN_PP1 vs WSN,Apc,ENSMUSG00000005871,Downregulated,-2.75,2.75,2.20e-06,protein_coding,18,"APC, WNT signaling pathway regulator"
AM,Inhibitor effect,WSN_PP1 vs WSN,Nicol1,ENSMUSG00000070858,Upregulated,2.941,2.941,2.21e-06,protein_coding,5,NELL2 interacting cell ontogeny regulator 1
AM,Inhibitor effect,WSN_PP1 vs WSN,Rreb1,ENSMUSG00000039087,Downregulated,-2.11,2.11,2.23e-06,protein_coding,13,ras responsive element binding protein 1
AM,Inhibitor effect,WSN_PP1 vs WSN,Cep83,ENSMUSG00000020024,Downregulated,-2.935,2.935,2.32e-06,protein_coding,10,centrosomal protein 83
AM,Inhibitor effect,WSN_PP1 vs WSN,Enpp2,ENSMUSG00000022425,Downregulated,-2.493,2.493,2.37e-06,protein_coding,15,ectonucleotide pyrophosphatase/phosphodiesterase 2
AM,Inhibitor effect,WSN_PP1 vs WSN,Cryz,ENSMUSG00000028199,Upregulated,2.485,2.485,2.37e-06,protein_coding,3,"crystallin, zeta"
AM,Inhibitor effect,WSN_PP1 vs WSN,Fli1,ENSMUSG00000016087,Downregulated,-2.093,2.093,2.38e-06,protein_coding,9,Friend leukemia integration 1
AM,Inhibitor effect,WSN_PP1 vs WSN,Ctsk,ENSMUSG00000028111,Upregulated,3.461,3.461,2.39e-06,protein_coding,3,cathepsin K
AM,Inhibitor effect,WSN_PP1 vs WSN,Serping1,ENSMUSG00000023224,Downregulated,-3.308,3.308,2.39e-06,protein_coding,2,"serine (or cysteine) peptidase inhibitor, clade G, member 1"
AM,Inhibitor effect,WSN_PP1 vs WSN,Ifitm10,ENSMUSG00000045777,Downregulated,-3.518,3.518,2.43e-06,protein_coding,7,interferon induced transmembrane protein 10
AM,Inhibitor effect,WSN_PP1 vs WSN,Trerf1,ENSMUSG00000064043,Downregulated,-3.8,3.8,2.44e-06,protein_coding,17,transcriptional regulating factor 1
AM,Inhibitor effect,WSN_PP1 vs WSN,Atp6v0d2,ENSMUSG00000028238,Upregulated,3.217,3.217,2.44e-06,protein_coding,4,"ATPase, H+ transporting, lysosomal V0 subunit D2"
AM,Inhibitor effect,WSN_PP1 vs WSN,Gm68467,ENSMUSG00000124577,Upregulated,2.89,2.89,2.52e-06,lncRNA,4,68467
AM,Inhibitor effect,WSN_PP1 vs WSN,Ccl11,ENSMUSG00000020676,Downregulated,-5.414,5.414,2.62e-06,protein_coding,11,C-C motif chemokine ligand 11
AM,Inhibitor effect,WSN_PP1 vs WSN,Gm73429,ENSMUSG00000137874,Downregulated,-3.848,3.848,3.01e-06,lncRNA,7,73429
AM,Inhibitor effect,WSN_PP1 vs WSN,Timd4,ENSMUSG00000055546,Upregulated,4.261,4.261,3.08e-06,protein_coding,11,T cell immunoglobulin and mucin domain containing 4
AM,Inhibitor effect,WSN_PP1 vs WSN,Arfgef2,ENSMUSG00000074582,Downregulated,-2.174,2.174,3.08e-06,protein_coding,2,ARF guanine nucleotide exchange factor 2
AM,Inhibitor effect,WSN_PP1 vs WSN,Sh2b2,ENSMUSG00000005057,Downregulated,-2.579,2.579,3.11e-06,protein_coding,5,SH2B adaptor protein 2
AM,Inhibitor effect,WSN_PP1 vs WSN,Tet3,ENSMUSG00000034832,Downregulated,-2.289,2.289,3.12e-06,protein_coding,6,tet methylcytosine dioxygenase 3
AM,Inhibitor effect,WSN_PP1 vs WSN,Nos2,ENSMUSG00000020826,Upregulated,2.787,2.787,3.13e-06,protein_coding,11,"nitric oxide synthase 2, inducible"
AM,Inhibitor effect,WSN_PP1 vs WSN,Fcgr3,ENSMUSG00000059498,Upregulated,2.035,2.035,3.13e-06,protein_coding,1,"Fc receptor, IgG, low affinity III"
AM,Inhibitor effect,WSN_PP1 vs WSN,Gm73905,ENSMUSG00000142470,Upregulated,2.608,2.608,3.17e-06,lncRNA,7,73905
AM,Inhibitor effect,WSN_PP1 vs WSN,Brpf1,ENSMUSG00000001632,Downregulated,-2.621,2.621,3.42e-06,protein_coding,6,"bromodomain and PHD finger containing, 1"
AM,Inhibitor effect,WSN_PP1 vs WSN,Mme,ENSMUSG00000027820,Upregulated,3.086,3.086,3.49e-06,protein_coding,3,membrane metallo endopeptidase
AM,Inhibitor effect,WSN_PP1 vs WSN,Tfrc,ENSMUSG00000022797,Upregulated,2.728,2.728,3.50e-06,protein_coding,16,transferrin receptor
AM,Inhibitor effect,WSN_PP1 vs WSN,Cdh24,ENSMUSG00000059674,Downregulated,-7.264,7.264,3.54e-06,protein_coding,14,cadherin-like 24
AM,Inhibitor effect,WSN_PP1 vs WSN,D17H6S56E-5,ENSMUSG00000120992,Upregulated,2.918,2.918,3.69e-06,protein_coding,17,"DNA segment, Chr 17, human D6S56E 5"
AM,Inhibitor effect,WSN_PP1 vs WSN,Hs6st2,ENSMUSG00000062184,Upregulated,3.284,3.284,3.70e-06,protein_coding,X,heparan sulfate 6-O-sulfotransferase 2
AM,Inhibitor effect,WSN_PP1 vs WSN,Abcg2,ENSMUSG00000029802,Upregulated,2.568,2.568,3.78e-06,protein_coding,6,ATP binding cassette subfamily G member 2 (Junior blood group)
AM,Inhibitor effect,WSN_PP1 vs WSN,Adap2,ENSMUSG00000020709,Downregulated,-2.887,2.887,4.02e-06,protein_coding,11,ArfGAP with dual PH domains 2
AM,Inhibitor effect,WSN_PP1 vs WSN,Cd300e,ENSMUSG00000048498,Downregulated,-3.362,3.362,4.04e-06,protein_coding,11,CD300E molecule
AM,Inhibitor effect,WSN_PP1 vs WSN,Klf10,ENSMUSG00000037465,Downregulated,-2.113,2.113,4.06e-06,protein_coding,15,Kruppel-like transcription factor 10
AM,Inhibitor effect,WSN_PP1 vs WSN,Gm46603,ENSMUSG00000117592,Downregulated,-7.28,7.28,4.08e-06,lncRNA,17,46603
AM,Inhibitor effect,WSN_PP1 vs WSN,Dqx1,ENSMUSG00000009145,Downregulated,-5.487,5.487,4.18e-06,protein_coding,6,DEAQ RNA-dependent ATPase
AM,Inhibitor effect,WSN_PP1 vs WSN,C1s1,ENSMUSG00000038521,Downregulated,-2.988,2.988,4.18e-06,protein_coding,6,"complement component 1, s subcomponent 1"
AM,Inhibitor effect,WSN_PP1 vs WSN,Spic,ENSMUSG00000004359,Downregulated,-2.449,2.449,4.35e-06,protein_coding,10,Spi-C transcription factor (Spi-1/PU.1 related)
AM,Inhibitor effect,WSN_PP1 vs WSN,Gm72623,ENSMUSG00000136525,Upregulated,2.631,2.631,4.38e-06,lncRNA,5,72623
AM,Inhibitor effect,WSN_PP1 vs WSN,Plac9,ENSMUSG00000095304,Upregulated,2.177,2.177,4.52e-06,protein_coding,14,placenta specific 9
AM,Inhibitor effect,WSN_PP1 vs WSN,Lcn2,ENSMUSG00000026822,Downregulated,-3.815,3.815,4.65e-06,protein_coding,2,lipocalin 2
AM,Inhibitor effect,WSN_PP1 vs WSN,Plet1os,ENSMUSG00000101304,Upregulated,4.771,4.771,4.71e-06,lncRNA,9,"placenta expressed transcript 1, opposite strand"
AM,Inhibitor effect,WSN_PP1 vs WSN,Stab2,ENSMUSG00000035459,Upregulated,3.317,3.317,4.72e-06,protein_coding,10,stabilin 2
AM,Inhibitor effect,WSN_PP1 vs WSN,Gm38383,ENSMUSG00000102591,Downregulated,-4.633,4.633,4.84e-06,TEC,2,38383
AM,Inhibitor effect,WSN_PP1 vs WSN,Macrod1,ENSMUSG00000036278,Upregulated,2.627,2.627,4.99e-06,protein_coding,19,mono-ADP ribosylhydrolase 1
AM,Inhibitor effect,WSN_PP1 vs WSN,Dnajc12,ENSMUSG00000036764,Upregulated,2.384,2.384,5.05e-06,protein_coding,10,DnaJ heat shock protein family (Hsp40) member C12
AM,Inhibitor effect,WSN_PP1 vs WSN,Tmem86a,ENSMUSG00000010307,Downregulated,-2.194,2.194,5.40e-06,protein_coding,7,transmembrane protein 86A
AM,Inhibitor effect,WSN_PP1 vs WSN,Kmt2a,ENSMUSG00000002028,Downregulated,-2.978,2.978,5.47e-06,protein_coding,9,lysine (K)-specific methyltransferase 2A
AM,Inhibitor effect,WSN_PP1 vs WSN,Mrtfb,ENSMUSG00000009569,Downregulated,-2.775,2.775,5.67e-06,protein_coding,16,myocardin related transcription factor B
AM,Inhibitor effect,WSN_PP1 vs WSN,Phf3,ENSMUSG00000048874,Downregulated,-2.624,2.624,5.67e-06,protein_coding,1,PHD finger protein 3
AM,Inhibitor effect,WSN_PP1 vs WSN,H2-K2,ENSMUSG00000121503,Downregulated,-3.428,3.428,5.77e-06,lncRNA,17,"histocompatibility 2, K region locus 2"
AM,Inhibitor effect,WSN_PP1 vs WSN,S100a1,ENSMUSG00000044080,Upregulated,2.952,2.952,5.86e-06,protein_coding,3,S100 calcium binding protein A1
AM,Inhibitor effect,WSN_PP1 vs WSN,Kdm6b,ENSMUSG00000018476,Downregulated,-3.054,3.054,5.90e-06,protein_coding,11,KDM1 lysine (K)-specific demethylase 6B
AM,Inhibitor effect,WSN_PP1 vs WSN,Cebpa,ENSMUSG00000034957,Downregulated,-2.513,2.513,6.00e-06,protein_coding,7,CCAAT/enhancer binding protein alpha
AM,Inhibitor effect,WSN_PP1 vs WSN,AW011738,ENSMUSG00000078349,Downregulated,-2.223,2.223,6.35e-06,lncRNA,4,expressed sequence AW011738
AM,Inhibitor effect,WSN_PP1 vs WSN,Pianp,ENSMUSG00000030329,Upregulated,4.038,4.038,6.36e-06,protein_coding,6,PILR alpha associated neural protein
AM,Inhibitor effect,WSN_PP1 vs WSN,Gm40358,ENSMUSG00000142514,Downregulated,-6.145,6.145,6.55e-06,lncRNA,6,40358
AM,Inhibitor effect,WSN_PP1 vs WSN,Tmem254,ENSMUSG00000072676,Upregulated,2.29,2.29,6.92e-06,protein_coding,14,transmembrane protein 254
AM,Inhibitor effect,WSN_PP1 vs WSN,Psrc1,ENSMUSG00000068744,Downregulated,-2.351,2.351,6.99e-06,protein_coding,3,proline/serine-rich coiled-coil 1
AM,Inhibitor effect,WSN_PP1 vs WSN,Ash1l,ENSMUSG00000028053,Downregulated,-2.722,2.722,7.14e-06,protein_coding,3,ASH1 like histone lysine methyltransferase
AM,Inhibitor effect,WSN_PP1 vs WSN,Gm57225,ENSMUSG00000120737,Downregulated,-7.063,7.063,7.30e-06,lncRNA,7,57225
AM,Inhibitor effect,WSN_PP1 vs WSN,Ankrd11,ENSMUSG00000035569,Downregulated,-2.829,2.829,7.37e-06,protein_coding,8,ankyrin repeat domain 11
AM,Inhibitor effect,WSN_PP1 vs WSN,Taf8,ENSMUSG00000023980,Downregulated,-2.744,2.744,7.43e-06,protein_coding,17,TATA-box binding protein associated factor 8
AM,Inhibitor effect,WSN_PP1 vs WSN,Rnf128,ENSMUSG00000031438,Upregulated,2.192,2.192,7.43e-06,protein_coding,X,ring finger protein 128
AM,Inhibitor effect,WSN_PP1 vs WSN,Rps6ka3,ENSMUSG00000031309,Upregulated,2.155,2.155,7.43e-06,protein_coding,X,ribosomal protein S6 kinase polypeptide 3
AM,Inhibitor effect,WSN_PP1 vs WSN,Nktr,ENSMUSG00000032525,Downregulated,-2.89,2.89,7.56e-06,protein_coding,9,natural killer tumor recognition sequence
AM,Inhibitor effect,WSN_PP1 vs WSN,Soat2,ENSMUSG00000023045,Downregulated,-3.345,3.345,7.76e-06,protein_coding,15,sterol O-acyltransferase 2
AM,Inhibitor effect,WSN_PP1 vs WSN,Qpct,ENSMUSG00000024084,Upregulated,3.53,3.53,8.16e-06,protein_coding,17,glutaminyl-peptide cyclotransferase (glutaminyl cyclase)
AM,Inhibitor effect,WSN_PP1 vs WSN,Mturn,ENSMUSG00000038065,Upregulated,3.05,3.05,8.41e-06,protein_coding,6,"maturin, neural progenitor differentiation regulator homolog (Xenopus)"
AM,Inhibitor effect,WSN_PP1 vs WSN,Ccr3,ENSMUSG00000035448,Upregulated,2.876,2.876,8.63e-06,protein_coding,9,C-C motif chemokine receptor 3
AM,Inhibitor effect,WSN_PP1 vs WSN,Syngr1,ENSMUSG00000022415,Upregulated,2.347,2.347,9.10e-06,protein_coding,15,synaptogyrin 1
AM,Inhibitor effect,WSN_PP1 vs WSN,Gm75422,ENSMUSG00000138016,Downregulated,-3.289,3.289,9.10e-06,lncRNA,2,75422
AM,Inhibitor effect,WSN_PP1 vs WSN,Mfsd13a,ENSMUSG00000025227,Upregulated,2.186,2.186,9.19e-06,protein_coding,19,major facilitator superfamily domain containing 13a
AM,Inhibitor effect,WSN_PP1 vs WSN,Folr2,ENSMUSG00000032725,Upregulated,2.507,2.507,9.49e-06,protein_coding,7,folate receptor beta
AM,Inhibitor effect,WSN_PP1 vs WSN,S1pr3,ENSMUSG00000067586,Upregulated,2.654,2.654,9.71e-06,protein_coding,13,sphingosine-1-phosphate receptor 3
AM,Inhibitor effect,WSN_PP1 vs WSN,Itga7,ENSMUSG00000025348,Downregulated,-3.516,3.516,9.90e-06,protein_coding,10,integrin alpha 7
AM,Inhibitor effect,WSN_PP1 vs WSN,Prg4,ENSMUSG00000006014,Downregulated,-3.242,3.242,1.04e-05,protein_coding,1,"proteoglycan 4 (megakaryocyte stimulating factor, articular superficial zone protein)"
AM,Inhibitor effect,WSN_PP1 vs WSN,Txlnb,ENSMUSG00000039891,Downregulated,-3.331,3.331,1.04e-05,protein_coding,10,taxilin beta
AM,Inhibitor effect,WSN_PP1 vs WSN,S100a6,ENSMUSG00000001025,Upregulated,2.816,2.816,1.04e-05,protein_coding,3,S100 calcium binding protein A6 (calcyclin)
AM,Inhibitor effect,WSN_PP1 vs WSN,Fzd7,ENSMUSG00000041075,Upregulated,2.406,2.406,1.05e-05,protein_coding,1,frizzled class receptor 7
AM,Inhibitor effect,WSN_PP1 vs WSN,Nr4a3,ENSMUSG00000028341,Downregulated,-2.379,2.379,1.05e-05,protein_coding,4,"nuclear receptor subfamily 4, group A, member 3"
AM,Inhibitor effect,WSN_PP1 vs WSN,Zranb3,ENSMUSG00000036086,Upregulated,2.486,2.486,1.09e-05,protein_coding,1,"zinc finger, RAN-binding domain containing 3"
AM,Inhibitor effect,WSN_PP1 vs WSN,Cib2,ENSMUSG00000037493,Upregulated,2.433,2.433,1.09e-05,protein_coding,9,calcium and integrin binding family member 2
AM,Inhibitor effect,WSN_PP1 vs WSN,Nfatc2,ENSMUSG00000027544,Downregulated,-2.934,2.934,1.10e-05,protein_coding,2,"nuclear factor of activated T cells, cytoplasmic, calcineurin dependent 2"
AM,Inhibitor effect,WSN_PP1 vs WSN,Gm43351,ENSMUSG00000105769,Downregulated,-3.107,3.107,1.16e-05,lncRNA,3,predicted gene 43351
AM,Inhibitor effect,WSN_PP1 vs WSN,Sdhaf4,ENSMUSG00000026154,Upregulated,2.247,2.247,1.17e-05,protein_coding,1,succinate dehydrogenase complex assembly factor 4
AM,Inhibitor effect,WSN_PP1 vs WSN,Chd2,ENSMUSG00000078671,Downregulated,-2.64,2.64,1.17e-05,protein_coding,7,chromodomain helicase DNA binding protein 2
AM,Inhibitor effect,WSN_PP1 vs WSN,Dst,ENSMUSG00000026131,Downregulated,-2.874,2.874,1.18e-05,protein_coding,1,dystonin
AM,Inhibitor effect,WSN_PP1 vs WSN,Lsp1,ENSMUSG00000018819,Upregulated,2.584,2.584,1.23e-05,protein_coding,7,lymphocyte specific 1
AM,Inhibitor effect,WSN_PP1 vs WSN,Resf1,ENSMUSG00000032712,Downregulated,-2.197,2.197,1.24e-05,protein_coding,6,retroelement silencing factor 1
AM,Inhibitor effect,WSN_PP1 vs WSN,Mir142hg,ENSMUSG00000084796,Downregulated,-3.309,3.309,1.25e-05,lncRNA,11,Mir142 host gene (non-protein coding)
AM,Inhibitor effect,WSN_PP1 vs WSN,Trim8,ENSMUSG00000025034,Downregulated,-2.548,2.548,1.26e-05,protein_coding,19,tripartite motif-containing 8
AM,Inhibitor effect,WSN_PP1 vs WSN,Apoe,ENSMUSG00000002985,Upregulated,2.103,2.103,1.26e-05,protein_coding,7,apolipoprotein E
AM,Inhibitor effect,WSN_PP1 vs WSN,Fcgr2b,ENSMUSG00000026656,Upregulated,2.558,2.558,1.26e-05,protein_coding,1,"Fc receptor, IgG, low affinity IIb"
AM,Inhibitor effect,WSN_PP1 vs WSN,Plekhn1,ENSMUSG00000078485,Downregulated,-2.733,2.733,1.29e-05,protein_coding,4,"pleckstrin homology domain containing, family N member 1"
AM,Inhibitor effect,WSN_PP1 vs WSN,S100a9,ENSMUSG00000056071,Upregulated,8.346,8.346,1.35e-05,protein_coding,3,S100 calcium binding protein A9 (calgranulin B)
AM,Inhibitor effect,WSN_PP1 vs WSN,Nol4l,ENSMUSG00000061411,Downregulated,-4.039,4.039,1.39e-05,protein_coding,2,nucleolar protein 4-like
AM,Inhibitor effect,WSN_PP1 vs WSN,Rbbp6,ENSMUSG00000030779,Downregulated,-2.039,2.039,1.44e-05,protein_coding,7,"retinoblastoma binding protein 6, ubiquitin ligase"
AM,Inhibitor effect,WSN_PP1 vs WSN,Iffo1,ENSMUSG00000038271,Downregulated,-3.443,3.443,1.51e-05,protein_coding,6,intermediate filament family orphan 1
AM,Inhibitor effect,WSN_PP1 vs WSN,Ampd1,ENSMUSG00000070385,Downregulated,-4.702,4.702,1.51e-05,protein_coding,3,adenosine monophosphate deaminase 1
AM,Inhibitor effect,WSN_PP1 vs WSN,AI504432,ENSMUSG00000056145,Downregulated,-4.343,4.343,1.59e-05,lncRNA,3,expressed sequence AI504432
AM,Inhibitor effect,WSN_PP1 vs WSN,Cmbl,ENSMUSG00000022235,Upregulated,4.884,4.884,1.59e-05,protein_coding,15,carboxymethylenebutenolidase homolog
AM,Inhibitor effect,WSN_PP1 vs WSN,Zfp62,ENSMUSG00000046311,Downregulated,-2.03,2.03,1.62e-05,protein_coding,11,zinc finger protein 62
AM,Inhibitor effect,WSN_PP1 vs WSN,Bmp1,ENSMUSG00000022098,Downregulated,-2.358,2.358,1.64e-05,protein_coding,14,bone morphogenetic protein 1
AM,Inhibitor effect,WSN_PP1 vs WSN,Dbi,ENSMUSG00000026385,Upregulated,2.06,2.06,1.66e-05,protein_coding,1,diazepam binding inhibitor
AM,Inhibitor effect,WSN_PP1 vs WSN,Sesn1,ENSMUSG00000038332,Downregulated,-2.196,2.196,1.72e-05,protein_coding,10,sestrin 1
AM,Inhibitor effect,WSN_PP1 vs WSN,Parvg,ENSMUSG00000022439,Upregulated,2.656,2.656,1.73e-05,protein_coding,15,"parvin, gamma"
AM,Inhibitor effect,WSN_PP1 vs WSN,Gm28437,ENSMUSG00000101111,Upregulated,2.814,2.814,1.80e-05,unprocessed_pseudogene,1,predicted gene 28437
AM,Inhibitor effect,WSN_PP1 vs WSN,Crebbp,ENSMUSG00000022521,Downregulated,-2.526,2.526,1.81e-05,protein_coding,16,CREB binding protein
AM,Inhibitor effect,WSN_PP1 vs WSN,Gng10,ENSMUSG00000038607,Upregulated,2.384,2.384,1.81e-05,protein_coding,4,"guanine nucleotide binding protein (G protein), gamma 10"
AM,Inhibitor effect,WSN_PP1 vs WSN,Casp12,ENSMUSG00000025887,Upregulated,3.396,3.396,1.89e-05,protein_coding,9,caspase 12
AM,Inhibitor effect,WSN_PP1 vs WSN,Mmp12,ENSMUSG00000049723,Upregulated,5.714,5.714,1.89e-05,protein_coding,9,matrix metallopeptidase 12
AM,Inhibitor effect,WSN_PP1 vs WSN,Apod,ENSMUSG00000022548,Downregulated,-4.985,4.985,1.94e-05,protein_coding,16,apolipoprotein D
AM,Inhibitor effect,WSN_PP1 vs WSN,Or2v1,ENSMUSG00000040328,Upregulated,2.763,2.763,1.94e-05,protein_coding,11,olfactory receptor family 2 subfamily V member 1
AM,Inhibitor effect,WSN_PP1 vs WSN,Lrig1,ENSMUSG00000030029,Downregulated,-2.219,2.219,2.00e-05,protein_coding,6,leucine-rich repeats and immunoglobulin-like domains 1
AM,Inhibitor effect,WSN_PP1 vs WSN,Setd1b,ENSMUSG00000038384,Downregulated,-2.065,2.065,2.00e-05,protein_coding,5,SET domain containing 1B
AM,Inhibitor effect,WSN_PP1 vs WSN,Lilrb4a,ENSMUSG00000112148,Downregulated,-3.719,3.719,2.04e-05,protein_coding,10,"leukocyte immunoglobulin-like receptor, subfamily B, member 4A"
AM,Inhibitor effect,WSN_PP1 vs WSN,Mllt10,ENSMUSG00000026743,Downregulated,-2.428,2.428,2.06e-05,protein_coding,2,"myeloid/lymphoid or mixed-lineage leukemia; translocated to, 10"
AM,Inhibitor effect,WSN_PP1 vs WSN,Rere,ENSMUSG00000039852,Downregulated,-2.111,2.111,2.06e-05,protein_coding,4,arginine glutamic acid dipeptide (RE) repeats
AM,Inhibitor effect,WSN_PP1 vs WSN,Pnisr,ENSMUSG00000028248,Downregulated,-3.133,3.133,2.07e-05,protein_coding,4,PNN interacting serine/arginine-rich
AM,Inhibitor effect,WSN_PP1 vs WSN,A930007I19Rik,ENSMUSG00000097855,Downregulated,-2.243,2.243,2.07e-05,lncRNA,19,A930007I19 gene
AM,Inhibitor effect,WSN_PP1 vs WSN,Mrps6,ENSMUSG00000039680,Upregulated,2.171,2.171,2.12e-05,protein_coding,16,mitochondrial ribosomal protein S6
AM,Inhibitor effect,WSN_PP1 vs WSN,P2ry13,ENSMUSG00000036362,Upregulated,4.602,4.602,2.13e-05,protein_coding,3,"purinergic receptor P2Y, G-protein coupled 13"
AM,Inhibitor effect,WSN_PP1 vs WSN,Slc39a8,ENSMUSG00000053897,Upregulated,2.084,2.084,2.17e-05,protein_coding,3,"solute carrier family 39 (metal ion transporter), member 8"
AM,Inhibitor effect,WSN_PP1 vs WSN,Lgals4,ENSMUSG00000053964,Downregulated,-5.181,5.181,2.19e-05,protein_coding,7,"lectin, galactose binding, soluble 4"
AM,Inhibitor effect,WSN_PP1 vs WSN,Pmaip1,ENSMUSG00000024521,Downregulated,-2.148,2.148,2.20e-05,protein_coding,18,phorbol-12-myristate-13-acetate-induced protein 1
AM,Inhibitor effect,WSN_PP1 vs WSN,Ltc4s,ENSMUSG00000020377,Upregulated,3.725,3.725,2.20e-05,protein_coding,11,leukotriene C4 synthase
AM,Inhibitor effect,WSN_PP1 vs WSN,Itln1,ENSMUSG00000038209,Downregulated,-7.36,7.36,2.21e-05,protein_coding,1,intelectin 1 (galactofuranose binding)
AM,Inhibitor effect,WSN_PP1 vs WSN,Rarres2,ENSMUSG00000009281,Downregulated,-2.134,2.134,2.22e-05,protein_coding,6,retinoic acid receptor responder (tazarotene induced) 2
AM,Inhibitor effect,WSN_PP1 vs WSN,Brd10,ENSMUSG00000046138,Downregulated,-2.923,2.923,2.28e-05,protein_coding,19,bromodomain containing 10
AM,Inhibitor effect,WSN_PP1 vs WSN,Stat4,ENSMUSG00000062939,Downregulated,-2.139,2.139,2.37e-05,protein_coding,1,signal transducer and activator of transcription 4
AM,Inhibitor effect,WSN_PP1 vs WSN,Cpeb2,ENSMUSG00000039782,Downregulated,-2.394,2.394,2.44e-05,protein_coding,5,cytoplasmic polyadenylation element binding protein 2
AM,Inhibitor effect,WSN_PP1 vs WSN,Zfp292,ENSMUSG00000039967,Downregulated,-3.193,3.193,2.55e-05,protein_coding,4,zinc finger protein 292
AM,Inhibitor effect,WSN_PP1 vs WSN,Gm32695,ENSMUSG00000120034,Upregulated,3.358,3.358,2.71e-05,lncRNA,7,32695
AM,Inhibitor effect,WSN_PP1 vs WSN,Gpr157,ENSMUSG00000047875,Downregulated,-2.124,2.124,2.83e-05,protein_coding,4,G protein-coupled receptor 157
AM,Inhibitor effect,WSN_PP1 vs WSN,Jchain,ENSMUSG00000067149,Upregulated,2.382,2.382,2.87e-05,protein_coding,5,immunoglobulin joining chain
AM,Inhibitor effect,WSN_PP1 vs WSN,Brd8,ENSMUSG00000003778,Downregulated,-2.522,2.522,2.90e-05,protein_coding,18,bromodomain containing 8
AM,Inhibitor effect,WSN_PP1 vs WSN,Col6a2,ENSMUSG00000020241,Upregulated,2.365,2.365,2.90e-05,protein_coding,10,"collagen, type VI, alpha 2"
AM,Inhibitor effect,WSN_PP1 vs WSN,Snn,ENSMUSG00000037972,Upregulated,3.86,3.86,2.94e-05,protein_coding,16,stannin
AM,Inhibitor effect,WSN_PP1 vs WSN,Gm56783,ENSMUSG00000120231,Upregulated,2.452,2.452,2.97e-05,lncRNA,3,56783
AM,Inhibitor effect,WSN_PP1 vs WSN,Gm71725,ENSMUSG00000122751,Upregulated,2.224,2.224,2.97e-05,lncRNA,7,71725
AM,Inhibitor effect,WSN_PP1 vs WSN,Lgals3,ENSMUSG00000050335,Upregulated,2.26,2.26,3.04e-05,protein_coding,14,"lectin, galactose binding, soluble 3"
AM,Inhibitor effect,WSN_PP1 vs WSN,Fam193b,ENSMUSG00000021495,Downregulated,-4.361,4.361,3.06e-05,protein_coding,13,"family with sequence similarity 193, member B"
AM,Inhibitor effect,WSN_PP1 vs WSN,Gm1720,ENSMUSG00000086860,Downregulated,-6.874,6.874,3.18e-05,lncRNA,X,predicted gene 1720
AM,Inhibitor effect,WSN_PP1 vs WSN,E530011L22Rik,ENSMUSG00000097820,Downregulated,-2.97,2.97,3.21e-05,lncRNA,9,E530011L22 gene
AM,Inhibitor effect,WSN_PP1 vs WSN,Ctsf,ENSMUSG00000083282,Upregulated,2.081,2.081,3.23e-05,protein_coding,19,cathepsin F
AM,Inhibitor effect,WSN_PP1 vs WSN,Htr2a,ENSMUSG00000034997,Upregulated,2.067,2.067,3.23e-05,protein_coding,14,5-hydroxytryptamine (serotonin) receptor 2A
AM,Inhibitor effect,WSN_PP1 vs WSN,Snhg5,ENSMUSG00000097195,Downregulated,-4.683,4.683,3.26e-05,lncRNA,9,small nucleolar RNA host gene 5
AM,Inhibitor effect,WSN_PP1 vs WSN,Ccnl1,ENSMUSG00000027829,Downregulated,-2.543,2.543,3.29e-05,protein_coding,3,cyclin L1
AM,Inhibitor effect,WSN_PP1 vs WSN,1700060J05Rik,ENSMUSG00000084970,Upregulated,3.125,3.125,3.30e-05,lncRNA,4,1700060J05 gene
AM,Inhibitor effect,WSN_PP1 vs WSN,Cfap210,ENSMUSG00000070883,Downregulated,-2.557,2.557,3.56e-05,protein_coding,2,cilia and flagella associated protein 210
AM,Inhibitor effect,WSN_PP1 vs WSN,Ear2,ENSMUSG00000072596,Upregulated,6.961,6.961,3.58e-05,protein_coding,14,"eosinophil-associated, ribonuclease A family, member 2"
AM,Inhibitor effect,WSN_PP1 vs WSN,Fdps,ENSMUSG00000059743,Upregulated,2.756,2.756,3.71e-05,protein_coding,3,farnesyl diphosphate synthetase
AM,Inhibitor effect,WSN_PP1 vs WSN,Myo1a,ENSMUSG00000025401,Downregulated,-6.85,6.85,3.73e-05,protein_coding,10,myosin IA
AM,Inhibitor effect,WSN_PP1 vs WSN,Foxj2,ENSMUSG00000003154,Downregulated,-2.199,2.199,3.73e-05,protein_coding,6,forkhead box J2
AM,Inhibitor effect,WSN_PP1 vs WSN,Plxdc1,ENSMUSG00000017417,Upregulated,2.635,2.635,3.83e-05,protein_coding,11,plexin domain containing 1
AM,Inhibitor effect,WSN_PP1 vs WSN,Nrp2,ENSMUSG00000025969,Upregulated,2.056,2.056,3.83e-05,protein_coding,1,neuropilin 2
AM,Inhibitor effect,WSN_PP1 vs WSN,Raver2,ENSMUSG00000035275,Downregulated,-4.853,4.853,3.97e-05,protein_coding,4,"ribonucleoprotein, PTB-binding 2"
AM,Inhibitor effect,WSN_PP1 vs WSN,Nt5e,ENSMUSG00000032420,Downregulated,-3.651,3.651,4.00e-05,protein_coding,9,"5' nucleotidase, ecto"
AM,Inhibitor effect,WSN_PP1 vs WSN,Pou2f2,ENSMUSG00000008496,Downregulated,-2.817,2.817,4.01e-05,protein_coding,7,"POU domain, class 2, transcription factor 2"
AM,Inhibitor effect,WSN_PP1 vs WSN,Sult1a1,ENSMUSG00000030711,Upregulated,4.103,4.103,4.09e-05,protein_coding,7,"sulfotransferase family 1A, phenol-preferring, member 1"
AM,Inhibitor effect,WSN_PP1 vs WSN,Ube2c,ENSMUSG00000001403,Upregulated,4.234,4.234,4.15e-05,protein_coding,2,ubiquitin-conjugating enzyme E2C
AM,Inhibitor effect,WSN_PP1 vs WSN,Gm64487,ENSMUSG00000141737,Downregulated,-3.323,3.323,4.39e-05,lncRNA,8,64487
AM,Inhibitor effect,WSN_PP1 vs WSN,Pgap1,ENSMUSG00000073678,Upregulated,2.035,2.035,4.44e-05,protein_coding,1,post-GPI attachment to proteins 1
AM,Inhibitor effect,WSN_PP1 vs WSN,Gm16567,ENSMUSG00000089961,Downregulated,-3.149,3.149,4.46e-05,lncRNA,6,predicted gene 16567
AM,Inhibitor effect,WSN_PP1 vs WSN,Cd55os,ENSMUSG00000087691,Downregulated,-6.775,6.775,4.47e-05,lncRNA,1,"CD55 molecule, opposite strand sequence"
AM,Inhibitor effect,WSN_PP1 vs WSN,Ppbp,ENSMUSG00000029372,Upregulated,3.425,3.425,4.70e-05,protein_coding,5,pro-platelet basic protein
AM,Inhibitor effect,WSN_PP1 vs WSN,Gm62125,ENSMUSG00000143177,Upregulated,2.493,2.493,4.70e-05,lncRNA,X,62125
AM,Inhibitor effect,WSN_PP1 vs WSN,Gm56862,ENSMUSG00000121092,Upregulated,2.236,2.236,4.75e-05,lncRNA,8,56862
AM,Inhibitor effect,WSN_PP1 vs WSN,Zbtb11,ENSMUSG00000022601,Downregulated,-2.0,2.0,4.75e-05,protein_coding,16,zinc finger and BTB domain containing 11
AM,Inhibitor effect,WSN_PP1 vs WSN,Map3k14,ENSMUSG00000020941,Downregulated,-3.319,3.319,4.99e-05,protein_coding,11,mitogen-activated protein kinase kinase kinase 14
AM,Inhibitor effect,WSN_PP1 vs WSN,Zfp217,ENSMUSG00000052056,Downregulated,-2.504,2.504,5.09e-05,protein_coding,2,zinc finger protein 217
AM,Inhibitor effect,WSN_PP1 vs WSN,Napsa,ENSMUSG00000002204,Upregulated,2.661,2.661,5.13e-05,protein_coding,7,napsin A aspartic peptidase
AM,Inhibitor effect,WSN_PP1 vs WSN,Fap,ENSMUSG00000000392,Downregulated,-3.088,3.088,5.22e-05,protein_coding,2,fibroblast activation protein
AM,Inhibitor effect,WSN_PP1 vs WSN,Pla2g2d,ENSMUSG00000041202,Upregulated,4.612,4.612,5.41e-05,protein_coding,4,"phospholipase A2, group IID"
AM,Inhibitor effect,WSN_PP1 vs WSN,H2-Q7,ENSMUSG00000060550,Downregulated,-3.178,3.178,5.49e-05,protein_coding,17,"histocompatibility 2, Q region locus 7"
AM,Inhibitor effect,WSN_PP1 vs WSN,Gm75346,ENSMUSG00000136695,Downregulated,-2.051,2.051,5.54e-05,lncRNA,2,75346
AM,Inhibitor effect,WSN_PP1 vs WSN,Birc5,ENSMUSG00000017716,Upregulated,3.294,3.294,5.74e-05,protein_coding,11,baculoviral IAP repeat-containing 5
AM,Inhibitor effect,WSN_PP1 vs WSN,Klra2,ENSMUSG00000030187,Downregulated,-3.062,3.062,5.76e-05,protein_coding,6,"killer cell lectin-like receptor, subfamily A, member 2"
AM,Inhibitor effect,WSN_PP1 vs WSN,Golga4,ENSMUSG00000038708,Downregulated,-2.92,2.92,5.77e-05,protein_coding,9,golgin A4
AM,Inhibitor effect,WSN_PP1 vs WSN,Cep83os,ENSMUSG00000097164,Downregulated,-2.032,2.032,5.78e-05,lncRNA,10,"centrosomal protein 83, opposite strand"
AM,Inhibitor effect,WSN_PP1 vs WSN,Zfp638,ENSMUSG00000030016,Downregulated,-2.295,2.295,6.12e-05,protein_coding,6,zinc finger protein 638
AM,Inhibitor effect,WSN_PP1 vs WSN,Tbx3,ENSMUSG00000018604,Downregulated,-2.936,2.936,6.37e-05,protein_coding,5,T-box 3
AM,Inhibitor effect,WSN_PP1 vs WSN,Cd163,ENSMUSG00000008845,Upregulated,5.524,5.524,6.39e-05,protein_coding,6,CD163 antigen
AM,Inhibitor effect,WSN_PP1 vs WSN,1700113A16Rik,ENSMUSG00000096935,Downregulated,-3.435,3.435,6.64e-05,lncRNA,3,1700113A16 gene
AM,Inhibitor effect,WSN_PP1 vs WSN,Chd7,ENSMUSG00000041235,Downregulated,-3.811,3.811,6.72e-05,protein_coding,4,chromodomain helicase DNA binding protein 7
AM,Inhibitor effect,WSN_PP1 vs WSN,Ubn2,ENSMUSG00000038538,Downregulated,-2.446,2.446,6.85e-05,protein_coding,6,ubinuclein 2
AM,Inhibitor effect,WSN_PP1 vs WSN,Gm71838,ENSMUSG00000122442,Upregulated,3.056,3.056,7.28e-05,lncRNA,11,71838
AM,Inhibitor effect,WSN_PP1 vs WSN,Serpina3f,ENSMUSG00000066363,Upregulated,3.132,3.132,7.52e-05,protein_coding,12,"serine (or cysteine) peptidase inhibitor, clade A, member 3F"
AM,Inhibitor effect,WSN_PP1 vs WSN,Igkv2-109,ENSMUSG00000105606,Downregulated,-4.35,4.35,7.54e-05,IG_V_gene,6,immunoglobulin kappa variable 2-109
AM,Inhibitor effect,WSN_PP1 vs WSN,Pclaf,ENSMUSG00000040204,Upregulated,3.874,3.874,7.73e-05,protein_coding,9,PCNA clamp associated factor
AM,Inhibitor effect,WSN_PP1 vs WSN,Clec7a,ENSMUSG00000079293,Upregulated,2.638,2.638,7.74e-05,protein_coding,6,"C-type lectin domain family 7, member a"
AM,Inhibitor effect,WSN_PP1 vs WSN,mt-Nd4,ENSMUSG00000064363,Upregulated,2.129,2.129,7.89e-05,protein_coding,MT,mitochondrially encoded NADH dehydrogenase 4
AM,Inhibitor effect,WSN_PP1 vs WSN,Arid1b,ENSMUSG00000069729,Downregulated,-2.407,2.407,7.92e-05,protein_coding,17,AT-rich interaction domain 1B
AM,Inhibitor effect,WSN_PP1 vs WSN,Arrdc2,ENSMUSG00000002910,Downregulated,-5.289,5.289,7.99e-05,protein_coding,8,arrestin domain containing 2
AM,Inhibitor effect,WSN_PP1 vs WSN,Incenp,ENSMUSG00000024660,Downregulated,-2.318,2.318,8.09e-05,protein_coding,19,inner centromere protein
AM,Inhibitor effect,WSN_PP1 vs WSN,Carmil2,ENSMUSG00000050357,Downregulated,-4.278,4.278,8.17e-05,protein_coding,8,capping protein regulator and myosin 1 linker 2
AM,Inhibitor effect,WSN_PP1 vs WSN,Adgrg6,ENSMUSG00000039116,Downregulated,-2.696,2.696,8.21e-05,protein_coding,10,adhesion G protein-coupled receptor G6
AM,Inhibitor effect,WSN_PP1 vs WSN,Adap2os,ENSMUSG00000086507,Downregulated,-2.861,2.861,8.41e-05,lncRNA,11,"ArfGAP with dual PH domains 2, opposite strand"
AM,Inhibitor effect,WSN_PP1 vs WSN,Gm75556,ENSMUSG00000140457,Upregulated,2.702,2.702,8.55e-05,lncRNA,2,75556
AM,Inhibitor effect,WSN_PP1 vs WSN,Pde1b,ENSMUSG00000022489,Downregulated,-3.468,3.468,8.56e-05,protein_coding,15,"phosphodiesterase 1B, Ca2+-calmodulin dependent"
AM,Inhibitor effect,WSN_PP1 vs WSN,Fgd3,ENSMUSG00000037946,Downregulated,-2.927,2.927,8.68e-05,protein_coding,13,"FYVE, RhoGEF and PH domain containing 3"
AM,Inhibitor effect,WSN_PP1 vs WSN,Pprc1,ENSMUSG00000055491,Downregulated,-2.083,2.083,8.68e-05,protein_coding,19,"peroxisome proliferative activated receptor, gamma, coactivator-related 1"
AM,Inhibitor effect,WSN_PP1 vs WSN,Ednrb,ENSMUSG00000022122,Upregulated,2.554,2.554,8.86e-05,protein_coding,14,endothelin receptor type B
AM,Inhibitor effect,WSN_PP1 vs WSN,Trdc,ENSMUSG00000104876,Downregulated,-5.55,5.55,8.87e-05,TR_C_gene,14,"T cell receptor delta, constant region"
AM,Inhibitor effect,WSN_PP1 vs WSN,Ankrd12,ENSMUSG00000034647,Downregulated,-2.006,2.006,8.98e-05,protein_coding,17,ankyrin repeat domain 12
AM,Inhibitor effect,WSN_PP1 vs WSN,Gm47079,ENSMUSG00000110790,Upregulated,2.567,2.567,9.01e-05,lncRNA,9,47079
AM,Inhibitor effect,WSN_PP1 vs WSN,Tpr,ENSMUSG00000006005,Downregulated,-2.361,2.361,9.08e-05,protein_coding,1,"translocated promoter region, nuclear basket protein"
AM,Inhibitor effect,WSN_PP1 vs WSN,Smad7,ENSMUSG00000025880,Downregulated,-2.984,2.984,9.13e-05,protein_coding,18,SMAD family member 7
AM,Inhibitor effect,WSN_PP1 vs WSN,Nfatc4,ENSMUSG00000023411,Downregulated,-3.695,3.695,9.16e-05,protein_coding,14,"nuclear factor of activated T cells, cytoplasmic, calcineurin dependent 4"
AM,Inhibitor effect,WSN_PP1 vs WSN,Gigyf1,ENSMUSG00000029714,Downregulated,-3.772,3.772,9.22e-05,protein_coding,5,GRB10 interacting GYF protein 1
AM,Inhibitor effect,WSN_PP1 vs WSN,Gm68494,ENSMUSG00000124676,Downregulated,-2.106,2.106,9.29e-05,lncRNA,4,68494
AM,Inhibitor effect,WSN_PP1 vs WSN,Gdf3,ENSMUSG00000030117,Upregulated,4.193,4.193,9.68e-05,protein_coding,6,growth differentiation factor 3
AM,Inhibitor effect,WSN_PP1 vs WSN,Gm49482,ENSMUSG00000116308,Upregulated,3.209,3.209,9.68e-05,lncRNA,15,49482
AM,Inhibitor effect,WSN_PP1 vs WSN,Serpina3g,ENSMUSG00000041481,Upregulated,3.047,3.047,9.74e-05,protein_coding,12,"serine (or cysteine) peptidase inhibitor, clade A, member 3G"
AM,Inhibitor effect,WSN_PP1 vs WSN,Sfrp2,ENSMUSG00000027996,Upregulated,3.548,3.548,9.85e-05,protein_coding,3,secreted frizzled-related protein 2
AM,Inhibitor effect,WSN_PP1 vs WSN,Icam1,ENSMUSG00000037405,Upregulated,2.436,2.436,9.85e-05,protein_coding,9,intercellular adhesion molecule 1
AM,Inhibitor effect,WSN_PP1 vs WSN,Tcf20,ENSMUSG00000041852,Downregulated,-2.536,2.536,9.88e-05,protein_coding,15,transcription factor 20
AM,Inhibitor effect,WSN_PP1 vs WSN,Eya4,ENSMUSG00000010461,Downregulated,-2.288,2.288,9.92e-05,protein_coding,10,EYA transcriptional coactivator and phosphatase 4
AM,Inhibitor effect,WSN_PP1 vs WSN,Akap8,ENSMUSG00000024045,Downregulated,-2.136,2.136,1.00e-04,protein_coding,17,A kinase anchor protein 8
AM,Inhibitor effect,WSN_PP1 vs WSN,Eea1,ENSMUSG00000036499,Downregulated,-2.278,2.278,1.02e-04,protein_coding,10,early endosome antigen 1
AM,Inhibitor effect,WSN_PP1 vs WSN,Hspb1,ENSMUSG00000004951,Downregulated,-3.08,3.08,1.04e-04,protein_coding,5,heat shock protein 1
AM,Inhibitor effect,WSN_PP1 vs WSN,Snx30,ENSMUSG00000028385,Downregulated,-2.396,2.396,1.06e-04,protein_coding,4,sorting nexin family member 30
AM,Inhibitor effect,WSN_PP1 vs WSN,Gm50022,ENSMUSG00000117379,Upregulated,2.876,2.876,1.07e-04,lncRNA,17,50022
AM,Inhibitor effect,WSN_PP1 vs WSN,Tsc1,ENSMUSG00000026812,Downregulated,-2.807,2.807,1.08e-04,protein_coding,2,TSC complex subunit 1
AM,Inhibitor effect,WSN_PP1 vs WSN,Gm45606,ENSMUSG00000109715,Downregulated,-2.091,2.091,1.08e-04,lncRNA,11,predicted gene 45606
AM,Inhibitor effect,WSN_PP1 vs WSN,Kat6b,ENSMUSG00000021767,Downregulated,-3.273,3.273,1.09e-04,protein_coding,14,K(lysine) acetyltransferase 6B
AM,Inhibitor effect,WSN_PP1 vs WSN,Slc25a23,ENSMUSG00000046329,Upregulated,4.021,4.021,1.12e-04,protein_coding,17,"solute carrier family 25 (mitochondrial carrier; phosphate carrier), member 23"
AM,Inhibitor effect,WSN_PP1 vs WSN,Nicn1,ENSMUSG00000032606,Upregulated,2.033,2.033,1.13e-04,protein_coding,9,nicolin 1
AM,Inhibitor effect,WSN_PP1 vs WSN,Gpbp1l1,ENSMUSG00000034042,Downregulated,-2.407,2.407,1.14e-04,protein_coding,4,GC-rich promoter binding protein 1-like 1
AM,Inhibitor effect,WSN_PP1 vs WSN,Zyx,ENSMUSG00000029860,Upregulated,2.037,2.037,1.15e-04,protein_coding,6,zyxin
AM,Inhibitor effect,WSN_PP1 vs WSN,Cpne8,ENSMUSG00000052560,Upregulated,2.1,2.1,1.15e-04,protein_coding,15,copine VIII
AM,Inhibitor effect,WSN_PP1 vs WSN,Runx2,ENSMUSG00000039153,Downregulated,-2.082,2.082,1.16e-04,protein_coding,17,runt related transcription factor 2
AM,Inhibitor effect,WSN_PP1 vs WSN,Plekha6,ENSMUSG00000041757,Downregulated,-3.857,3.857,1.17e-04,protein_coding,1,"pleckstrin homology domain containing, family A member 6"
AM,Inhibitor effect,WSN_PP1 vs WSN,Aoc2,ENSMUSG00000078651,Downregulated,-3.426,3.426,1.17e-04,protein_coding,11,amine oxidase copper containing 2
AM,Inhibitor effect,WSN_PP1 vs WSN,Nox1,ENSMUSG00000031257,Upregulated,3.288,3.288,1.17e-04,protein_coding,X,NADPH oxidase 1
AM,Inhibitor effect,WSN_PP1 vs WSN,Igkv1-110,ENSMUSG00000093861,Downregulated,-2.326,2.326,1.17e-04,IG_V_gene,6,immunoglobulin kappa variable 1-110
AM,Inhibitor effect,WSN_PP1 vs WSN,Nfat5,ENSMUSG00000003847,Downregulated,-2.093,2.093,1.20e-04,protein_coding,8,nuclear factor of activated T cells 5
AM,Inhibitor effect,WSN_PP1 vs WSN,Siglecf,ENSMUSG00000039013,Upregulated,3.825,3.825,1.21e-04,protein_coding,7,sialic acid binding Ig-like lectin F
AM,Inhibitor effect,WSN_PP1 vs WSN,Hmcn2,ENSMUSG00000055632,Downregulated,-3.166,3.166,1.24e-04,protein_coding,2,hemicentin 2
AM,Inhibitor effect,WSN_PP1 vs WSN,Gm64945,ENSMUSG00000132147,Upregulated,2.371,2.371,1.24e-04,lncRNA,8,64945
AM,Inhibitor effect,WSN_PP1 vs WSN,St3gal4,ENSMUSG00000032038,Upregulated,2.165,2.165,1.30e-04,protein_coding,9,"ST3 beta-galactoside alpha-2,3-sialyltransferase 4"
AM,Inhibitor effect,WSN_PP1 vs WSN,Mamdc2,ENSMUSG00000033207,Upregulated,4.909,4.909,1.32e-04,protein_coding,19,MAM domain containing 2
AM,Inhibitor effect,WSN_PP1 vs WSN,Prr14l,ENSMUSG00000054280,Downregulated,-2.487,2.487,1.32e-04,protein_coding,5,proline rich 14-like
AM,Inhibitor effect,WSN_PP1 vs WSN,Acp3,ENSMUSG00000032561,Downregulated,-4.517,4.517,1.37e-04,protein_coding,9,acid phosphatase 3
AM,Inhibitor effect,WSN_PP1 vs WSN,Tnrc6a,ENSMUSG00000052707,Downregulated,-2.255,2.255,1.38e-04,protein_coding,7,trinucleotide repeat containing 6a
AM,Inhibitor effect,WSN_PP1 vs WSN,Gm42047,ENSMUSG00000110631,Downregulated,-3.544,3.544,1.38e-04,lncRNA,8,42047
AM,Inhibitor effect,WSN_PP1 vs WSN,Ssc5d,ENSMUSG00000035279,Downregulated,-3.495,3.495,1.39e-04,protein_coding,7,"scavenger receptor cysteine rich family, 5 domains"
AM,Inhibitor effect,WSN_PP1 vs WSN,AV051173,ENSMUSG00000129030,Upregulated,2.352,2.352,1.41e-04,lncRNA,4,expressed sequence AV051173
AM,Inhibitor effect,WSN_PP1 vs WSN,Cntrl,ENSMUSG00000057110,Downregulated,-3.633,3.633,1.43e-04,protein_coding,2,centriolin
AM,Inhibitor effect,WSN_PP1 vs WSN,Ak8,ENSMUSG00000026807,Upregulated,2.724,2.724,1.46e-04,protein_coding,2,adenylate kinase 8
AM,Inhibitor effect,WSN_PP1 vs WSN,Gm52546,ENSMUSG00000130853,Downregulated,-6.487,6.487,1.47e-04,lncRNA,2,52546
AM,Inhibitor effect,WSN_PP1 vs WSN,Slit3,ENSMUSG00000056427,Downregulated,-5.246,5.246,1.47e-04,protein_coding,11,slit guidance ligand 3
AM,Inhibitor effect,WSN_PP1 vs WSN,Tmprss2,ENSMUSG00000000385,Downregulated,-3.103,3.103,1.48e-04,protein_coding,16,"transmembrane protease, serine 2"
AM,Inhibitor effect,WSN_PP1 vs WSN,Cdca3,ENSMUSG00000023505,Upregulated,3.789,3.789,1.49e-04,protein_coding,6,cell division cycle associated 3
AM,Inhibitor effect,WSN_PP1 vs WSN,Gm67938,ENSMUSG00000140072,Downregulated,-2.337,2.337,1.49e-04,lncRNA,6,67938
AM,Inhibitor effect,WSN_PP1 vs WSN,Gm71280,ENSMUSG00000122927,Upregulated,2.34,2.34,1.50e-04,lncRNA,5,71280
AM,Inhibitor effect,WSN_PP1 vs WSN,Jpt2,ENSMUSG00000024165,Upregulated,2.486,2.486,1.53e-04,protein_coding,17,Jupiter microtubule associated homolog 2
AM,Inhibitor effect,WSN_PP1 vs WSN,Chaserr,ENSMUSG00000101970,Downregulated,-2.489,2.489,1.54e-04,lncRNA,7,CHD2 adjacent suppressive regulatory RNA
AM,Inhibitor effect,WSN_PP1 vs WSN,Cmtm6,ENSMUSG00000032434,Upregulated,2.642,2.642,1.55e-04,protein_coding,9,CKLF-like MARVEL transmembrane domain containing 6
AM,Inhibitor effect,WSN_PP1 vs WSN,Ttll3,ENSMUSG00000030276,Downregulated,-6.47,6.47,1.65e-04,protein_coding,6,"tubulin tyrosine ligase-like family, member 3"
AM,Inhibitor effect,WSN_PP1 vs WSN,Tk1,ENSMUSG00000025574,Upregulated,2.75,2.75,1.66e-04,protein_coding,11,thymidine kinase 1
AM,Inhibitor effect,WSN_PP1 vs WSN,Inpp1,ENSMUSG00000026102,Upregulated,2.539,2.539,1.70e-04,protein_coding,1,inositol polyphosphate-1-phosphatase
AM,Inhibitor effect,WSN_PP1 vs WSN,Abcg3,ENSMUSG00000029299,Upregulated,3.939,3.939,1.70e-04,protein_coding,5,ATP binding cassette subfamily G member 3
AM,Inhibitor effect,WSN_PP1 vs WSN,2410087M07Rik,ENSMUSG00000136541,Downregulated,-6.09,6.09,1.71e-04,lncRNA,2,2410087M07 gene
AM,Inhibitor effect,WSN_PP1 vs WSN,Ubtf,ENSMUSG00000020923,Downregulated,-2.062,2.062,1.76e-04,protein_coding,11,"upstream binding transcription factor, RNA polymerase I"
AM,Inhibitor effect,WSN_PP1 vs WSN,mt-Cytb,ENSMUSG00000064370,Upregulated,2.205,2.205,1.79e-04,protein_coding,MT,mitochondrially encoded cytochrome b
AM,Inhibitor effect,WSN_PP1 vs WSN,Tuba1a,ENSMUSG00000072235,Upregulated,2.219,2.219,1.79e-04,protein_coding,15,"tubulin, alpha 1A"
AM,Inhibitor effect,WSN_PP1 vs WSN,Matk,ENSMUSG00000004933,Upregulated,6.943,6.943,1.80e-04,protein_coding,10,megakaryocyte-associated tyrosine kinase
AM,Inhibitor effect,WSN_PP1 vs WSN,Car3,ENSMUSG00000027559,Upregulated,6.782,6.782,1.85e-04,protein_coding,3,carbonic anhydrase 3
AM,Inhibitor effect,WSN_PP1 vs WSN,Gfi1b,ENSMUSG00000026815,Downregulated,-6.074,6.074,1.86e-04,protein_coding,2,growth factor independent 1B
AM,Inhibitor effect,WSN_PP1 vs WSN,Prrg1,ENSMUSG00000047996,Upregulated,2.659,2.659,1.88e-04,protein_coding,X,proline rich Gla (G-carboxyglutamic acid) 1
AM,Inhibitor effect,WSN_PP1 vs WSN,C430002N11Rik,ENSMUSG00000101581,Downregulated,-3.117,3.117,1.89e-04,lncRNA,9,C430002N11 gene
AM,Inhibitor effect,WSN_PP1 vs WSN,Ppm1d,ENSMUSG00000020525,Downregulated,-2.182,2.182,1.90e-04,protein_coding,11,"protein phosphatase 1D magnesium-dependent, delta isoform"
AM,Inhibitor effect,WSN_PP1 vs WSN,Dstyk,ENSMUSG00000042046,Downregulated,-2.201,2.201,1.92e-04,protein_coding,1,dual serine/threonine and tyrosine protein kinase
AM,Inhibitor effect,WSN_PP1 vs WSN,Vcam1,ENSMUSG00000027962,Upregulated,2.586,2.586,1.93e-04,protein_coding,3,vascular cell adhesion molecule 1
AM,Inhibitor effect,WSN_PP1 vs WSN,C1ra,ENSMUSG00000055172,Downregulated,-2.33,2.33,1.93e-04,protein_coding,6,"complement component 1, r subcomponent A"
AM,Inhibitor effect,WSN_PP1 vs WSN,Pogz,ENSMUSG00000038902,Downregulated,-2.032,2.032,1.95e-04,protein_coding,3,pogo transposable element with ZNF domain
AM,Inhibitor effect,WSN_PP1 vs WSN,Kdm6bos,ENSMUSG00000085178,Downregulated,-3.264,3.264,1.97e-04,lncRNA,11,"KDM1 lysine (K)-specific demethylase 6B, opposite strand"
AM,Inhibitor effect,WSN_PP1 vs WSN,Gm5970,ENSMUSG00000085977,Upregulated,4.344,4.344,2.01e-04,processed_pseudogene,18,predicted gene 5970
AM,Inhibitor effect,WSN_PP1 vs WSN,Rsf1,ENSMUSG00000035623,Downregulated,-2.108,2.108,2.04e-04,protein_coding,7,remodeling and spacing factor 1
AM,Inhibitor effect,WSN_PP1 vs WSN,Fbxo34,ENSMUSG00000037536,Downregulated,-2.083,2.083,2.05e-04,protein_coding,14,F-box protein 34
AM,Inhibitor effect,WSN_PP1 vs WSN,Gm13012,ENSMUSG00000085823,Downregulated,-3.795,3.795,2.05e-04,lncRNA,4,predicted gene 13012
AM,Inhibitor effect,WSN_PP1 vs WSN,Pcna-ps2,ENSMUSG00000067608,Upregulated,2.321,2.321,2.08e-04,processed_pseudogene,19,proliferating cell nuclear antigen pseudogene 2
AM,Inhibitor effect,WSN_PP1 vs WSN,Prdx1,ENSMUSG00000028691,Upregulated,2.215,2.215,2.10e-04,protein_coding,4,peroxiredoxin 1
AM,Inhibitor effect,WSN_PP1 vs WSN,Gdnf,ENSMUSG00000022144,Downregulated,-3.579,3.579,2.11e-04,protein_coding,15,glial cell line derived neurotrophic factor
AM,Inhibitor effect,WSN_PP1 vs WSN,Pan3,ENSMUSG00000029647,Downregulated,-3.185,3.185,2.12e-04,protein_coding,5,PAN3 poly(A) specific ribonuclease subunit
AM,Inhibitor effect,WSN_PP1 vs WSN,Gm15396,ENSMUSG00000109491,Upregulated,2.606,2.606,2.14e-04,lncRNA,7,predicted gene 15396
AM,Inhibitor effect,WSN_PP1 vs WSN,Mknk2,ENSMUSG00000020190,Downregulated,-2.09,2.09,2.17e-04,protein_coding,10,MAP kinase-interacting serine/threonine kinase 2
AM,Inhibitor effect,WSN_PP1 vs WSN,Tmf1,ENSMUSG00000030059,Downregulated,-3.563,3.563,2.18e-04,protein_coding,6,TATA element modulatory factor 1
AM,Inhibitor effect,WSN_PP1 vs WSN,Zfp397,ENSMUSG00000024276,Downregulated,-2.353,2.353,2.25e-04,protein_coding,18,zinc finger protein 397
AM,Inhibitor effect,WSN_PP1 vs WSN,Bltp3a,ENSMUSG00000039512,Downregulated,-2.23,2.23,2.32e-04,protein_coding,17,bridge-like lipid transfer protein family member 3A
AM,Inhibitor effect,WSN_PP1 vs WSN,Rmdn3,ENSMUSG00000070730,Upregulated,2.25,2.25,2.34e-04,protein_coding,2,regulator of microtubule dynamics 3
AM,Inhibitor effect,WSN_PP1 vs WSN,Abl1,ENSMUSG00000026842,Downregulated,-2.014,2.014,2.41e-04,protein_coding,2,"c-abl oncogene 1, non-receptor tyrosine kinase"
AM,Inhibitor effect,WSN_PP1 vs WSN,Kmt2d,ENSMUSG00000048154,Downregulated,-2.641,2.641,2.46e-04,protein_coding,15,lysine (K)-specific methyltransferase 2D
AM,Inhibitor effect,WSN_PP1 vs WSN,Gm71529,ENSMUSG00000127655,Upregulated,2.311,2.311,2.46e-04,lncRNA,5,71529
AM,Inhibitor effect,WSN_PP1 vs WSN,Lars2,ENSMUSG00000035202,Upregulated,2.42,2.42,2.47e-04,protein_coding,9,"leucyl-tRNA synthetase, mitochondrial"
AM,Inhibitor effect,WSN_PP1 vs WSN,Dnajc17,ENSMUSG00000034278,Downregulated,-2.097,2.097,2.47e-04,protein_coding,2,DnaJ heat shock protein family (Hsp40) member C17
AM,Inhibitor effect,WSN_PP1 vs WSN,Arhgef3,ENSMUSG00000021895,Upregulated,2.002,2.002,2.47e-04,protein_coding,14,Rho guanine nucleotide exchange factor 3
AM,Inhibitor effect,WSN_PP1 vs WSN,Gm13201,ENSMUSG00000078494,Downregulated,-2.076,2.076,2.57e-04,lncRNA,4,predicted gene 13201
AM,Inhibitor effect,WSN_PP1 vs WSN,Ldhb,ENSMUSG00000030246,Upregulated,2.335,2.335,2.62e-04,protein_coding,6,lactate dehydrogenase B
AM,Inhibitor effect,WSN_PP1 vs WSN,Lgr6,ENSMUSG00000042793,Downregulated,-3.773,3.773,2.72e-04,protein_coding,1,leucine-rich repeat-containing G protein-coupled receptor 6
AM,Inhibitor effect,WSN_PP1 vs WSN,Ulk1,ENSMUSG00000029512,Downregulated,-2.593,2.593,2.77e-04,protein_coding,5,unc-51 like kinase 1
AM,Inhibitor effect,WSN_PP1 vs WSN,Kmt2b,ENSMUSG00000006307,Downregulated,-2.636,2.636,2.77e-04,protein_coding,7,lysine (K)-specific methyltransferase 2B
AM,Inhibitor effect,WSN_PP1 vs WSN,Lrp6,ENSMUSG00000030201,Downregulated,-2.305,2.305,2.79e-04,protein_coding,6,low density lipoprotein receptor-related protein 6
AM,Inhibitor effect,WSN_PP1 vs WSN,Ncoa2,ENSMUSG00000005886,Downregulated,-2.129,2.129,2.81e-04,protein_coding,1,nuclear receptor coactivator 2
AM,Inhibitor effect,WSN_PP1 vs WSN,Anxa1,ENSMUSG00000024659,Upregulated,2.621,2.621,2.82e-04,protein_coding,19,annexin A1
AM,Inhibitor effect,WSN_PP1 vs WSN,Pecam1,ENSMUSG00000020717,Downregulated,-2.018,2.018,2.83e-04,protein_coding,11,platelet/endothelial cell adhesion molecule 1
AM,Inhibitor effect,WSN_PP1 vs WSN,Zscan26,ENSMUSG00000022228,Downregulated,-2.786,2.786,2.86e-04,protein_coding,13,zinc finger and SCAN domain containing 26
AM,Inhibitor effect,WSN_PP1 vs WSN,Adra1a,ENSMUSG00000045875,Downregulated,-2.131,2.131,2.91e-04,protein_coding,14,"adrenergic receptor, alpha 1a"
AM,Inhibitor effect,WSN_PP1 vs WSN,Dnah2,ENSMUSG00000005237,Downregulated,-2.346,2.346,2.92e-04,protein_coding,11,"dynein, axonemal, heavy chain 2"
AM,Inhibitor effect,WSN_PP1 vs WSN,Vav2,ENSMUSG00000009621,Downregulated,-2.317,2.317,2.93e-04,protein_coding,2,vav 2 oncogene
AM,Inhibitor effect,WSN_PP1 vs WSN,F7,ENSMUSG00000031443,Upregulated,3.387,3.387,2.93e-04,protein_coding,8,coagulation factor VII
AM,Inhibitor effect,WSN_PP1 vs WSN,Rad51,ENSMUSG00000027323,Upregulated,2.162,2.162,3.00e-04,protein_coding,2,RAD51 recombinase
AM,Inhibitor effect,WSN_PP1 vs WSN,Gm75789,ENSMUSG00000129055,Downregulated,-6.141,6.141,3.00e-04,lncRNA,2,75789
AM,Inhibitor effect,WSN_PP1 vs WSN,Casp7,ENSMUSG00000025076,Upregulated,2.263,2.263,3.05e-04,protein_coding,19,caspase 7
AM,Inhibitor effect,WSN_PP1 vs WSN,Iqgap3,ENSMUSG00000028068,Upregulated,2.738,2.738,3.12e-04,protein_coding,3,IQ motif containing GTPase activating protein 3
AM,Inhibitor effect,WSN_PP1 vs WSN,Pkp4,ENSMUSG00000026991,Downregulated,-2.2,2.2,3.14e-04,protein_coding,2,plakophilin 4
AM,Inhibitor effect,WSN_PP1 vs WSN,9530004M14Rik,ENSMUSG00000119975,Upregulated,2.676,2.676,3.16e-04,lncRNA,8,9530004M14 gene
AM,Inhibitor effect,WSN_PP1 vs WSN,Snx24,ENSMUSG00000024535,Downregulated,-2.449,2.449,3.17e-04,protein_coding,18,sorting nexing 24
AM,Inhibitor effect,WSN_PP1 vs WSN,Lipg,ENSMUSG00000053846,Upregulated,3.905,3.905,3.17e-04,protein_coding,18,"lipase, endothelial"
AM,Inhibitor effect,WSN_PP1 vs WSN,Copz2,ENSMUSG00000018672,Upregulated,2.542,2.542,3.18e-04,protein_coding,11,"coatomer protein complex, subunit zeta 2"
AM,Inhibitor effect,WSN_PP1 vs WSN,Il18rap,ENSMUSG00000026068,Upregulated,2.621,2.621,3.38e-04,protein_coding,1,interleukin 18 receptor accessory protein
AM,Inhibitor effect,WSN_PP1 vs WSN,Phyhd1,ENSMUSG00000079484,Downregulated,-2.795,2.795,3.42e-04,protein_coding,2,phytanoyl-CoA dioxygenase domain containing 1
AM,Inhibitor effect,WSN_PP1 vs WSN,Chi3l1,ENSMUSG00000064246,Upregulated,7.175,7.175,3.46e-04,protein_coding,1,chitinase 3 like 1
AM,Inhibitor effect,WSN_PP1 vs WSN,P2ry14,ENSMUSG00000036381,Upregulated,2.545,2.545,3.52e-04,protein_coding,3,"purinergic receptor P2Y, G-protein coupled, 14"
AM,Inhibitor effect,WSN_PP1 vs WSN,Gm20544,ENSMUSG00000092569,Downregulated,-3.673,3.673,3.62e-04,lncRNA,18,predicted gene 20544
AM,Inhibitor effect,WSN_PP1 vs WSN,Grhpr,ENSMUSG00000035637,Upregulated,3.304,3.304,3.70e-04,protein_coding,4,glyoxylate reductase/hydroxypyruvate reductase
AM,Inhibitor effect,WSN_PP1 vs WSN,AI480526,ENSMUSG00000090086,Downregulated,-3.782,3.782,3.72e-04,lncRNA,5,expressed sequence AI480526
AM,Inhibitor effect,WSN_PP1 vs WSN,Paqr4,ENSMUSG00000023909,Upregulated,2.453,2.453,3.72e-04,protein_coding,17,progestin and adipoQ receptor family member IV
AM,Inhibitor effect,WSN_PP1 vs WSN,Sh2d5,ENSMUSG00000045349,Downregulated,-3.864,3.864,3.73e-04,protein_coding,4,SH2 domain containing 5
AM,Inhibitor effect,WSN_PP1 vs WSN,Zbtb47,ENSMUSG00000013419,Downregulated,-2.338,2.338,3.73e-04,protein_coding,9,zinc finger and BTB domain containing 47
AM,Inhibitor effect,WSN_PP1 vs WSN,AU022793,ENSMUSG00000115230,Downregulated,-3.336,3.336,3.76e-04,lncRNA,15,expressed sequence AU022793
AM,Inhibitor effect,WSN_PP1 vs WSN,Fam193a,ENSMUSG00000037210,Downregulated,-2.082,2.082,3.77e-04,protein_coding,5,"family with sequence homology 193, member A"
AM,Inhibitor effect,WSN_PP1 vs WSN,Setd1a,ENSMUSG00000042308,Downregulated,-2.761,2.761,3.82e-04,protein_coding,7,SET domain containing 1A
AM,Inhibitor effect,WSN_PP1 vs WSN,Kmt2c,ENSMUSG00000038056,Downregulated,-2.115,2.115,3.85e-04,protein_coding,5,lysine (K)-specific methyltransferase 2C
AM,Inhibitor effect,WSN_PP1 vs WSN,Pde4d,ENSMUSG00000021699,Downregulated,-2.467,2.467,3.86e-04,protein_coding,13,"phosphodiesterase 4D, cAMP specific"
AM,Inhibitor effect,WSN_PP1 vs WSN,Gm66293,ENSMUSG00000141472,Upregulated,2.034,2.034,3.86e-04,lncRNA,3,66293
AM,Inhibitor effect,WSN_PP1 vs WSN,Scaf4,ENSMUSG00000022983,Downregulated,-2.07,2.07,3.90e-04,protein_coding,16,SR-related CTD-associated factor 4
AM,Inhibitor effect,WSN_PP1 vs WSN,Anxa3,ENSMUSG00000029484,Upregulated,2.036,2.036,3.90e-04,protein_coding,5,annexin A3
AM,Inhibitor effect,WSN_PP1 vs WSN,Ighg3,ENSMUSG00000076615,Downregulated,-6.364,6.364,3.97e-04,IG_C_gene,12,Immunoglobulin heavy constant gamma 3
AM,Inhibitor effect,WSN_PP1 vs WSN,Mgll,ENSMUSG00000033174,Upregulated,2.716,2.716,4.11e-04,protein_coding,6,monoglyceride lipase
AM,Inhibitor effect,WSN_PP1 vs WSN,Napepld,ENSMUSG00000044968,Downregulated,-2.795,2.795,4.11e-04,protein_coding,5,N-acyl phosphatidylethanolamine phospholipase D
AM,Inhibitor effect,WSN_PP1 vs WSN,Prpf40b,ENSMUSG00000023007,Downregulated,-3.025,3.025,4.13e-04,protein_coding,15,pre-mRNA processing factor 40B
AM,Inhibitor effect,WSN_PP1 vs WSN,Mfap5,ENSMUSG00000030116,Downregulated,-2.357,2.357,4.27e-04,protein_coding,6,microfibrillar associated protein 5
AM,Inhibitor effect,WSN_PP1 vs WSN,Ciart,ENSMUSG00000038550,Downregulated,-2.494,2.494,4.43e-04,protein_coding,3,circadian associated repressor of transcription
AM,Inhibitor effect,WSN_PP1 vs WSN,Ccn5,ENSMUSG00000027656,Upregulated,2.915,2.915,4.53e-04,protein_coding,2,cellular communication network factor 5
AM,Inhibitor effect,WSN_PP1 vs WSN,Clec2d,ENSMUSG00000030157,Downregulated,-2.711,2.711,4.56e-04,protein_coding,6,"C-type lectin domain family 2, member d"
AM,Inhibitor effect,WSN_PP1 vs WSN,Tfec,ENSMUSG00000029553,Upregulated,2.099,2.099,4.64e-04,protein_coding,6,transcription factor EC
AM,Inhibitor effect,WSN_PP1 vs WSN,Coro1a,ENSMUSG00000030707,Downregulated,-2.106,2.106,4.76e-04,protein_coding,7,"coronin, actin binding protein 1A"
AM,Inhibitor effect,WSN_PP1 vs WSN,Zfp512,ENSMUSG00000062761,Downregulated,-2.231,2.231,4.77e-04,protein_coding,5,zinc finger protein 512
AM,Inhibitor effect,WSN_PP1 vs WSN,Gm10382,ENSMUSG00000072612,Downregulated,-2.138,2.138,4.85e-04,lncRNA,5,predicted gene 10382
AM,Inhibitor effect,WSN_PP1 vs WSN,Gm39286,ENSMUSG00000142668,Downregulated,-4.14,4.14,4.86e-04,lncRNA,8,39286
AM,Inhibitor effect,WSN_PP1 vs WSN,Mmp9,ENSMUSG00000017737,Upregulated,2.253,2.253,4.86e-04,protein_coding,2,matrix metallopeptidase 9
AM,Inhibitor effect,WSN_PP1 vs WSN,Ercc6,ENSMUSG00000054051,Downregulated,-2.956,2.956,4.96e-04,protein_coding,14,"excision repair cross-complementing rodent repair deficiency, complementation group 6"
AM,Inhibitor effect,WSN_PP1 vs WSN,Rac3,ENSMUSG00000018012,Upregulated,2.536,2.536,4.99e-04,protein_coding,11,Rac family small GTPase 3
AM,Inhibitor effect,WSN_PP1 vs WSN,Fmo1,ENSMUSG00000040181,Upregulated,3.973,3.973,5.01e-04,protein_coding,1,flavin containing monooxygenase 1
AM,Inhibitor effect,WSN_PP1 vs WSN,Sncg,ENSMUSG00000023064,Upregulated,2.758,2.758,5.19e-04,protein_coding,14,"synuclein, gamma"
AM,Inhibitor effect,WSN_PP1 vs WSN,Hpgd,ENSMUSG00000031613,Upregulated,6.148,6.148,5.20e-04,protein_coding,8,hydroxyprostaglandin dehydrogenase 15 (NAD)
AM,Inhibitor effect,WSN_PP1 vs WSN,Med26,ENSMUSG00000045248,Downregulated,-2.305,2.305,5.23e-04,protein_coding,8,mediator complex subunit 26
AM,Inhibitor effect,WSN_PP1 vs WSN,Cdk2,ENSMUSG00000025358,Downregulated,-2.292,2.292,5.27e-04,protein_coding,10,cyclin dependent kinase 2
AM,Inhibitor effect,WSN_PP1 vs WSN,Ramp1,ENSMUSG00000034353,Upregulated,4.188,4.188,5.28e-04,protein_coding,1,receptor (calcitonin) activity modifying protein 1
AM,Inhibitor effect,WSN_PP1 vs WSN,Zmym1,ENSMUSG00000043872,Downregulated,-2.704,2.704,5.32e-04,protein_coding,4,"zinc finger, MYM domain containing 1"
AM,Inhibitor effect,WSN_PP1 vs WSN,Flnc,ENSMUSG00000068699,Downregulated,-3.036,3.036,5.39e-04,protein_coding,6,"filamin C, gamma"
AM,Inhibitor effect,WSN_PP1 vs WSN,Cdh23,ENSMUSG00000012819,Downregulated,-2.827,2.827,5.39e-04,protein_coding,10,cadherin related 23 (otocadherin)
AM,Inhibitor effect,WSN_PP1 vs WSN,Gm46657,ENSMUSG00000139820,Upregulated,2.271,2.271,5.45e-04,lncRNA,19,46657
AM,Inhibitor effect,WSN_PP1 vs WSN,Itgad,ENSMUSG00000070369,Upregulated,3.313,3.313,5.54e-04,protein_coding,7,"integrin, alpha D"
AM,Inhibitor effect,WSN_PP1 vs WSN,Macf1,ENSMUSG00000028649,Downregulated,-2.187,2.187,5.80e-04,protein_coding,4,microtubule-actin crosslinking factor 1
AM,Inhibitor effect,WSN_PP1 vs WSN,Cox6a2,ENSMUSG00000030785,Downregulated,-2.979,2.979,5.83e-04,protein_coding,7,cytochrome c oxidase subunit 6A2
AM,Inhibitor effect,WSN_PP1 vs WSN,Arid3b,ENSMUSG00000004661,Downregulated,-2.539,2.539,5.92e-04,protein_coding,9,AT-rich interaction domain 3B
AM,Inhibitor effect,WSN_PP1 vs WSN,Usp35,ENSMUSG00000035713,Downregulated,-3.331,3.331,5.96e-04,protein_coding,7,ubiquitin specific peptidase 35
AM,Inhibitor effect,WSN_PP1 vs WSN,C87436,ENSMUSG00000046679,Downregulated,-2.15,2.15,6.11e-04,protein_coding,6,expressed sequence C87436
AM,Inhibitor effect,WSN_PP1 vs WSN,Calhm6,ENSMUSG00000046031,Upregulated,2.953,2.953,6.13e-04,protein_coding,10,calcium homeostasis modulator family member 6
AM,Inhibitor effect,WSN_PP1 vs WSN,Slco2b1,ENSMUSG00000030737,Upregulated,6.46,6.46,6.13e-04,protein_coding,7,"solute carrier organic anion transporter family, member 2b1"
AM,Inhibitor effect,WSN_PP1 vs WSN,Mcoln3,ENSMUSG00000036853,Upregulated,3.958,3.958,6.13e-04,protein_coding,3,mucolipin 3
AM,Inhibitor effect,WSN_PP1 vs WSN,Tasor,ENSMUSG00000040651,Downregulated,-2.075,2.075,6.23e-04,protein_coding,14,transcription activation suppressor
AM,Inhibitor effect,WSN_PP1 vs WSN,Fabp4,ENSMUSG00000062515,Upregulated,2.043,2.043,6.34e-04,protein_coding,3,"fatty acid binding protein 4, adipocyte"
AM,Inhibitor effect,WSN_PP1 vs WSN,Ccl24,ENSMUSG00000004814,Upregulated,6.818,6.818,6.35e-04,protein_coding,5,C-C motif chemokine ligand 24
AM,Inhibitor effect,WSN_PP1 vs WSN,Gm49544,ENSMUSG00000116262,Downregulated,-2.972,2.972,6.37e-04,lncRNA,15,49544
AM,Inhibitor effect,WSN_PP1 vs WSN,Adgre4,ENSMUSG00000032915,Upregulated,3.676,3.676,6.58e-04,protein_coding,17,adhesion G protein-coupled receptor E4
AM,Inhibitor effect,WSN_PP1 vs WSN,Tnrc6c,ENSMUSG00000025571,Downregulated,-2.799,2.799,6.64e-04,protein_coding,11,trinucleotide repeat containing 6C
AM,Inhibitor effect,WSN_PP1 vs WSN,P2ry12,ENSMUSG00000036353,Upregulated,2.748,2.748,6.72e-04,protein_coding,3,"purinergic receptor P2Y, G-protein coupled 12"
AM,Inhibitor effect,WSN_PP1 vs WSN,Serinc5,ENSMUSG00000021703,Upregulated,2.125,2.125,6.76e-04,protein_coding,13,serine incorporator 5
AM,Inhibitor effect,WSN_PP1 vs WSN,Shisa3,ENSMUSG00000050010,Downregulated,-2.467,2.467,6.79e-04,protein_coding,5,shisa family member 3
AM,Inhibitor effect,WSN_PP1 vs WSN,Gm26542,ENSMUSG00000097887,Upregulated,2.797,2.797,6.83e-04,lncRNA,11,26542
AM,Inhibitor effect,WSN_PP1 vs WSN,Ptpro,ENSMUSG00000030223,Upregulated,2.719,2.719,6.87e-04,protein_coding,6,protein tyrosine phosphatase receptor type O
AM,Inhibitor effect,WSN_PP1 vs WSN,Kmt2e,ENSMUSG00000029004,Downregulated,-2.122,2.122,6.87e-04,protein_coding,5,lysine (K)-specific methyltransferase 2E
AM,Inhibitor effect,WSN_PP1 vs WSN,Mex3d,ENSMUSG00000048696,Downregulated,-2.616,2.616,7.00e-04,protein_coding,10,mex3 RNA binding family member D
AM,Inhibitor effect,WSN_PP1 vs WSN,Vsig4,ENSMUSG00000044206,Upregulated,6.796,6.796,7.02e-04,protein_coding,X,V-set and immunoglobulin domain containing 4
AM,Inhibitor effect,WSN_PP1 vs WSN,Rev3l,ENSMUSG00000019841,Downregulated,-3.797,3.797,7.20e-04,protein_coding,10,"REV3 like, DNA directed polymerase zeta catalytic subunit"
AM,Inhibitor effect,WSN_PP1 vs WSN,Ice1,ENSMUSG00000034525,Downregulated,-2.576,2.576,7.21e-04,protein_coding,13,interactor of little elongation complex ELL subunit 1
AM,Inhibitor effect,WSN_PP1 vs WSN,Bdp1,ENSMUSG00000049658,Downregulated,-2.14,2.14,7.26e-04,protein_coding,13,"B double prime 1, subunit of RNA polymerase III transcription initiation factor IIIB"
AM,Inhibitor effect,WSN_PP1 vs WSN,Tet2,ENSMUSG00000040943,Downregulated,-2.765,2.765,7.27e-04,protein_coding,3,tet methylcytosine dioxygenase 2
AM,Inhibitor effect,WSN_PP1 vs WSN,Gm56633,ENSMUSG00000120136,Downregulated,-3.812,3.812,7.41e-04,lncRNA,19,56633
AM,Inhibitor effect,WSN_PP1 vs WSN,Gm48583,ENSMUSG00000114277,Upregulated,2.257,2.257,7.50e-04,processed_pseudogene,13,48583
AM,Inhibitor effect,WSN_PP1 vs WSN,Rif1,ENSMUSG00000036202,Downregulated,-2.774,2.774,7.53e-04,protein_coding,2,replication timing regulatory factor 1
AM,Inhibitor effect,WSN_PP1 vs WSN,Cdc42bpg,ENSMUSG00000024769,Downregulated,-2.719,2.719,7.61e-04,protein_coding,19,CDC42 binding protein kinase gamma
AM,Inhibitor effect,WSN_PP1 vs WSN,Evpl,ENSMUSG00000034282,Downregulated,-5.109,5.109,7.66e-04,protein_coding,11,envoplakin
AM,Inhibitor effect,WSN_PP1 vs WSN,Rasgef1b,ENSMUSG00000089809,Upregulated,2.169,2.169,7.66e-04,protein_coding,5,"RasGEF domain family, member 1B"
AM,Inhibitor effect,WSN_PP1 vs WSN,Zcchc4,ENSMUSG00000029179,Downregulated,-2.099,2.099,7.73e-04,protein_coding,5,"zinc finger, CCHC domain containing 4"
AM,Inhibitor effect,WSN_PP1 vs WSN,Usp37,ENSMUSG00000033364,Downregulated,-2.017,2.017,7.84e-04,protein_coding,1,ubiquitin specific peptidase 37
AM,Inhibitor effect,WSN_PP1 vs WSN,Gm30489,ENSMUSG00000114329,Upregulated,6.756,6.756,7.98e-04,lncRNA,13,30489
AM,Inhibitor effect,WSN_PP1 vs WSN,Tmem25,ENSMUSG00000002032,Downregulated,-3.565,3.565,8.04e-04,protein_coding,9,transmembrane protein 25
AM,Inhibitor effect,WSN_PP1 vs WSN,Cemip,ENSMUSG00000052353,Downregulated,-2.336,2.336,8.04e-04,protein_coding,7,"cell migration inducing protein, hyaluronan binding"
AM,Inhibitor effect,WSN_PP1 vs WSN,Pdcd7,ENSMUSG00000041837,Downregulated,-3.045,3.045,8.04e-04,protein_coding,9,programmed cell death 7
AM,Inhibitor effect,WSN_PP1 vs WSN,Mir100hg,ENSMUSG00000074415,Downregulated,-2.563,2.563,8.11e-04,lncRNA,9,Mir100 Mirlet7a-2 Mir125b-1 cluster host gene
AM,Inhibitor effect,WSN_PP1 vs WSN,Ighv4-1,ENSMUSG00000076655,Downregulated,-5.699,5.699,8.39e-04,IG_V_gene,12,immunoglobulin heavy variable 4-1
AM,Inhibitor effect,WSN_PP1 vs WSN,Gm69061,ENSMUSG00000135730,Downregulated,-6.178,6.178,8.46e-04,lncRNA,9,69061
AM,Inhibitor effect,WSN_PP1 vs WSN,Gm41442,ENSMUSG00000116946,Downregulated,-2.377,2.377,8.51e-04,lncRNA,16,41442
AM,Inhibitor effect,WSN_PP1 vs WSN,Trrap,ENSMUSG00000045482,Downregulated,-2.166,2.166,8.80e-04,protein_coding,5,transformation/transcription domain-associated protein
AM,Inhibitor effect,WSN_PP1 vs WSN,Padi4,ENSMUSG00000025330,Upregulated,3.411,3.411,8.93e-04,protein_coding,4,"peptidyl arginine deiminase, type IV"
AM,Inhibitor effect,WSN_PP1 vs WSN,Gm43109,ENSMUSG00000104653,Upregulated,2.154,2.154,8.96e-04,lncRNA,3,predicted gene 43109
AM,Inhibitor effect,WSN_PP1 vs WSN,Lbp,ENSMUSG00000016024,Downregulated,-2.684,2.684,9.04e-04,protein_coding,2,lipopolysaccharide binding protein
AM,Inhibitor effect,WSN_PP1 vs WSN,Ighg1,ENSMUSG00000076614,Downregulated,-2.486,2.486,9.21e-04,IG_C_gene,12,immunoglobulin heavy constant gamma 1 (G1m marker)
AM,Inhibitor effect,WSN_PP1 vs WSN,Fyco1,ENSMUSG00000025241,Downregulated,-2.206,2.206,9.24e-04,protein_coding,9,FYVE and coiled-coil domain containing 1
AM,Inhibitor effect,WSN_PP1 vs WSN,Taok2,ENSMUSG00000059981,Downregulated,-2.378,2.378,9.44e-04,protein_coding,7,TAO kinase 2
AM,Inhibitor effect,WSN_PP1 vs WSN,C4b,ENSMUSG00000073418,Downregulated,-4.664,4.664,9.52e-04,protein_coding,17,complement C4B (Chido blood group)
AM,Inhibitor effect,WSN_PP1 vs WSN,Gpr84,ENSMUSG00000063234,Upregulated,2.72,2.72,9.55e-04,protein_coding,15,G protein-coupled receptor 84
AM,Inhibitor effect,WSN_PP1 vs WSN,Cd82,ENSMUSG00000027215,Upregulated,2.253,2.253,9.79e-04,protein_coding,2,CD82 antigen
AM,Inhibitor effect,WSN_PP1 vs WSN,Gm12531,ENSMUSG00000086090,Downregulated,-2.508,2.508,9.81e-04,lncRNA,3,predicted gene 12531
AM,Inhibitor effect,WSN_PP1 vs WSN,Upf1,ENSMUSG00000058301,Downregulated,-2.28,2.28,1.01e-03,protein_coding,8,UPF1 RNA helicase and ATPase
AM,Inhibitor effect,WSN_PP1 vs WSN,Sfrp4,ENSMUSG00000021319,Upregulated,3.464,3.464,1.02e-03,protein_coding,13,secreted frizzled-related protein 4
AM,Inhibitor effect,WSN_PP1 vs WSN,Igkv4-78,ENSMUSG00000094315,Upregulated,6.549,6.549,1.03e-03,IG_V_gene,6,immunoglobulin kappa variable 4-78
AM,Inhibitor effect,WSN_PP1 vs WSN,Bod1l,ENSMUSG00000061755,Downregulated,-2.485,2.485,1.04e-03,protein_coding,5,biorientation of chromosomes in cell division 1-like
AM,Inhibitor effect,WSN_PP1 vs WSN,Sv2a,ENSMUSG00000038486,Downregulated,-6.082,6.082,1.04e-03,protein_coding,3,synaptic vesicle glycoprotein 2a
AM,Inhibitor effect,WSN_PP1 vs WSN,Brpf3,ENSMUSG00000063952,Downregulated,-2.19,2.19,1.05e-03,protein_coding,17,"bromodomain and PHD finger containing, 3"
AM,Inhibitor effect,WSN_PP1 vs WSN,Papolg,ENSMUSG00000020273,Downregulated,-2.617,2.617,1.05e-03,protein_coding,11,poly(A) polymerase gamma
AM,Inhibitor effect,WSN_PP1 vs WSN,Tnxb,ENSMUSG00000033327,Downregulated,-5.211,5.211,1.05e-03,protein_coding,17,tenascin XB
AM,Inhibitor effect,WSN_PP1 vs WSN,Gpr35,ENSMUSG00000026271,Downregulated,-2.415,2.415,1.05e-03,protein_coding,1,G protein-coupled receptor 35
AM,Inhibitor effect,WSN_PP1 vs WSN,Gm13535,ENSMUSG00000084292,Downregulated,-2.256,2.256,1.05e-03,processed_pseudogene,2,predicted gene 13535
AM,Inhibitor effect,WSN_PP1 vs WSN,Cpne9,ENSMUSG00000030270,Downregulated,-3.296,3.296,1.05e-03,protein_coding,6,copine family member IX
AM,Inhibitor effect,WSN_PP1 vs WSN,Gm68493,ENSMUSG00000141552,Upregulated,2.068,2.068,1.07e-03,lncRNA,6,68493
AM,Inhibitor effect,WSN_PP1 vs WSN,Gm32643,ENSMUSG00000137137,Upregulated,2.803,2.803,1.07e-03,lncRNA,8,32643
AM,Inhibitor effect,WSN_PP1 vs WSN,Nxpe4,ENSMUSG00000044229,Downregulated,-2.948,2.948,1.08e-03,protein_coding,9,"neurexophilin and PC-esterase domain family, member 4"
AM,Inhibitor effect,WSN_PP1 vs WSN,Trim39,ENSMUSG00000045409,Downregulated,-2.767,2.767,1.08e-03,protein_coding,17,tripartite motif-containing 39
AM,Inhibitor effect,WSN_PP1 vs WSN,Emp1,ENSMUSG00000030208,Upregulated,2.325,2.325,1.09e-03,protein_coding,6,epithelial membrane protein 1
AM,Inhibitor effect,WSN_PP1 vs WSN,Rtl8b,ENSMUSG00000067924,Upregulated,2.248,2.248,1.09e-03,protein_coding,X,retrotransposon Gag like 8B
AM,Inhibitor effect,WSN_PP1 vs WSN,Cdc25a,ENSMUSG00000032477,Downregulated,-2.311,2.311,1.09e-03,protein_coding,9,cell division cycle 25A
AM,Inhibitor effect,WSN_PP1 vs WSN,Gm9821,ENSMUSG00000095332,Downregulated,-6.29,6.29,1.09e-03,lncRNA,2,predicted gene 9821
AM,Inhibitor effect,WSN_PP1 vs WSN,Gm72678,ENSMUSG00000131088,Downregulated,-2.135,2.135,1.10e-03,lncRNA,7,72678
AM,Inhibitor effect,WSN_PP1 vs WSN,Pdgfc,ENSMUSG00000028019,Upregulated,2.124,2.124,1.10e-03,protein_coding,3,"platelet-derived growth factor, C polypeptide"
AM,Inhibitor effect,WSN_PP1 vs WSN,Gm48702,ENSMUSG00000110750,Downregulated,-3.222,3.222,1.10e-03,lncRNA,9,48702
AM,Inhibitor effect,WSN_PP1 vs WSN,Vash2,ENSMUSG00000037568,Downregulated,-4.787,4.787,1.10e-03,protein_coding,1,vasohibin 2
AM,Inhibitor effect,WSN_PP1 vs WSN,Gm28661,ENSMUSG00000102070,Upregulated,2.214,2.214,1.11e-03,unprocessed_pseudogene,1,predicted gene 28661
AM,Inhibitor effect,WSN_PP1 vs WSN,Eif2ak3,ENSMUSG00000031668,Downregulated,-2.2,2.2,1.11e-03,protein_coding,6,eukaryotic translation initiation factor 2 alpha kinase 3
AM,Inhibitor effect,WSN_PP1 vs WSN,Eepd1,ENSMUSG00000036611,Downregulated,-2.742,2.742,1.12e-03,protein_coding,9,endonuclease/exonuclease/phosphatase family domain containing 1
AM,Inhibitor effect,WSN_PP1 vs WSN,Zfp445,ENSMUSG00000047036,Downregulated,-2.048,2.048,1.13e-03,protein_coding,9,zinc finger protein 445
AM,Inhibitor effect,WSN_PP1 vs WSN,Gm51705,ENSMUSG00000137685,Upregulated,2.243,2.243,1.13e-03,lncRNA,9,51705
AM,Inhibitor effect,WSN_PP1 vs WSN,Slc46a3,ENSMUSG00000029650,Upregulated,2.46,2.46,1.13e-03,protein_coding,5,"solute carrier family 46, member 3"
AM,Inhibitor effect,WSN_PP1 vs WSN,Tnc,ENSMUSG00000028364,Downregulated,-2.5,2.5,1.15e-03,protein_coding,4,tenascin C
AM,Inhibitor effect,WSN_PP1 vs WSN,mt-Atp6,ENSMUSG00000064357,Upregulated,2.696,2.696,1.15e-03,protein_coding,MT,mitochondrially encoded ATP synthase 6
AM,Inhibitor effect,WSN_PP1 vs WSN,Snapc4,ENSMUSG00000036281,Downregulated,-3.153,3.153,1.15e-03,protein_coding,2,"small nuclear RNA activating complex, polypeptide 4"
AM,Inhibitor effect,WSN_PP1 vs WSN,Gm69625,ENSMUSG00000123982,Upregulated,4.167,4.167,1.16e-03,lncRNA,1,69625
AM,Inhibitor effect,WSN_PP1 vs WSN,Gm45894,ENSMUSG00000110440,Downregulated,-3.769,3.769,1.16e-03,lncRNA,8,predicted gene 45894
AM,Inhibitor effect,WSN_PP1 vs WSN,Hmga2-ps1,ENSMUSG00000121135,Downregulated,-3.282,3.282,1.17e-03,lncRNA,1,"high mobility group AT-hook 2, pseudogene 1"
AM,Inhibitor effect,WSN_PP1 vs WSN,Gm65543,ENSMUSG00000135246,Upregulated,2.395,2.395,1.18e-03,lncRNA,3,65543
AM,Inhibitor effect,WSN_PP1 vs WSN,Gm68032,ENSMUSG00000143617,Downregulated,-2.596,2.596,1.21e-03,lncRNA,10,68032
AM,Inhibitor effect,WSN_PP1 vs WSN,Ccdc194,ENSMUSG00000108900,Downregulated,-5.077,5.077,1.21e-03,protein_coding,8,coiled-coil domain containing 194
AM,Inhibitor effect,WSN_PP1 vs WSN,Tcap,ENSMUSG00000007877,Downregulated,-4.856,4.856,1.21e-03,protein_coding,11,titin-cap
AM,Inhibitor effect,WSN_PP1 vs WSN,Hspb8,ENSMUSG00000041548,Downregulated,-3.115,3.115,1.21e-03,protein_coding,5,heat shock protein 8
AM,Inhibitor effect,WSN_PP1 vs WSN,Abhd14b,ENSMUSG00000042073,Upregulated,2.001,2.001,1.22e-03,protein_coding,9,abhydrolase domain containing 14b
AM,Inhibitor effect,WSN_PP1 vs WSN,Rspo2,ENSMUSG00000051920,Upregulated,2.684,2.684,1.22e-03,protein_coding,15,R-spondin 2
AM,Inhibitor effect,WSN_PP1 vs WSN,Slc30a4,ENSMUSG00000005802,Upregulated,2.526,2.526,1.24e-03,protein_coding,2,"solute carrier family 30 (zinc transporter), member 4"
AM,Inhibitor effect,WSN_PP1 vs WSN,Mir142b,ENSMUSG00000065420,Downregulated,-6.223,6.223,1.25e-03,miRNA,11,microRNA 142b
AM,Inhibitor effect,WSN_PP1 vs WSN,Cramp1,ENSMUSG00000038002,Downregulated,-2.88,2.88,1.26e-03,protein_coding,17,cramped chromatin regulator 1
AM,Inhibitor effect,WSN_PP1 vs WSN,Gm64317,ENSMUSG00000139343,Upregulated,2.303,2.303,1.26e-03,lncRNA,8,64317
AM,Inhibitor effect,WSN_PP1 vs WSN,Il1rl1,ENSMUSG00000026069,Downregulated,-4.72,4.72,1.27e-03,protein_coding,1,interleukin 1 receptor-like 1
AM,Inhibitor effect,WSN_PP1 vs WSN,Rapsn,ENSMUSG00000002104,Upregulated,2.907,2.907,1.27e-03,protein_coding,2,receptor-associated protein of the synapse
AM,Inhibitor effect,WSN_PP1 vs WSN,Ifitm7,ENSMUSG00000065968,Downregulated,-4.297,4.297,1.27e-03,protein_coding,16,interferon induced transmembrane protein 7
AM,Inhibitor effect,WSN_PP1 vs WSN,Psma5-ps,ENSMUSG00000050490,Upregulated,2.123,2.123,1.27e-03,processed_pseudogene,10,"proteasome subunit alpha 5, pseudogene"
AM,Inhibitor effect,WSN_PP1 vs WSN,Syce2,ENSMUSG00000003824,Upregulated,2.085,2.085,1.28e-03,protein_coding,8,synaptonemal complex central element protein 2
AM,Inhibitor effect,WSN_PP1 vs WSN,Dnah10,ENSMUSG00000038011,Downregulated,-4.945,4.945,1.30e-03,protein_coding,5,"dynein, axonemal, heavy chain 10"
AM,Inhibitor effect,WSN_PP1 vs WSN,Gm56993,ENSMUSG00000120804,Downregulated,-5.393,5.393,1.31e-03,lncRNA,10,56993
AM,Inhibitor effect,WSN_PP1 vs WSN,Il27,ENSMUSG00000044701,Upregulated,4.247,4.247,1.32e-03,protein_coding,7,interleukin 27
AM,Inhibitor effect,WSN_PP1 vs WSN,Crispld2,ENSMUSG00000031825,Downregulated,-6.026,6.026,1.34e-03,protein_coding,8,cysteine-rich secretory protein LCCL domain containing 2
AM,Inhibitor effect,WSN_PP1 vs WSN,Fcho1,ENSMUSG00000070000,Downregulated,-3.216,3.216,1.36e-03,protein_coding,8,FCH domain only 1
AM,Inhibitor effect,WSN_PP1 vs WSN,Gm34702,ENSMUSG00000140290,Upregulated,2.016,2.016,1.37e-03,lncRNA,14,34702
AM,Inhibitor effect,WSN_PP1 vs WSN,Snx29,ENSMUSG00000071669,Downregulated,-2.002,2.002,1.37e-03,protein_coding,16,sorting nexin 29
AM,Inhibitor effect,WSN_PP1 vs WSN,Trim29,ENSMUSG00000032013,Upregulated,4.583,4.583,1.41e-03,protein_coding,9,tripartite motif-containing 29
AM,Inhibitor effect,WSN_PP1 vs WSN,Igkv3-2,ENSMUSG00000095351,Upregulated,2.834,2.834,1.41e-03,IG_V_gene,6,immunoglobulin kappa variable 3-2
AM,Inhibitor effect,WSN_PP1 vs WSN,Gm71490,ENSMUSG00000126761,Upregulated,2.093,2.093,1.41e-03,lncRNA,5,71490
AM,Inhibitor effect,WSN_PP1 vs WSN,Gpr31b,ENSMUSG00000071311,Downregulated,-2.487,2.487,1.42e-03,protein_coding,17,"G protein-coupled receptor 31, D17Leh66b region"
AM,Inhibitor effect,WSN_PP1 vs WSN,Usf3,ENSMUSG00000068284,Downregulated,-2.484,2.484,1.42e-03,protein_coding,16,upstream transcription factor family member 3
AM,Inhibitor effect,WSN_PP1 vs WSN,Cfap70,ENSMUSG00000039543,Downregulated,-6.048,6.048,1.44e-03,protein_coding,14,cilia and flagella associated protein 70
AM,Inhibitor effect,WSN_PP1 vs WSN,Ccn3,ENSMUSG00000037362,Upregulated,4.194,4.194,1.44e-03,protein_coding,15,cellular communication network factor 3
AM,Inhibitor effect,WSN_PP1 vs WSN,Cdkn2aip,ENSMUSG00000038069,Downregulated,-2.019,2.019,1.44e-03,protein_coding,8,CDKN2A interacting protein
AM,Inhibitor effect,WSN_PP1 vs WSN,Gm7204,ENSMUSG00000048164,Upregulated,2.364,2.364,1.45e-03,processed_pseudogene,16,predicted pseudogene 7204
AM,Inhibitor effect,WSN_PP1 vs WSN,Rai1,ENSMUSG00000062115,Downregulated,-2.268,2.268,1.45e-03,protein_coding,11,retinoic acid induced 1
AM,Inhibitor effect,WSN_PP1 vs WSN,Gm2848,ENSMUSG00000120488,Downregulated,-4.168,4.168,1.46e-03,lncRNA,13,predicted gene 2848
AM,Inhibitor effect,WSN_PP1 vs WSN,Zfp866,ENSMUSG00000043090,Downregulated,-3.29,3.29,1.46e-03,protein_coding,8,zinc finger protein 866
AM,Inhibitor effect,WSN_PP1 vs WSN,mt-Rnr2,ENSMUSG00000064339,Upregulated,2.216,2.216,1.46e-03,Mt_rRNA,MT,mitochondrially encoded 16S rRNA
AM,Inhibitor effect,WSN_PP1 vs WSN,Firre,ENSMUSG00000085396,Downregulated,-3.72,3.72,1.50e-03,lncRNA,X,functional intergenic repeating RNA element
AM,Inhibitor effect,WSN_PP1 vs WSN,Mcmdc2,ENSMUSG00000046101,Downregulated,-2.052,2.052,1.51e-03,protein_coding,1,minichromosome maintenance domain containing 2
AM,Inhibitor effect,WSN_PP1 vs WSN,Nol8,ENSMUSG00000021392,Downregulated,-2.138,2.138,1.52e-03,protein_coding,13,nucleolar protein 8
AM,Inhibitor effect,WSN_PP1 vs WSN,Gm36279,ENSMUSG00000117393,Downregulated,-2.394,2.394,1.52e-03,lncRNA,17,36279
AM,Inhibitor effect,WSN_PP1 vs WSN,Gcg,ENSMUSG00000000394,Downregulated,-3.43,3.43,1.52e-03,protein_coding,2,glucagon
AM,Inhibitor effect,WSN_PP1 vs WSN,Gm32834,ENSMUSG00000112959,Upregulated,4.012,4.012,1.53e-03,lncRNA,13,32834
AM,Inhibitor effect,WSN_PP1 vs WSN,Chrdl1,ENSMUSG00000031283,Upregulated,2.827,2.827,1.54e-03,protein_coding,X,chordin-like 1
AM,Inhibitor effect,WSN_PP1 vs WSN,Arhgap27os1,ENSMUSG00000085733,Downregulated,-5.571,5.571,1.54e-03,lncRNA,11,"Rho GTPase activating protein 27, opposite strand 1"
AM,Inhibitor effect,WSN_PP1 vs WSN,Upk3b,ENSMUSG00000042985,Downregulated,-5.38,5.38,1.56e-03,protein_coding,5,uroplakin 3B
AM,Inhibitor effect,WSN_PP1 vs WSN,Vstm2a,ENSMUSG00000048834,Upregulated,4.719,4.719,1.57e-03,protein_coding,11,V-set and transmembrane domain containing 2A
AM,Inhibitor effect,WSN_PP1 vs WSN,Fam185a,ENSMUSG00000047221,Downregulated,-2.515,2.515,1.57e-03,protein_coding,5,"family with sequence similarity 185, member A"
AM,Inhibitor effect,WSN_PP1 vs WSN,Ccdc154,ENSMUSG00000059562,Downregulated,-5.501,5.501,1.59e-03,protein_coding,17,coiled-coil domain containing 154
AM,Inhibitor effect,WSN_PP1 vs WSN,Them6,ENSMUSG00000056665,Upregulated,2.254,2.254,1.61e-03,protein_coding,15,thioesterase superfamily member 6
AM,Inhibitor effect,WSN_PP1 vs WSN,Trim24,ENSMUSG00000029833,Downregulated,-2.096,2.096,1.61e-03,protein_coding,6,tripartite motif-containing 24
AM,Inhibitor effect,WSN_PP1 vs WSN,Krtcap3,ENSMUSG00000029149,Downregulated,-5.316,5.316,1.63e-03,protein_coding,5,keratinocyte associated protein 3
AM,Inhibitor effect,WSN_PP1 vs WSN,Gm68204,ENSMUSG00000127514,Downregulated,-2.991,2.991,1.65e-03,lncRNA,9,68204
AM,Inhibitor effect,WSN_PP1 vs WSN,1700003M07Rik,ENSMUSG00000085389,Downregulated,-8.571,8.571,1.65e-03,lncRNA,4,1700003M07 gene
AM,Inhibitor effect,WSN_PP1 vs WSN,Casp8ap2,ENSMUSG00000028282,Downregulated,-3.398,3.398,1.69e-03,protein_coding,4,caspase 8 associated protein 2
AM,Inhibitor effect,WSN_PP1 vs WSN,Zfp729b,ENSMUSG00000058093,Downregulated,-2.114,2.114,1.70e-03,protein_coding,13,zinc finger protein 729b
AM,Inhibitor effect,WSN_PP1 vs WSN,Ephx2,ENSMUSG00000022040,Upregulated,3.603,3.603,1.72e-03,protein_coding,14,"epoxide hydrolase 2, cytoplasmic"
AM,Inhibitor effect,WSN_PP1 vs WSN,Gm12940,ENSMUSG00000085334,Downregulated,-2.937,2.937,1.73e-03,lncRNA,4,predicted gene 12940
AM,Inhibitor effect,WSN_PP1 vs WSN,Ifi44l,ENSMUSG00000039146,Upregulated,2.834,2.834,1.74e-03,protein_coding,3,interferon-induced protein 44 like
AM,Inhibitor effect,WSN_PP1 vs WSN,Slamf1,ENSMUSG00000015316,Upregulated,2.928,2.928,1.78e-03,protein_coding,1,signaling lymphocytic activation molecule family member 1
AM,Inhibitor effect,WSN_PP1 vs WSN,Ism1,ENSMUSG00000074766,Downregulated,-2.981,2.981,1.80e-03,protein_coding,2,"isthmin 1, angiogenesis inhibitor"
AM,Inhibitor effect,WSN_PP1 vs WSN,A530013C23Rik,ENSMUSG00000006462,Downregulated,-2.959,2.959,1.81e-03,lncRNA,2,A530013C23 gene
AM,Inhibitor effect,WSN_PP1 vs WSN,Zbtb34,ENSMUSG00000068966,Downregulated,-2.089,2.089,1.81e-03,protein_coding,2,zinc finger and BTB domain containing 34
AM,Inhibitor effect,WSN_PP1 vs WSN,Zfp704,ENSMUSG00000040209,Downregulated,-2.52,2.52,1.81e-03,protein_coding,3,zinc finger protein 704
AM,Inhibitor effect,WSN_PP1 vs WSN,Angptl3,ENSMUSG00000028553,Downregulated,-3.649,3.649,1.82e-03,protein_coding,4,angiopoietin-like 3
AM,Inhibitor effect,WSN_PP1 vs WSN,Lonrf1,ENSMUSG00000039633,Downregulated,-2.811,2.811,1.88e-03,protein_coding,8,LON peptidase N-terminal domain and ring finger 1
AM,Inhibitor effect,WSN_PP1 vs WSN,Cyp2j6,ENSMUSG00000052914,Upregulated,2.167,2.167,1.88e-03,protein_coding,4,"cytochrome P450, family 2, subfamily j, polypeptide 6"
AM,Inhibitor effect,WSN_PP1 vs WSN,Pde1c,ENSMUSG00000004347,Upregulated,6.719,6.719,1.89e-03,protein_coding,6,phosphodiesterase 1C
AM,Inhibitor effect,WSN_PP1 vs WSN,Apbb3,ENSMUSG00000117679,Downregulated,-2.9,2.9,1.89e-03,protein_coding,18,amyloid beta precursor protein binding family B member 3
AM,Inhibitor effect,WSN_PP1 vs WSN,Trim30b,ENSMUSG00000052749,Downregulated,-3.465,3.465,1.90e-03,protein_coding,7,tripartite motif-containing 30B
AM,Inhibitor effect,WSN_PP1 vs WSN,Idi1,ENSMUSG00000058258,Upregulated,3.204,3.204,1.92e-03,protein_coding,13,isopentenyl-diphosphate delta isomerase
AM,Inhibitor effect,WSN_PP1 vs WSN,Klhl21,ENSMUSG00000073700,Downregulated,-2.326,2.326,1.93e-03,protein_coding,4,kelch-like 21
AM,Inhibitor effect,WSN_PP1 vs WSN,Mmp10,ENSMUSG00000047562,Downregulated,-3.013,3.013,1.94e-03,protein_coding,9,matrix metallopeptidase 10
AM,Inhibitor effect,WSN_PP1 vs WSN,5430416N02Rik,ENSMUSG00000097772,Downregulated,-4.157,4.157,1.94e-03,lncRNA,5,5430416N02 gene
AM,Inhibitor effect,WSN_PP1 vs WSN,Dnmt1,ENSMUSG00000004099,Downregulated,-2.249,2.249,1.94e-03,protein_coding,9,DNA methyltransferase 1
AM,Inhibitor effect,WSN_PP1 vs WSN,Gm54266,ENSMUSG00000120187,Downregulated,-3.785,3.785,1.97e-03,lncRNA,4,54266
AM,Inhibitor effect,WSN_PP1 vs WSN,Gm34643,ENSMUSG00000115855,Downregulated,-2.663,2.663,1.97e-03,lncRNA,14,34643
AM,Inhibitor effect,WSN_PP1 vs WSN,Clec1b,ENSMUSG00000030159,Upregulated,2.06,2.06,2.01e-03,protein_coding,6,"C-type lectin domain family 1, member b"
AM,Inhibitor effect,WSN_PP1 vs WSN,Fam171b,ENSMUSG00000048388,Upregulated,3.104,3.104,2.02e-03,protein_coding,2,"family with sequence similarity 171, member B"
AM,Inhibitor effect,WSN_PP1 vs WSN,Slpi,ENSMUSG00000017002,Downregulated,-2.432,2.432,2.04e-03,protein_coding,2,secretory leukocyte peptidase inhibitor
AM,Inhibitor effect,WSN_PP1 vs WSN,Gm71939,ENSMUSG00000131889,Downregulated,-5.483,5.483,2.04e-03,lncRNA,5,71939
AM,Inhibitor effect,WSN_PP1 vs WSN,Tincr,ENSMUSG00000110218,Downregulated,-4.259,4.259,2.05e-03,protein_coding,17,TINCR ubiquitin domain containing
AM,Inhibitor effect,WSN_PP1 vs WSN,Ppargc1b,ENSMUSG00000033871,Downregulated,-5.356,5.356,2.06e-03,protein_coding,18,"peroxisome proliferative activated receptor, gamma, coactivator 1 beta"
AM,Inhibitor effect,WSN_PP1 vs WSN,Mbd6,ENSMUSG00000025409,Downregulated,-2.254,2.254,2.07e-03,protein_coding,10,methyl-CpG binding domain protein 6
AM,Inhibitor effect,WSN_PP1 vs WSN,Nup210l,ENSMUSG00000027939,Downregulated,-3.425,3.425,2.08e-03,protein_coding,3,nucleoporin 210-like
AM,Inhibitor effect,WSN_PP1 vs WSN,Ttf1,ENSMUSG00000026803,Downregulated,-2.247,2.247,2.08e-03,protein_coding,2,"transcription termination factor, RNA polymerase I"
AM,Inhibitor effect,WSN_PP1 vs WSN,Npat,ENSMUSG00000033054,Downregulated,-2.13,2.13,2.12e-03,protein_coding,9,nuclear protein in the AT region
AM,Inhibitor effect,WSN_PP1 vs WSN,9930111J21Rik2,ENSMUSG00000069892,Downregulated,-3.208,3.208,2.14e-03,protein_coding,11,9930111J21 gene 2
AM,Inhibitor effect,WSN_PP1 vs WSN,Zfp874b,ENSMUSG00000059839,Downregulated,-2.419,2.419,2.16e-03,protein_coding,13,zinc finger protein 874b
AM,Inhibitor effect,WSN_PP1 vs WSN,Gm40943,ENSMUSG00000132248,Downregulated,-2.394,2.394,2.17e-03,lncRNA,13,40943
AM,Inhibitor effect,WSN_PP1 vs WSN,Rhoc,ENSMUSG00000002233,Upregulated,2.16,2.16,2.26e-03,protein_coding,3,ras homolog family member C
AM,Inhibitor effect,WSN_PP1 vs WSN,Dclk1,ENSMUSG00000027797,Upregulated,2.344,2.344,2.29e-03,protein_coding,3,doublecortin-like kinase 1
AM,Inhibitor effect,WSN_PP1 vs WSN,Ppan,ENSMUSG00000004100,Downregulated,-2.246,2.246,2.31e-03,protein_coding,9,peter pan homolog
AM,Inhibitor effect,WSN_PP1 vs WSN,Gm31718,ENSMUSG00000110697,Downregulated,-3.011,3.011,2.32e-03,lncRNA,8,31718
AM,Inhibitor effect,WSN_PP1 vs WSN,Knstrn,ENSMUSG00000027331,Upregulated,3.176,3.176,2.32e-03,protein_coding,2,kinetochore-localized astrin/SPAG5 binding
AM,Inhibitor effect,WSN_PP1 vs WSN,Ptger2,ENSMUSG00000037759,Downregulated,-2.474,2.474,2.32e-03,protein_coding,14,prostaglandin E receptor 2 (subtype EP2)
AM,Inhibitor effect,WSN_PP1 vs WSN,1700021N21Rik,ENSMUSG00000087343,Upregulated,3.861,3.861,2.36e-03,lncRNA,4,1700021N21 gene
AM,Inhibitor effect,WSN_PP1 vs WSN,Efnb2,ENSMUSG00000001300,Downregulated,-2.569,2.569,2.36e-03,protein_coding,8,ephrin B2
AM,Inhibitor effect,WSN_PP1 vs WSN,Zmiz1os1,ENSMUSG00000087535,Downregulated,-2.719,2.719,2.38e-03,lncRNA,14,Zmiz1 opposite strand 1
AM,Inhibitor effect,WSN_PP1 vs WSN,Mrm1,ENSMUSG00000018405,Downregulated,-2.829,2.829,2.40e-03,protein_coding,11,mitochondrial rRNA methyltransferase 1
AM,Inhibitor effect,WSN_PP1 vs WSN,Gab3,ENSMUSG00000032750,Downregulated,-2.404,2.404,2.40e-03,protein_coding,X,growth factor receptor bound protein 2-associated protein 3
AM,Inhibitor effect,WSN_PP1 vs WSN,Zfp948,ENSMUSG00000067931,Downregulated,-2.164,2.164,2.42e-03,protein_coding,17,zinc finger protein 948
AM,Inhibitor effect,WSN_PP1 vs WSN,Rexo1,ENSMUSG00000047417,Downregulated,-2.114,2.114,2.42e-03,protein_coding,10,"REX1, RNA exonuclease 1"
AM,Inhibitor effect,WSN_PP1 vs WSN,Gm31482,ENSMUSG00000143958,Downregulated,-2.809,2.809,2.42e-03,lncRNA,12,31482
AM,Inhibitor effect,WSN_PP1 vs WSN,Rara,ENSMUSG00000037992,Downregulated,-2.213,2.213,2.47e-03,protein_coding,11,"retinoic acid receptor, alpha"
AM,Inhibitor effect,WSN_PP1 vs WSN,Tnrc6b,ENSMUSG00000047888,Downregulated,-2.305,2.305,2.48e-03,protein_coding,15,trinucleotide repeat containing 6b
AM,Inhibitor effect,WSN_PP1 vs WSN,Ifi47,ENSMUSG00000078920,Upregulated,2.217,2.217,2.48e-03,protein_coding,11,interferon gamma inducible protein 47
AM,Inhibitor effect,WSN_PP1 vs WSN,Bub1,ENSMUSG00000027379,Upregulated,2.797,2.797,2.50e-03,protein_coding,2,"BUB1, mitotic checkpoint serine/threonine kinase"
AM,Inhibitor effect,WSN_PP1 vs WSN,Slamf6,ENSMUSG00000015314,Downregulated,-2.065,2.065,2.50e-03,protein_coding,1,SLAM family member 6
AM,Inhibitor effect,WSN_PP1 vs WSN,Amy1,ENSMUSG00000074264,Downregulated,-5.634,5.634,2.51e-03,protein_coding,3,"amylase 1, salivary"
AM,Inhibitor effect,WSN_PP1 vs WSN,Fbln1,ENSMUSG00000006369,Downregulated,-2.742,2.742,2.60e-03,protein_coding,15,fibulin 1
AM,Inhibitor effect,WSN_PP1 vs WSN,Gm56496,ENSMUSG00000119977,Downregulated,-2.068,2.068,2.61e-03,lncRNA,18,56496
AM,Inhibitor effect,WSN_PP1 vs WSN,Tamm41,ENSMUSG00000030316,Upregulated,2.116,2.116,2.62e-03,protein_coding,6,TAM41 mitochondrial translocator assembly and maintenance homolog
AM,Inhibitor effect,WSN_PP1 vs WSN,Lfng,ENSMUSG00000029570,Downregulated,-2.037,2.037,2.65e-03,protein_coding,5,LFNG O-fucosylpeptide 3-beta-N-acetylglucosaminyltransferase
AM,Inhibitor effect,WSN_PP1 vs WSN,Iigp1,ENSMUSG00000054072,Upregulated,2.319,2.319,2.68e-03,protein_coding,18,interferon inducible GTPase 1
AM,Inhibitor effect,WSN_PP1 vs WSN,Gm70030,ENSMUSG00000126249,Upregulated,2.381,2.381,2.70e-03,lncRNA,1,70030
AM,Inhibitor effect,WSN_PP1 vs WSN,Anks3,ENSMUSG00000022515,Downregulated,-2.762,2.762,2.71e-03,protein_coding,16,ankyrin repeat and sterile alpha motif domain containing 3
AM,Inhibitor effect,WSN_PP1 vs WSN,Usp36,ENSMUSG00000033909,Downregulated,-2.105,2.105,2.76e-03,protein_coding,11,ubiquitin specific peptidase 36
AM,Inhibitor effect,WSN_PP1 vs WSN,Ccdc146,ENSMUSG00000064280,Downregulated,-5.107,5.107,2.77e-03,protein_coding,5,coiled-coil domain containing 146
AM,Inhibitor effect,WSN_PP1 vs WSN,Mycl,ENSMUSG00000028654,Upregulated,5.747,5.747,2.83e-03,protein_coding,4,v-myc avian myelocytomatosis viral oncogene lung carcinoma derived
AM,Inhibitor effect,WSN_PP1 vs WSN,Gm17147,ENSMUSG00000090939,Downregulated,-5.765,5.765,2.84e-03,processed_pseudogene,6,predicted gene 17147
AM,Inhibitor effect,WSN_PP1 vs WSN,Fmo5,ENSMUSG00000028088,Upregulated,2.377,2.377,2.84e-03,protein_coding,3,flavin containing monooxygenase 5
AM,Inhibitor effect,WSN_PP1 vs WSN,Il13ra2,ENSMUSG00000031289,Downregulated,-4.568,4.568,2.86e-03,protein_coding,X,"interleukin 13 receptor, alpha 2"
AM,Inhibitor effect,WSN_PP1 vs WSN,Gm26693,ENSMUSG00000097030,Downregulated,-5.209,5.209,2.87e-03,lncRNA,17,26693
AM,Inhibitor effect,WSN_PP1 vs WSN,Gm59119,ENSMUSG00000131178,Downregulated,-4.643,4.643,2.88e-03,lncRNA,19,59119
AM,Inhibitor effect,WSN_PP1 vs WSN,Areg,ENSMUSG00000029378,Downregulated,-5.326,5.326,2.89e-03,protein_coding,5,amphiregulin
AM,Inhibitor effect,WSN_PP1 vs WSN,Ankrd24,ENSMUSG00000054708,Downregulated,-2.889,2.889,2.90e-03,protein_coding,10,ankyrin repeat domain 24
AM,Inhibitor effect,WSN_PP1 vs WSN,Bend3,ENSMUSG00000038214,Downregulated,-2.133,2.133,2.90e-03,protein_coding,10,BEN domain containing 3
AM,Inhibitor effect,WSN_PP1 vs WSN,Csf3,ENSMUSG00000038067,Downregulated,-2.099,2.099,2.90e-03,protein_coding,11,colony stimulating factor 3 (granulocyte)
AM,Inhibitor effect,WSN_PP1 vs WSN,Rnf157,ENSMUSG00000052949,Downregulated,-2.006,2.006,2.93e-03,protein_coding,11,ring finger protein 157
AM,Inhibitor effect,WSN_PP1 vs WSN,Dennd6b,ENSMUSG00000015377,Downregulated,-2.662,2.662,2.97e-03,protein_coding,15,DENN domain containing 6B
AM,Inhibitor effect,WSN_PP1 vs WSN,Slc6a4,ENSMUSG00000020838,Upregulated,6.649,6.649,2.98e-03,protein_coding,11,"solute carrier family 6 (neurotransmitter transporter, serotonin), member 4"
AM,Inhibitor effect,WSN_PP1 vs WSN,Podnl1,ENSMUSG00000012889,Upregulated,2.478,2.478,3.00e-03,protein_coding,8,podocan-like 1
AM,Inhibitor effect,WSN_PP1 vs WSN,Gm75574,ENSMUSG00000140841,Upregulated,2.17,2.17,3.01e-03,lncRNA,2,75574
AM,Inhibitor effect,WSN_PP1 vs WSN,Colec11,ENSMUSG00000036655,Downregulated,-2.258,2.258,3.02e-03,protein_coding,12,collectin sub-family member 11
AM,Inhibitor effect,WSN_PP1 vs WSN,Zfc3h1,ENSMUSG00000034163,Downregulated,-2.074,2.074,3.08e-03,protein_coding,10,"zinc finger, C3H1-type containing"
AM,Inhibitor effect,WSN_PP1 vs WSN,Cfb,ENSMUSG00000090231,Downregulated,-2.685,2.685,3.08e-03,protein_coding,17,complement factor B
AM,Inhibitor effect,WSN_PP1 vs WSN,Gm13391,ENSMUSG00000086109,Downregulated,-3.155,3.155,3.12e-03,lncRNA,2,predicted gene 13391
AM,Inhibitor effect,WSN_PP1 vs WSN,Twist2,ENSMUSG00000007805,Downregulated,-3.122,3.122,3.12e-03,protein_coding,1,twist basic helix-loop-helix transcription factor 2
AM,Inhibitor effect,WSN_PP1 vs WSN,Chn2,ENSMUSG00000004633,Upregulated,4.446,4.446,3.15e-03,protein_coding,6,chimerin 2
AM,Inhibitor effect,WSN_PP1 vs WSN,Zfp523,ENSMUSG00000024220,Downregulated,-2.093,2.093,3.16e-03,protein_coding,17,zinc finger protein 523
AM,Inhibitor effect,WSN_PP1 vs WSN,Popdc2,ENSMUSG00000022803,Downregulated,-2.078,2.078,3.16e-03,protein_coding,16,popeye domain containing 2
AM,Inhibitor effect,WSN_PP1 vs WSN,Tcim,ENSMUSG00000056313,Downregulated,-4.001,4.001,3.19e-03,protein_coding,8,transcriptional and immune response regulator
AM,Inhibitor effect,WSN_PP1 vs WSN,Spen,ENSMUSG00000040761,Downregulated,-2.036,2.036,3.23e-03,protein_coding,4,spen family transcription repressor
AM,Inhibitor effect,WSN_PP1 vs WSN,Itgax,ENSMUSG00000030789,Upregulated,5.154,5.154,3.30e-03,protein_coding,7,integrin alpha X
AM,Inhibitor effect,WSN_PP1 vs WSN,Clec4b1,ENSMUSG00000030147,Upregulated,2.425,2.425,3.31e-03,protein_coding,6,"C-type lectin domain family 4, member b1"
AM,Inhibitor effect,WSN_PP1 vs WSN,Lxn,ENSMUSG00000047557,Upregulated,2.303,2.303,3.39e-03,protein_coding,3,latexin
AM,Inhibitor effect,WSN_PP1 vs WSN,Mtcl2,ENSMUSG00000055485,Downregulated,-2.414,2.414,3.40e-03,protein_coding,2,microtubule crosslinking factor 2
AM,Inhibitor effect,WSN_PP1 vs WSN,Anln,ENSMUSG00000036777,Upregulated,2.653,2.653,3.45e-03,protein_coding,9,"anillin, actin binding protein"
AM,Inhibitor effect,WSN_PP1 vs WSN,Edrf1,ENSMUSG00000039990,Downregulated,-2.212,2.212,3.53e-03,protein_coding,7,erythroid differentiation regulatory factor 1
AM,Inhibitor effect,WSN_PP1 vs WSN,Heatr9,ENSMUSG00000018925,Downregulated,-2.252,2.252,3.55e-03,protein_coding,11,HEAT repeat containing 9
AM,Inhibitor effect,WSN_PP1 vs WSN,Zfp142,ENSMUSG00000026135,Downregulated,-2.661,2.661,3.58e-03,protein_coding,1,zinc finger protein 142
AM,Inhibitor effect,WSN_PP1 vs WSN,Ralgps2,ENSMUSG00000026594,Downregulated,-2.738,2.738,3.64e-03,protein_coding,1,Ral GEF with PH domain and SH3 binding motif 2
AM,Inhibitor effect,WSN_PP1 vs WSN,Gm55094,ENSMUSG00002075524,Upregulated,2.735,2.735,3.66e-03,miRNA,9,55094
AM,Inhibitor effect,WSN_PP1 vs WSN,Il13ra1,ENSMUSG00000017057,Upregulated,2.474,2.474,3.74e-03,protein_coding,X,"interleukin 13 receptor, alpha 1"
AM,Inhibitor effect,WSN_PP1 vs WSN,Zfp553,ENSMUSG00000045598,Downregulated,-2.904,2.904,3.74e-03,protein_coding,7,zinc finger protein 553
AM,Inhibitor effect,WSN_PP1 vs WSN,Cyp26b1,ENSMUSG00000063415,Downregulated,-2.137,2.137,3.76e-03,protein_coding,6,"cytochrome P450, family 26, subfamily b, polypeptide 1"
AM,Inhibitor effect,WSN_PP1 vs WSN,Rbm12b2,ENSMUSG00000052137,Downregulated,-2.821,2.821,3.77e-03,protein_coding,4,RNA binding motif protein 12 B2
AM,Inhibitor effect,WSN_PP1 vs WSN,Plekha7,ENSMUSG00000045659,Downregulated,-3.483,3.483,3.78e-03,protein_coding,7,"pleckstrin homology domain containing, family A member 7"
AM,Inhibitor effect,WSN_PP1 vs WSN,Mzt2,ENSMUSG00000022671,Upregulated,2.061,2.061,3.91e-03,protein_coding,16,mitotic spindle organizing protein 2
AM,Inhibitor effect,WSN_PP1 vs WSN,Phactr1,ENSMUSG00000054728,Upregulated,2.147,2.147,3.92e-03,protein_coding,13,phosphatase and actin regulator 1
AM,Inhibitor effect,WSN_PP1 vs WSN,Plekhg3,ENSMUSG00000052609,Downregulated,-2.866,2.866,3.98e-03,protein_coding,12,"pleckstrin homology domain containing, family G (with RhoGef domain) member 3"
AM,Inhibitor effect,WSN_PP1 vs WSN,Syt8,ENSMUSG00000031098,Downregulated,-4.492,4.492,4.01e-03,protein_coding,7,synaptotagmin VIII
AM,Inhibitor effect,WSN_PP1 vs WSN,Cplane1,ENSMUSG00000039801,Downregulated,-2.167,2.167,4.02e-03,protein_coding,15,ciliogenesis and planar polarity effector 1
AM,Inhibitor effect,WSN_PP1 vs WSN,Tmem98,ENSMUSG00000035413,Upregulated,2.42,2.42,4.02e-03,protein_coding,11,transmembrane protein 98
AM,Inhibitor effect,WSN_PP1 vs WSN,Spmap1,ENSMUSG00000018543,Downregulated,-3.045,3.045,4.02e-03,protein_coding,11,sperm microtubule associated protein 1
AM,Inhibitor effect,WSN_PP1 vs WSN,Cpa3,ENSMUSG00000001865,Upregulated,3.761,3.761,4.08e-03,protein_coding,3,"carboxypeptidase A3, mast cell"
AM,Inhibitor effect,WSN_PP1 vs WSN,Il15,ENSMUSG00000031712,Upregulated,2.068,2.068,4.11e-03,protein_coding,8,interleukin 15
AM,Inhibitor effect,WSN_PP1 vs WSN,Serpinb1a,ENSMUSG00000044734,Upregulated,2.18,2.18,4.13e-03,protein_coding,13,"serine (or cysteine) peptidase inhibitor, clade B, member 1a"
AM,Inhibitor effect,WSN_PP1 vs WSN,Tnfsf4,ENSMUSG00000026700,Upregulated,2.691,2.691,4.16e-03,protein_coding,1,"tumor necrosis factor (ligand) superfamily, member 4"
AM,Inhibitor effect,WSN_PP1 vs WSN,Gm75614,ENSMUSG00000141454,Downregulated,-2.359,2.359,4.28e-03,lncRNA,2,75614
AM,Inhibitor effect,WSN_PP1 vs WSN,Tenm4,ENSMUSG00000048078,Upregulated,2.108,2.108,4.29e-03,protein_coding,7,teneurin transmembrane protein 4
AM,Inhibitor effect,WSN_PP1 vs WSN,Gm16268,ENSMUSG00000089959,Upregulated,5.96,5.96,4.52e-03,lncRNA,10,predicted gene 16268
AM,Inhibitor effect,WSN_PP1 vs WSN,Pacsin3,ENSMUSG00000027257,Downregulated,-2.493,2.493,4.53e-03,protein_coding,2,protein kinase C and casein kinase substrate in neurons 3
AM,Inhibitor effect,WSN_PP1 vs WSN,Gm60971,ENSMUSG00000139070,Upregulated,2.576,2.576,4.53e-03,lncRNA,16,60971
AM,Inhibitor effect,WSN_PP1 vs WSN,Def6,ENSMUSG00000002257,Downregulated,-2.013,2.013,4.53e-03,protein_coding,17,differentially expressed in FDCP 6
AM,Inhibitor effect,WSN_PP1 vs WSN,Rgs1,ENSMUSG00000026358,Downregulated,-2.021,2.021,4.55e-03,protein_coding,1,regulator of G-protein signaling 1
AM,Inhibitor effect,WSN_PP1 vs WSN,Zkscan8,ENSMUSG00000063894,Downregulated,-2.185,2.185,4.60e-03,protein_coding,13,zinc finger with KRAB and SCAN domains 8
AM,Inhibitor effect,WSN_PP1 vs WSN,ENSMUSG00000135654,ENSMUSG00000135654,Downregulated,-3.416,3.416,4.61e-03,lncRNA,5,novel transcript
AM,Inhibitor effect,WSN_PP1 vs WSN,Wnt6,ENSMUSG00000033227,Downregulated,-5.112,5.112,4.63e-03,protein_coding,1,"wingless-type MMTV integration site family, member 6"
AM,Inhibitor effect,WSN_PP1 vs WSN,Cdyl2,ENSMUSG00000031758,Upregulated,2.116,2.116,4.71e-03,protein_coding,8,"chromodomain protein, Y chromosome-like 2"
AM,Inhibitor effect,WSN_PP1 vs WSN,Sema6c,ENSMUSG00000038777,Downregulated,-3.432,3.432,4.73e-03,protein_coding,3,"sema domain, transmembrane domain (TM), and cytoplasmic domain, (semaphorin) 6C"
AM,Inhibitor effect,WSN_PP1 vs WSN,Ccdc57,ENSMUSG00000048445,Downregulated,-5.463,5.463,4.84e-03,protein_coding,11,coiled-coil domain containing 57
AM,Inhibitor effect,WSN_PP1 vs WSN,Orm1,ENSMUSG00000039196,Downregulated,-2.998,2.998,4.85e-03,protein_coding,4,orosomucoid 1
AM,Inhibitor effect,WSN_PP1 vs WSN,Il11,ENSMUSG00000004371,Downregulated,-7.728,7.728,4.86e-03,protein_coding,7,interleukin 11
AM,Inhibitor effect,WSN_PP1 vs WSN,Aknaos,ENSMUSG00000086953,Downregulated,-3.214,3.214,4.94e-03,lncRNA,4,"AT-hook transcription factor, opposite strand"
AM,Inhibitor effect,WSN_PP1 vs WSN,Aida,ENSMUSG00000042901,Upregulated,2.008,2.008,4.97e-03,protein_coding,1,"axin interactor, dorsalization associated"
AM,Inhibitor effect,WSN_PP1 vs WSN,Chd3,ENSMUSG00000018474,Downregulated,-2.507,2.507,4.97e-03,protein_coding,11,chromodomain helicase DNA binding protein 3
